/*
 Navicat Premium Data Transfer

 Source Server         : localhost_3306
 Source Server Type    : MySQL
 Source Server Version : 50626
 Source Host           : localhost:3306
 Source Schema         : fmmall2

 Target Server Type    : MySQL
 Target Server Version : 50626
 File Encoding         : 65001

 Date: 12/05/2021 23:16:45
*/

SET NAMES utf8mb4;
SET FOREIGN_KEY_CHECKS = 0;

-- ----------------------------
-- Table structure for category
-- ----------------------------
DROP TABLE IF EXISTS `category`;
CREATE TABLE `category`  (
  `category_id` int(11) NOT NULL AUTO_INCREMENT COMMENT '主键 分类id主键',
  `category_name` varchar(32) CHARACTER SET utf8 COLLATE utf8_general_ci NOT NULL COMMENT '分类名称 分类名称',
  `category_level` int(11) NOT NULL COMMENT '分类层级 分类得类型，\n1:一级大分类\n2:二级分类\n3:三级小分类',
  `parent_id` int(11) NOT NULL COMMENT '父层级id 父id 上一级依赖的id，1级分类则为0，二级三级分别依赖上一级',
  `category_icon` varchar(64) CHARACTER SET utf8 COLLATE utf8_general_ci NULL DEFAULT NULL COMMENT '图标 logo',
  `category_slogan` varchar(64) CHARACTER SET utf8 COLLATE utf8_general_ci NULL DEFAULT NULL COMMENT '口号',
  `category_pic` varchar(64) CHARACTER SET utf8 COLLATE utf8_general_ci NULL DEFAULT NULL COMMENT '分类图',
  `category_bg_color` varchar(32) CHARACTER SET utf8 COLLATE utf8_general_ci NULL DEFAULT NULL COMMENT '背景颜色',
  PRIMARY KEY (`category_id`) USING BTREE
) ENGINE = InnoDB AUTO_INCREMENT = 52 CHARACTER SET = utf8 COLLATE = utf8_general_ci COMMENT = '商品分类' ROW_FORMAT = Compact;

-- ----------------------------
-- Records of category
-- ----------------------------
INSERT INTO `category` VALUES (1, '点心/蛋糕', 1, 0, 'cake.png', '每一道甜品都有一个故事', 'act1.png', 'black');
INSERT INTO `category` VALUES (2, '饼干/膨化', 1, 0, 'cookies.png', '健康饮食远离我', 'act2.png', 'black');
INSERT INTO `category` VALUES (3, '熟食/肉类', 1, 0, 'meat.png', 'nice！nice！nice！', 'act3.png', 'black');
INSERT INTO `category` VALUES (4, '素食/卤味', 1, 0, 'bamboo.png', NULL, 'act1.png', 'black');
INSERT INTO `category` VALUES (5, '坚果/炒货', 1, 0, 'nut.png', '酥酥脆脆，回味无穷', 'act2.png', 'black');
INSERT INTO `category` VALUES (6, '糖果/蜜饯', 1, 0, 'candy.png', NULL, 'act3.png', 'black');
INSERT INTO `category` VALUES (7, '巧克力', 1, 0, 'chocolate.png', NULL, 'act1.png', 'black');
INSERT INTO `category` VALUES (8, '海味/河鲜', 1, 0, 'fish.png', NULL, 'act2.png', 'black');
INSERT INTO `category` VALUES (9, '花茶/果茶', 1, 0, 'tea.png', '健康快乐每一天', 'act3.png', 'black');
INSERT INTO `category` VALUES (10, '品牌/礼包', 1, 0, 'package.png', '每日一个小惊喜', 'act1.png', 'black');
INSERT INTO `category` VALUES (11, '蛋糕', 2, 1, NULL, NULL, NULL, NULL);
INSERT INTO `category` VALUES (12, '点心', 2, 1, NULL, NULL, NULL, NULL);
INSERT INTO `category` VALUES (13, '饼干', 2, 2, NULL, NULL, NULL, NULL);
INSERT INTO `category` VALUES (14, '薯片', 2, 2, NULL, NULL, NULL, NULL);
INSERT INTO `category` VALUES (15, '虾条', 2, 2, NULL, NULL, NULL, NULL);
INSERT INTO `category` VALUES (16, '猪肉脯', 2, 3, NULL, NULL, NULL, NULL);
INSERT INTO `category` VALUES (17, '牛肉丝', 2, 3, NULL, NULL, NULL, NULL);
INSERT INTO `category` VALUES (18, '小香肠', 2, 3, NULL, NULL, NULL, NULL);
INSERT INTO `category` VALUES (19, '豆干', 2, 4, NULL, NULL, NULL, NULL);
INSERT INTO `category` VALUES (20, '干笋', 2, 4, NULL, NULL, NULL, NULL);
INSERT INTO `category` VALUES (21, '鸭脖', 2, 4, NULL, NULL, NULL, NULL);
INSERT INTO `category` VALUES (22, '坚果', 2, 5, NULL, NULL, NULL, NULL);
INSERT INTO `category` VALUES (23, '锅巴', 2, 5, NULL, NULL, NULL, NULL);
INSERT INTO `category` VALUES (24, '糖果', 2, 6, NULL, NULL, NULL, NULL);
INSERT INTO `category` VALUES (25, '蜜饯', 2, 6, NULL, NULL, NULL, NULL);
INSERT INTO `category` VALUES (26, '巧克力', 2, 7, NULL, NULL, NULL, NULL);
INSERT INTO `category` VALUES (27, '果冻', 2, 7, NULL, NULL, NULL, NULL);
INSERT INTO `category` VALUES (28, '海带丝', 2, 8, NULL, NULL, NULL, NULL);
INSERT INTO `category` VALUES (29, '小鱼干', 2, 8, NULL, NULL, NULL, NULL);
INSERT INTO `category` VALUES (30, '鱿鱼丝', 2, 8, NULL, NULL, NULL, NULL);
INSERT INTO `category` VALUES (31, '花茶', 2, 9, NULL, NULL, NULL, NULL);
INSERT INTO `category` VALUES (32, '果茶', 2, 9, NULL, NULL, NULL, NULL);
INSERT INTO `category` VALUES (33, '品牌套餐', 2, 10, NULL, NULL, NULL, NULL);
INSERT INTO `category` VALUES (34, '活动礼包', 2, 10, NULL, NULL, NULL, NULL);
INSERT INTO `category` VALUES (35, '蒸蛋糕', 3, 11, NULL, NULL, NULL, NULL);
INSERT INTO `category` VALUES (36, '脱水蛋糕', 3, 11, NULL, NULL, NULL, NULL);
INSERT INTO `category` VALUES (37, '瑞士卷', 3, 11, NULL, NULL, NULL, NULL);
INSERT INTO `category` VALUES (38, '软面包', 3, 11, NULL, NULL, NULL, NULL);
INSERT INTO `category` VALUES (39, '马卡龙', 3, 11, NULL, NULL, NULL, NULL);
INSERT INTO `category` VALUES (40, '千层饼', 3, 11, NULL, NULL, NULL, NULL);
INSERT INTO `category` VALUES (41, '甜甜圈', 3, 11, NULL, NULL, NULL, NULL);
INSERT INTO `category` VALUES (42, '蒸三明治', 3, 11, NULL, NULL, NULL, NULL);
INSERT INTO `category` VALUES (43, '铜锣烧', 3, 11, NULL, NULL, NULL, NULL);
INSERT INTO `category` VALUES (44, '华夫饼', 3, 12, NULL, NULL, NULL, NULL);
INSERT INTO `category` VALUES (45, '老婆饼', 3, 12, NULL, NULL, NULL, NULL);
INSERT INTO `category` VALUES (46, '奥利奥', 3, 13, NULL, NULL, NULL, NULL);
INSERT INTO `category` VALUES (47, '粤利粤', 3, 13, NULL, NULL, NULL, NULL);
INSERT INTO `category` VALUES (49, '膨化虾条', 3, 15, NULL, NULL, NULL, NULL);
INSERT INTO `category` VALUES (50, '油炸虾条', 3, 15, NULL, NULL, NULL, NULL);
INSERT INTO `category` VALUES (51, '海鲜虾条', 3, 15, NULL, NULL, NULL, NULL);
INSERT INTO `category` VALUES (52, '饮料', 1, 0, 'drinks.png', NULL, NULL, NULL);
INSERT INTO `category` VALUES (53, '方便面', 2, 2, NULL, NULL, NULL, NULL);
INSERT INTO `category` VALUES (54, '调味品', 1, 0, 'condiment.png', NULL, NULL, NULL);
INSERT INTO `category` VALUES (55, '酱油', 2, 54, NULL, NULL, NULL, NULL);
INSERT INTO `category` VALUES (56, '矿泉水', 2, 52, NULL, NULL, NULL, NULL);
INSERT INTO `category` VALUES (57, '康师傅方便面', 3, 53, NULL, NULL, NULL, NULL);
INSERT INTO `category` VALUES (58, '海天酱油', 3, 55, NULL, NULL, NULL, NULL);
INSERT INTO `category` VALUES (59, '农夫山泉', 3, 56, NULL, NULL, NULL, NULL);


-- ----------------------------
-- Table structure for index_img
-- ----------------------------
DROP TABLE IF EXISTS `index_img`;
CREATE TABLE `index_img`  (
  `img_id` varchar(64) CHARACTER SET utf8 COLLATE utf8_general_ci NOT NULL COMMENT '主键',
  `img_url` varchar(128) CHARACTER SET utf8 COLLATE utf8_general_ci NOT NULL COMMENT '图片 图片地址',
  `img_bg_color` varchar(32) CHARACTER SET utf8 COLLATE utf8_general_ci NULL DEFAULT NULL COMMENT '背景色 背景颜色',
  `prod_id` varchar(64) CHARACTER SET utf8 COLLATE utf8_general_ci NULL DEFAULT NULL COMMENT '商品id 商品id',
  `category_id` varchar(64) CHARACTER SET utf8 COLLATE utf8_general_ci NULL DEFAULT NULL COMMENT '商品分类id 商品分类id',
  `index_type` int(11) NOT NULL COMMENT '轮播图类型 轮播图类型，用于判断，可以根据商品id或者分类进行页面跳转，1：商品 2：分类',
  `seq` int(11) NOT NULL COMMENT '轮播图展示顺序 轮播图展示顺序，从小到大',
  `status` int(11) NOT NULL COMMENT '是否展示:1表示正常显示，0表示下线 是否展示，1：展示    0：不展示',
  `create_time` datetime(0) NOT NULL COMMENT '创建时间 创建时间',
  `update_time` datetime(0) NOT NULL COMMENT '更新时间 更新',
  PRIMARY KEY (`img_id`) USING BTREE
) ENGINE = InnoDB CHARACTER SET = utf8 COLLATE = utf8_general_ci COMMENT = '轮播图 ' ROW_FORMAT = Compact;

-- ----------------------------
-- Records of index_img
-- ----------------------------
INSERT INTO `index_img` VALUES ('1', 'ad1.jpg', 'green', '101', NULL, 1, 1, 1, '2021-04-14 17:21:13', '2021-04-14 17:21:18');
INSERT INTO `index_img` VALUES ('2', 'ad2.jpg', 'pink', NULL, '1', 2, 2, 1, '2021-04-14 17:21:49', '2021-04-14 17:21:52');
INSERT INTO `index_img` VALUES ('3', 'ad3.jpg', 'black', '103', NULL, 1, 3, 1, '2021-04-14 17:22:23', '2021-04-14 17:22:27');
INSERT INTO `index_img` VALUES ('4', 'ad4.jpg', 'orange', NULL, '2', 2, 4, 1, '2021-04-14 17:23:06', '2021-04-14 17:23:08');
INSERT INTO `index_img` VALUES ('5', 'ad5.jpg', 'yellow', '101', NULL, 1, 2, 0, '2021-04-24 09:34:01', '2021-04-25 09:34:05');

-- ----------------------------
-- Table structure for order_item
-- ----------------------------
DROP TABLE IF EXISTS `order_item`;
CREATE TABLE `order_item`  (
  `item_id` varchar(64) CHARACTER SET utf8 COLLATE utf8_general_ci NOT NULL COMMENT '订单项ID',
  `order_id` varchar(64) CHARACTER SET utf8 COLLATE utf8_general_ci NOT NULL COMMENT '订单ID',
  `product_id` varchar(64) CHARACTER SET utf8 COLLATE utf8_general_ci NOT NULL COMMENT '商品ID',
  `product_name` varchar(32) CHARACTER SET utf8 COLLATE utf8_general_ci NOT NULL COMMENT '商品名称',
  `product_img` varchar(32) CHARACTER SET utf8 COLLATE utf8_general_ci NULL DEFAULT NULL COMMENT '商品图片',
  `sku_id` varchar(128) CHARACTER SET utf8 COLLATE utf8_general_ci NOT NULL COMMENT 'skuID',
  `sku_name` varchar(32) CHARACTER SET utf8 COLLATE utf8_general_ci NOT NULL COMMENT 'sku名称',
  `product_price` decimal(32, 8) NOT NULL COMMENT '商品价格',
  `buy_counts` int(11) NOT NULL COMMENT '购买数量',
  `total_amount` decimal(32, 8) NULL DEFAULT NULL COMMENT '商品总金额',
  `basket_date` datetime(0) NULL DEFAULT NULL COMMENT '加入购物车时间',
  `buy_time` datetime(0) NULL DEFAULT NULL COMMENT '购买时间',
  `is_comment` int(11) NULL DEFAULT NULL COMMENT '评论状态： 0 未评价  1 已评价',
  PRIMARY KEY (`item_id`) USING BTREE
) ENGINE = InnoDB CHARACTER SET = utf8 COLLATE = utf8_general_ci COMMENT = '订单项/快照 ' ROW_FORMAT = Compact;

-- ----------------------------
-- Records of order_item
-- ----------------------------
INSERT INTO `order_item` VALUES ('162035224946053220', 'd1dd179a0d194351b7bfa658f3d86579', '1', '奥利奥小饼干', 'ala_1.png', '4', '奥利奥分享装', 8.00000000, 1, 8.00000000, '2021-05-07 09:50:49', '2021-05-07 09:50:49', 0);
INSERT INTO `order_item` VALUES ('162035224946331626', 'd1dd179a0d194351b7bfa658f3d86579', '3', '咪咪虾条', 'mmxt_1.png', '2', '咪咪虾条 6连包', 5.00000000, 1, 5.00000000, '2021-05-07 09:50:49', '2021-05-07 09:50:49', 0);
INSERT INTO `order_item` VALUES ('162035239193969518', 'f67b950e78ae45ee8bae922e8dab6ddc', '1', '奥利奥小饼干', 'ala_1.png', '4', '奥利奥分享装', 8.00000000, 1, 8.00000000, '2021-05-07 09:53:12', '2021-05-07 09:53:12', 0);
INSERT INTO `order_item` VALUES ('162035239194391040', 'f67b950e78ae45ee8bae922e8dab6ddc', '3', '咪咪虾条', 'mmxt_1.png', '1', '咪咪虾条 单包 50g', 1.00000000, 1, 1.00000000, '2021-05-07 09:53:12', '2021-05-07 09:53:12', 0);
INSERT INTO `order_item` VALUES ('162035244829784296', '1384c48a7ac846919dd8ca67209ff3eb', '3', '咪咪虾条', 'mmxt_1.png', '3', '咪咪虾条 整箱50包', 40.00000000, 1, 40.00000000, '2021-05-07 09:54:08', '2021-05-07 09:54:08', 0);
INSERT INTO `order_item` VALUES ('162035363560419828', '93b67b8122284b2fabd28c2e5d1c9914', '1', '奥利奥小饼干', 'ala_1.png', '4', '奥利奥分享装', 8.00000000, 2, 16.00000000, '2021-05-07 10:13:56', '2021-05-07 10:13:56', 0);
INSERT INTO `order_item` VALUES ('162035363560786072', '93b67b8122284b2fabd28c2e5d1c9914', '3', '咪咪虾条', 'mmxt_1.png', '1', '咪咪虾条 单包 50g', 1.00000000, 2, 2.00000000, '2021-05-07 10:13:56', '2021-05-07 10:13:56', 0);
INSERT INTO `order_item` VALUES ('162035369543491781', '2edae7d9f94e42dd87841e3fb625976b', '1', '奥利奥小饼干', 'ala_1.png', '4', '奥利奥分享装', 8.00000000, 1, 8.00000000, '2021-05-07 10:14:55', '2021-05-07 10:14:55', 0);
INSERT INTO `order_item` VALUES ('162035393785519495', '71ac3b8e8d5e4b79a60cb5777b9a71b3', '3', '咪咪虾条', 'mmxt_1.png', '1', '咪咪虾条 单包 50g', 1.00000000, 1, 1.00000000, '2021-05-07 10:18:58', '2021-05-07 10:18:58', 0);
INSERT INTO `order_item` VALUES ('162035925277726911', 'f9743ec166de4e8f9bce8a2510b6cf54', '3', '咪咪虾条', 'mmxt_1.png', '1', '咪咪虾条 单包 50g', 1.00000000, 1, 1.00000000, '2021-05-07 11:47:33', '2021-05-07 11:47:33', 0);
INSERT INTO `order_item` VALUES ('162036003915252536', 'ca364a09c3b04cf881e0944ede34563b', '1', '奥利奥小饼干', 'ala_1.png', '4', '奥利奥分享装', 8.00000000, 1, 8.00000000, '2021-05-07 12:00:39', '2021-05-07 12:00:39', 0);
INSERT INTO `order_item` VALUES ('162036018493853367', '966b276ac926447295e66b077c607f27', '3', '咪咪虾条', 'mmxt_1.png', '2', '咪咪虾条 6连包', 5.00000000, 1, 5.00000000, '2021-05-07 12:03:05', '2021-05-07 12:03:05', 0);
INSERT INTO `order_item` VALUES ('162036062141658185', 'c2efcd6725174b7fa27829382fd89e6a', '3', '咪咪虾条', 'mmxt_1.png', '1', '咪咪虾条 单包 50g', 1.00000000, 1, 1.00000000, '2021-05-07 12:10:21', '2021-05-07 12:10:21', 0);
INSERT INTO `order_item` VALUES ('162036952987560822', '2133a588a8e0455ba063065cc5337610', '3', '咪咪虾条', 'mmxt_1.png', '1', '咪咪虾条 单包 50g', 1.00000000, 1, 1.00000000, '2021-05-07 14:38:50', '2021-05-07 14:38:50', 0);
INSERT INTO `order_item` VALUES ('162036975185215005', 'e7f3a0d3fccf40a88d05f7b1ca7e1700', '1', '奥利奥小饼干', 'ala_1.png', '4', '奥利奥分享装', 8.00000000, 1, 8.00000000, '2021-05-07 14:42:32', '2021-05-07 14:42:32', 0);
INSERT INTO `order_item` VALUES ('162037097271483830', 'e863aeb9da464367bf3b4c5f35d0a31a', '3', '咪咪虾条', 'mmxt_1.png', '2', '咪咪虾条 6连包', 5.00000000, 1, 5.00000000, '2021-05-07 15:02:53', '2021-05-07 15:02:53', 0);
INSERT INTO `order_item` VALUES ('162037120901316335', '5a718a72fe0945dda48a8d23cbf5ce0a', '3', '咪咪虾条', 'mmxt_1.png', '1', '咪咪虾条 单包 50g', 1.00000000, 1, 1.00000000, '2021-05-07 15:06:49', '2021-05-07 15:06:49', 0);
INSERT INTO `order_item` VALUES ('162037132177612607', '0ac64e4b59744e0a9576c9d18ef064bf', '3', '咪咪虾条', 'mmxt_1.png', '1', '咪咪虾条 单包 50g', 1.00000000, 1, 1.00000000, '2021-05-07 15:08:42', '2021-05-07 15:08:42', 0);
INSERT INTO `order_item` VALUES ('162037140215198256', '7fd895de83fa4de7a63f04c90b533bfa', '1', '奥利奥小饼干', 'ala_1.png', '4', '奥利奥分享装', 8.00000000, 1, 8.00000000, '2021-05-07 15:10:02', '2021-05-07 15:10:02', 0);
INSERT INTO `order_item` VALUES ('162037373127956965', '0b2dbc2ad85e4520974c9e42ce8472a5', '3', '咪咪虾条', 'mmxt_1.png', '1', '咪咪虾条 单包 50g', 1.00000000, 1, 1.00000000, '2021-05-07 15:48:51', '2021-05-07 15:48:51', 0);
INSERT INTO `order_item` VALUES ('162037376667659948', '952751f3426f4e47bf26a181a15548b2', '3', '咪咪虾条', 'mmxt_1.png', '1', '咪咪虾条 单包 50g', 1.00000000, 1, 1.00000000, '2021-05-07 15:49:27', '2021-05-07 15:49:27', 0);
INSERT INTO `order_item` VALUES ('162037384437627755', '3995d67937ba434aa2c0fc66bfd88cfe', '3', '咪咪虾条', 'mmxt_1.png', '1', '咪咪虾条 单包 50g', 1.00000000, 1, 1.00000000, '2021-05-07 15:50:44', '2021-05-07 15:50:44', 0);
INSERT INTO `order_item` VALUES ('162037389382996880', '35ec6155dd104a36bc621b31636b9184', '1', '奥利奥小饼干', 'ala_1.png', '4', '奥利奥分享装', 8.00000000, 1, 8.00000000, '2021-05-07 15:51:34', '2021-05-07 15:51:34', 0);
INSERT INTO `order_item` VALUES ('162037396115692154', 'a8a619e81d5042aaad1975da52ce6ee5', '1', '奥利奥小饼干', 'ala_1.png', '4', '奥利奥分享装', 8.00000000, 1, 8.00000000, '2021-05-07 15:52:41', '2021-05-07 15:52:41', 0);
INSERT INTO `order_item` VALUES ('162037456196979919', 'a5e54d2af3e347ddaa2efc0e31160ffa', '3', '咪咪虾条', 'mmxt_1.png', '1', '咪咪虾条 单包 50g', 1.00000000, 1, 1.00000000, '2021-05-07 16:02:42', '2021-05-07 16:02:42', 0);
INSERT INTO `order_item` VALUES ('162043632418153562', 'ea4e4918a7dc4ec3acfecaa7d5a2ae51', '3', '咪咪虾条', 'mmxt_1.png', '2', '咪咪虾条 6连包', 5.00000000, 2, 10.00000000, '2021-05-08 09:12:04', '2021-05-08 09:12:04', 0);
INSERT INTO `order_item` VALUES ('162044049434687767', 'fb6e252e26c94935b3ce8a7b7bb82ddd', '3', '咪咪虾条', 'mmxt_1.png', '1', '咪咪虾条 单包 50g', 1.00000000, 1, 1.00000000, '2021-05-08 10:21:34', '2021-05-08 10:21:34', 0);
INSERT INTO `order_item` VALUES ('162045603664274927', 'f1d426615dc84e4abb37974ae25c1cd9', '1', '奥利奥小饼干', 'ala_1.png', '4', '奥利奥分享装', 8.00000000, 4, 32.00000000, '2021-05-08 14:40:37', '2021-05-08 14:40:37', 0);
INSERT INTO `order_item` VALUES ('162045622247254235', '456ab37f8ba04739b4cdf47afa4a2096', '1', '奥利奥小饼干', 'ala_1.png', '4', '奥利奥分享装', 8.00000000, 2, 16.00000000, '2021-05-08 14:43:42', '2021-05-08 14:43:42', 0);
INSERT INTO `order_item` VALUES ('162045622247324200', '456ab37f8ba04739b4cdf47afa4a2096', '3', '咪咪虾条', 'mmxt_1.png', '2', '咪咪虾条 6连包', 5.00000000, 2, 10.00000000, '2021-05-08 14:43:42', '2021-05-08 14:43:42', 0);
INSERT INTO `order_item` VALUES ('162046467128490816', '194591690fee43eda20b85f35d71a376', '3', '咪咪虾条', 'mmxt_1.png', '2', '咪咪虾条 6连包', 5.00000000, 2, 10.00000000, '2021-05-08 17:04:31', '2021-05-08 17:04:31', 0);
INSERT INTO `order_item` VALUES ('162046484862056903', 'dd4b131a6bcc46b1a7c266423ee04a29', '3', '咪咪虾条', 'mmxt_1.png', '2', '咪咪虾条 6连包', 5.00000000, 1, 5.00000000, '2021-05-08 17:07:29', '2021-05-08 17:07:29', 0);
INSERT INTO `order_item` VALUES ('162070057695451341', '0bdf74d7cb584011a205cb6255dc3810', '3', '咪咪小虾条', 'mmxt_1.png', '1', '咪咪虾条 单包 50g', 1.00000000, 1, 1.00000000, '2021-05-11 10:36:17', '2021-05-11 10:36:17', 0);
INSERT INTO `order_item` VALUES ('162070062023433211', '1e6557bf82c04fd28032c1ca56a77a84', '1', '奥利奥小饼干666', 'ala_1.png', '4', '奥利奥分享装', 8.00000000, 2, 16.00000000, '2021-05-11 10:37:00', '2021-05-11 10:37:00', 0);
INSERT INTO `order_item` VALUES ('162070067082231040', 'b670af2c2779449cbe16ec5b021fdd25', '1', '奥利奥小饼干666', 'ala_1.png', '4', '奥利奥分享装', 8.00000000, 1, 8.00000000, '2021-05-11 10:37:51', '2021-05-11 10:37:51', 0);
INSERT INTO `order_item` VALUES ('162070067082334244', 'b670af2c2779449cbe16ec5b021fdd25', '3', '咪咪小虾条', 'mmxt_1.png', '1', '咪咪虾条 单包 50g', 1.00000000, 1, 1.00000000, '2021-05-11 10:37:51', '2021-05-11 10:37:51', 0);
-- ----------------------------
-- Table structure for orders
-- ----------------------------
DROP TABLE IF EXISTS `orders`;
CREATE TABLE `orders`  (
  `order_id` varchar(64) CHARACTER SET utf8 COLLATE utf8_general_ci NOT NULL COMMENT '订单ID 同时也是订单编号',
  `user_id` varchar(64) CHARACTER SET utf8 COLLATE utf8_general_ci NOT NULL COMMENT '用户ID',
  `untitled` varchar(32) CHARACTER SET utf8 COLLATE utf8_general_ci NULL DEFAULT NULL COMMENT '产品名称（多个产品用,隔开）',
  `receiver_name` varchar(32) CHARACTER SET utf8 COLLATE utf8_general_ci NOT NULL COMMENT '收货人快照',
  `receiver_mobile` varchar(32) CHARACTER SET utf8 COLLATE utf8_general_ci NOT NULL COMMENT '收货人手机号快照',
  `receiver_address` varchar(128) CHARACTER SET utf8 COLLATE utf8_general_ci NOT NULL COMMENT '收货地址快照',
  `total_amount` decimal(32, 8) NULL DEFAULT NULL COMMENT '订单总价格',
  `actual_amount` int(11) NULL DEFAULT NULL COMMENT '实际支付总价格',
  `pay_type` int(11) NULL DEFAULT NULL COMMENT '支付方式 1:微信 2:支付宝',
  `order_remark` varchar(32) CHARACTER SET utf8 COLLATE utf8_general_ci NULL DEFAULT NULL COMMENT '订单备注',
  `status` varchar(32) CHARACTER SET utf8 COLLATE utf8_general_ci NULL DEFAULT NULL COMMENT '订单状态 1:待付款 2:待发货 3:待收货 4:待评价 5:已完成 6:已关闭',
  `delivery_type` varchar(32) CHARACTER SET utf8 COLLATE utf8_general_ci NULL DEFAULT NULL COMMENT '配送方式',
  `delivery_flow_id` varchar(32) CHARACTER SET utf8 COLLATE utf8_general_ci NULL DEFAULT NULL COMMENT '物流单号',
  `order_freight` decimal(32, 8) NULL DEFAULT 0.00000000 COMMENT '订单运费 默认可以为零，代表包邮',
  `delete_status` int(11) NULL DEFAULT 0 COMMENT '逻辑删除状态 1: 删除 0:未删除',
  `create_time` datetime(0) NULL DEFAULT NULL COMMENT '创建时间（成交时间）',
  `update_time` datetime(0) NULL DEFAULT NULL COMMENT '更新时间',
  `pay_time` datetime(0) NULL DEFAULT NULL COMMENT '付款时间',
  `delivery_time` datetime(0) NULL DEFAULT NULL COMMENT '发货时间',
  `flish_time` datetime(0) NULL DEFAULT NULL COMMENT '完成时间',
  `cancel_time` datetime(0) NULL DEFAULT NULL COMMENT '取消时间',
  `close_type` int(11) NULL DEFAULT NULL COMMENT '订单关闭类型1-超时未支付 2-退款关闭 4-买家取消 15-已通过货到付款交易',
  `due_time` datetime NULL DEFAULT NULL COMMENT '订单交割时间',
  PRIMARY KEY (`order_id`) USING BTREE
) ENGINE = InnoDB CHARACTER SET = utf8 COLLATE = utf8_general_ci COMMENT = '订单 ' ROW_FORMAT = Compact;

-- ----------------------------
-- Records of orders
-- ----------------------------
INSERT INTO `orders` VALUES ('0ac64e4b59744e0a9576c9d18ef064bf', '1', '咪咪虾条,', '张三', '13030303300', '湖北 武汉 江夏区 光谷大道77号', 1.00000000, 1, 1, '', '2', NULL, NULL, NULL, NULL, '2021-05-07 15:08:42', NULL, NULL, NULL, NULL, NULL, NULL);
INSERT INTO `orders` VALUES ('0b2dbc2ad85e4520974c9e42ce8472a5', '1', '咪咪虾条,', '张三', '13030303300', '湖北 武汉 江夏区 光谷大道77号', 1.00000000, 1, 1, '', '6', NULL, NULL, NULL, NULL, '2021-05-07 15:48:51', NULL, NULL, NULL, NULL, NULL, 1);
INSERT INTO `orders` VALUES ('0bdf74d7cb584011a205cb6255dc3810', '6', '咪咪小虾条,', '韩梅梅', '13232323322', '湖南 长沙 岳麓区 淅沥淅沥', 1.00000000, 1, 1, '', '1', NULL, NULL, NULL, NULL, '2021-05-11 10:36:17', NULL, NULL, NULL, NULL, NULL, 1);
INSERT INTO `orders` VALUES ('1384c48a7ac846919dd8ca67209ff3eb', '1', '咪咪虾条,', '张三', '13030303300', '湖北 武汉 江夏区 光谷大道77号', 40.00000000, 40, 1, '', '6', NULL, NULL, NULL, NULL, '2021-05-07 09:54:08', NULL, NULL, NULL, NULL, NULL, 1);
INSERT INTO `orders` VALUES ('194591690fee43eda20b85f35d71a376', '1', '咪咪虾条,', '张三', '13030303300', '湖北 武汉 江夏区 光谷大道77号', 10.00000000, 10, 1, '', '2', NULL, NULL, NULL, NULL, '2021-05-08 17:04:31', NULL, NULL, NULL, NULL, NULL, NULL);
INSERT INTO `orders` VALUES ('1e6557bf82c04fd28032c1ca56a77a84', '6', '奥利奥小饼干666,', '韩梅梅', '13232323322', '湖南 长沙 岳麓区 淅沥淅沥', 16.00000000, 16, 1, '', '2', NULL, NULL, NULL, NULL, '2021-05-11 10:37:00', NULL, NULL, NULL, NULL, NULL, 1);
INSERT INTO `orders` VALUES ('2133a588a8e0455ba063065cc5337610', '1', '咪咪虾条,', '张三', '13030303300', '湖北 武汉 江夏区 光谷大道77号', 1.00000000, 1, 1, '', '4', NULL, NULL, NULL, NULL, '2021-05-07 14:38:50', NULL, NULL, NULL, NULL, NULL, NULL);
INSERT INTO `orders` VALUES ('2edae7d9f94e42dd87841e3fb625976b', '1', '奥利奥小饼干,', '张三', '13030303300', '湖北 武汉 江夏区 光谷大道77号', 8.00000000, 8, 1, '', '6', NULL, NULL, NULL, NULL, '2021-05-07 10:14:55', NULL, NULL, NULL, NULL, NULL, 1);
INSERT INTO `orders` VALUES ('35ec6155dd104a36bc621b31636b9184', '1', '奥利奥小饼干,', '张三', '13030303300', '湖北 武汉 江夏区 光谷大道77号', 8.00000000, 8, 1, '', '4', NULL, NULL, NULL, NULL, '2021-05-07 15:51:34', NULL, NULL, NULL, NULL, NULL, 1);
INSERT INTO `orders` VALUES ('3995d67937ba434aa2c0fc66bfd88cfe', '1', '咪咪虾条,', '张三', '13030303300', '湖北 武汉 江夏区 光谷大道77号', 1.00000000, 1, 1, '', '4', NULL, NULL, NULL, NULL, '2021-05-07 15:50:44', NULL, NULL, NULL, NULL, NULL, 1);
INSERT INTO `orders` VALUES ('456ab37f8ba04739b4cdf47afa4a2096', '1', '奥利奥小饼干,咪咪虾条,', '张三', '13030303300', '湖北 武汉 江夏区 光谷大道77号', 26.00000000, 26, 1, '', '6', NULL, NULL, NULL, NULL, '2021-05-08 14:13:42', NULL, NULL, NULL, NULL, NULL, 1);
INSERT INTO `orders` VALUES ('5a718a72fe0945dda48a8d23cbf5ce0a', '1', '咪咪虾条,', '张三', '13030303300', '湖北 武汉 江夏区 光谷大道77号', 1.00000000, 1, 1, '', '2', NULL, NULL, NULL, NULL, '2021-05-07 15:06:49', NULL, NULL, NULL, NULL, NULL, NULL);
INSERT INTO `orders` VALUES ('71ac3b8e8d5e4b79a60cb5777b9a71b3', '1', '咪咪虾条,', '张三', '13030303300', '湖北 武汉 江夏区 光谷大道77号', 1.00000000, 1, 1, '', '4', NULL, NULL, NULL, NULL, '2021-05-07 10:18:58', NULL, NULL, NULL, NULL, NULL, NULL);
INSERT INTO `orders` VALUES ('7fd895de83fa4de7a63f04c90b533bfa', '1', '奥利奥小饼干,', '张三', '13030303300', '湖北 武汉 江夏区 光谷大道77号', 8.00000000, 8, 1, '', '2', NULL, NULL, NULL, NULL, '2021-05-07 15:10:02', NULL, NULL, NULL, NULL, NULL, NULL);
INSERT INTO `orders` VALUES ('93b67b8122284b2fabd28c2e5d1c9914', '1', '奥利奥小饼干,咪咪虾条,', '小丽', '13131313311', '湖北 宜昌 夷陵区 巴拉巴拉', 18.00000000, 18, 1, '', '4', NULL, NULL, NULL, NULL, '2021-05-07 10:13:56', NULL, NULL, NULL, NULL, NULL, 1);
INSERT INTO `orders` VALUES ('952751f3426f4e47bf26a181a15548b2', '1', '咪咪虾条,', '张三', '13030303300', '湖北 武汉 江夏区 光谷大道77号', 1.00000000, 1, 1, '', '6', NULL, NULL, NULL, NULL, '2021-05-07 15:49:27', NULL, NULL, NULL, NULL, NULL, 1);
INSERT INTO `orders` VALUES ('966b276ac926447295e66b077c607f27', '1', '咪咪虾条,', '张三', '13030303300', '湖北 武汉 江夏区 光谷大道77号', 5.00000000, 5, 1, '', '2', NULL, NULL, NULL, NULL, '2021-05-07 12:03:05', NULL, NULL, NULL, NULL, NULL, NULL);
INSERT INTO `orders` VALUES ('a5e54d2af3e347ddaa2efc0e31160ffa', '1', '咪咪虾条,', '张三', '13030303300', '湖北 武汉 江夏区 光谷大道77号', 1.00000000, 1, 1, '', '4', NULL, NULL, NULL, NULL, '2021-05-07 16:02:42', NULL, NULL, NULL, NULL, NULL, NULL);
INSERT INTO `orders` VALUES ('a8a619e81d5042aaad1975da52ce6ee5', '1', '奥利奥小饼干,', '张三', '13030303300', '湖北 武汉 江夏区 光谷大道77号', 8.00000000, 8, 1, '', '4', NULL, NULL, NULL, NULL, '2021-05-07 15:52:41', NULL, NULL, NULL, NULL, NULL, 1);
INSERT INTO `orders` VALUES ('b670af2c2779449cbe16ec5b021fdd25', '6', '奥利奥小饼干666,咪咪小虾条,', '韩梅梅', '13232323322', '湖南 长沙 岳麓区 淅沥淅沥', 9.00000000, 9, 1, '', '2', NULL, NULL, NULL, NULL, '2021-05-11 10:37:51', NULL, NULL, NULL, NULL, NULL, NULL);
INSERT INTO `orders` VALUES ('c2efcd6725174b7fa27829382fd89e6a', '1', '咪咪虾条,', '张三', '13030303300', '湖北 武汉 江夏区 光谷大道77号', 1.00000000, 1, 1, '', '2', NULL, NULL, NULL, NULL, '2021-05-07 12:10:21', NULL, NULL, NULL, NULL, NULL, NULL);
INSERT INTO `orders` VALUES ('ca364a09c3b04cf881e0944ede34563b', '1', '奥利奥小饼干,', '张三', '13030303300', '湖北 武汉 江夏区 光谷大道77号', 8.00000000, 8, 1, '', '2', NULL, NULL, NULL, NULL, '2021-05-07 12:00:39', NULL, NULL, NULL, NULL, NULL, NULL);
INSERT INTO `orders` VALUES ('d1dd179a0d194351b7bfa658f3d86579', '1', '奥利奥小饼干,咪咪虾条,', '小丽', '13131313311', '湖北 宜昌 夷陵区 巴拉巴拉', 13.00000000, 13, 1, '', '6', NULL, NULL, NULL, NULL, '2021-05-07 09:50:49', NULL, NULL, NULL, NULL, NULL, 1);
INSERT INTO `orders` VALUES ('dd4b131a6bcc46b1a7c266423ee04a29', '1', '咪咪虾条,', '小丽', '13131313311', '湖北 宜昌 夷陵区 巴拉巴拉', 5.00000000, 5, 1, '', '2', NULL, NULL, NULL, NULL, '2021-05-08 17:07:29', NULL, NULL, NULL, NULL, NULL, NULL);
INSERT INTO `orders` VALUES ('e7f3a0d3fccf40a88d05f7b1ca7e1700', '1', '奥利奥小饼干,', '张三', '13030303300', '湖北 武汉 江夏区 光谷大道77号', 8.00000000, 8, 1, '', '6', NULL, NULL, NULL, NULL, '2021-05-07 14:42:32', NULL, NULL, NULL, NULL, NULL, 1);
INSERT INTO `orders` VALUES ('e863aeb9da464367bf3b4c5f35d0a31a', '1', '咪咪虾条,', '张三', '13030303300', '湖北 武汉 江夏区 光谷大道77号', 5.00000000, 5, 1, '', '6', NULL, NULL, NULL, NULL, '2021-05-07 15:02:53', NULL, NULL, NULL, NULL, NULL, 1);
INSERT INTO `orders` VALUES ('ea4e4918a7dc4ec3acfecaa7d5a2ae51', '1', '咪咪虾条,', '张三', '13030303300', '湖北 武汉 江夏区 光谷大道77号', 10.00000000, 10, 1, '', '2', NULL, NULL, NULL, NULL, '2021-05-08 09:12:04', NULL, NULL, NULL, NULL, NULL, NULL);
INSERT INTO `orders` VALUES ('f1d426615dc84e4abb37974ae25c1cd9', '1', '奥利奥小饼干,', '张三', '13030303300', '湖北 武汉 江夏区 光谷大道77号', 32.00000000, 32, 1, '', '6', NULL, NULL, NULL, NULL, '2021-05-08 14:10:37', NULL, NULL, NULL, NULL, NULL, 1);
INSERT INTO `orders` VALUES ('f67b950e78ae45ee8bae922e8dab6ddc', '1', '奥利奥小饼干,咪咪虾条,', '张三', '13030303300', '湖北 武汉 江夏区 光谷大道77号', 9.00000000, 9, 1, '', '6', NULL, NULL, NULL, NULL, '2021-05-07 09:53:12', NULL, NULL, NULL, NULL, NULL, 1);
INSERT INTO `orders` VALUES ('f9743ec166de4e8f9bce8a2510b6cf54', '1', '咪咪虾条,', '张三', '13030303300', '湖北 武汉 江夏区 光谷大道77号', 1.00000000, 1, 1, '', '2', NULL, NULL, NULL, NULL, '2021-05-07 11:47:33', NULL, NULL, NULL, NULL, NULL, NULL);
INSERT INTO `orders` VALUES ('fb6e252e26c94935b3ce8a7b7bb82ddd', '1', '咪咪虾条,', '张三', '13030303300', '湖北 武汉 江夏区 光谷大道77号', 1.00000000, 1, 1, '', '6', NULL, NULL, NULL, NULL, '2021-05-08 09:51:34', NULL, NULL, NULL, NULL, NULL, 1);

-- ----------------------------
-- Table structure for product
-- ----------------------------
DROP TABLE IF EXISTS `product`;
CREATE TABLE `product`  (
  `product_id` varchar(64) CHARACTER SET utf8 COLLATE utf8_general_ci NOT NULL COMMENT '商品主键id',
  `product_name` varchar(32) CHARACTER SET utf8 COLLATE utf8_general_ci NOT NULL COMMENT '商品名称 商品名称',
  `category_id` int(11) NOT NULL COMMENT '分类外键id 分类id',
  `root_category_id` int(11) NOT NULL COMMENT '一级分类外键id 一级分类id，用于优化查询',
  `sold_num` int(11) NOT NULL COMMENT '销量 累计销售',
  `product_status` int(11) NOT NULL COMMENT '默认是1，表示正常状态, -1表示删除, 0下架 默认是1，表示正常状态, -1表示删除, 0下架',
  `content` text CHARACTER SET utf8 COLLATE utf8_general_ci NOT NULL COMMENT '商品内容 商品内容',
  `create_time` datetime(0) NOT NULL COMMENT '创建时间',
  `update_time` datetime(0) NOT NULL COMMENT '更新时间',
  PRIMARY KEY (`product_id`) USING BTREE
) ENGINE = InnoDB CHARACTER SET = utf8 COLLATE = utf8_general_ci COMMENT = '商品 商品信息相关表：分类表，商品图片表，商品规格表，商品参数表' ROW_FORMAT = Compact;

-- ----------------------------
-- Records of product
-- ----------------------------
INSERT INTO `product` VALUES ('1', '奥利奥小饼干666', 46, 2, 196, 1, '<label style=\"color:red;font-size:18px\">1.全新包装</label><br/><img src=\"static/pimgs/ala_desc1.png\"/><br/><label style=\"color:green;font-size:18px\">2.全新口味</label><br/><img src=\"static/pimgs/ala_desc2.png\"/><label style=\"color:blue;font-size:18px\">3.全新体验</label><br/><img src=\"static/pimgs/ala_desc3.png\"/>', '2021-04-26 15:20:51', '2021-04-23 15:20:58');
INSERT INTO `product` VALUES ('10', '商品10', 10, 1, 127, 1, '商品说明', '2021-04-26 11:11:11', '2021-04-26 11:11:11');
INSERT INTO `product` VALUES ('11', '商品11', 10, 1, 128, 1, '商品说明', '2021-04-26 11:11:11', '2021-04-26 11:11:11');
INSERT INTO `product` VALUES ('12', '商品12', 46, 2, 122, 1, '商品说明', '2021-04-26 11:11:11', '2021-04-26 11:11:11');
INSERT INTO `product` VALUES ('13', '商品13', 46, 2, 123, 1, '商品说明', '2021-04-26 11:11:11', '2021-04-26 11:11:11');
INSERT INTO `product` VALUES ('14', '商品14', 46, 2, 124, 1, '商品说明', '2021-04-26 11:11:11', '2021-04-26 11:11:11');
INSERT INTO `product` VALUES ('15', '商品15', 46, 2, 125, 1, '商品说明', '2021-04-26 11:11:11', '2021-04-26 11:11:11');
INSERT INTO `product` VALUES ('16', '商品16', 46, 2, 126, 1, '商品说明', '2021-04-26 11:11:11', '2021-04-26 11:11:11');
INSERT INTO `product` VALUES ('17', '商品17', 46, 2, 127, 1, '商品说明', '2021-04-26 11:11:11', '2021-04-26 11:11:11');
INSERT INTO `product` VALUES ('18', '商品18', 46, 2, 128, 1, '商品说明', '2021-04-26 11:11:11', '2021-04-26 11:11:11');
INSERT INTO `product` VALUES ('19', '加力加小虾条1', 49, 2, 111, 1, '加力加虾条说明', '2021-03-04 09:53:14', '2021-05-10 09:53:20');
INSERT INTO `product` VALUES ('2', '旺旺华夫饼', 22, 1, 202, 1, '旺旺华夫饼商品内容', '2021-04-26 15:27:22', '2021-04-25 15:27:25');
INSERT INTO `product` VALUES ('20', '加力加虾条2', 49, 2, 199, 1, '加力加虾条说明', '2021-03-04 09:53:14', '2021-05-10 09:53:20');
INSERT INTO `product` VALUES ('21', '加力加虾条3', 49, 2, 168, 1, '加力加虾条说明', '2021-03-04 09:53:14', '2021-05-10 09:53:20');
INSERT INTO `product` VALUES ('22', '加力加虾条4', 49, 2, 168, 1, '加力加虾条说明', '2021-03-04 09:53:14', '2021-05-10 09:53:20');
INSERT INTO `product` VALUES ('23', '加力加虾条5', 49, 2, 168, 1, '加力加虾条说明', '2021-03-04 09:53:14', '2021-05-10 09:53:20');
INSERT INTO `product` VALUES ('24', '加力加虾条6', 49, 2, 168, 1, '加力加虾条说明', '2021-03-04 09:53:14', '2021-05-10 09:53:20');
INSERT INTO `product` VALUES ('25', '加力加虾条7', 49, 2, 168, 1, '加力加虾条说明', '2021-03-04 09:53:14', '2021-05-10 09:53:20');
INSERT INTO `product` VALUES ('26', '加力加虾条8', 49, 2, 168, 1, '加力加虾条说明', '2021-03-04 09:53:14', '2021-05-10 09:53:20');
INSERT INTO `product` VALUES ('27', '加力加虾条9', 49, 2, 168, 1, '加力加虾条说明', '2021-03-04 09:53:14', '2021-05-10 09:53:20');
INSERT INTO `product` VALUES ('28', '加力加虾条10', 49, 2, 168, 1, '加力加虾条说明', '2021-03-04 09:53:14', '2021-05-10 09:53:20');
INSERT INTO `product` VALUES ('29', '加力加虾条11', 49, 2, 168, 1, '加力加虾条说明', '2021-03-04 09:53:14', '2021-05-10 09:53:20');
INSERT INTO `product` VALUES ('3', '咪咪小虾条', 50, 2, 199, 1, '<img src=\"static/pimgs/mmxt_desc.jpg\"/>', '2021-04-26 15:58:09', '2021-04-25 15:58:11');
INSERT INTO `product` VALUES ('4', '旺旺雪饼', 46, 2, 201, 1, '旺旺雪饼商品内容', '2021-04-25 15:58:59', '2021-04-25 15:59:03');
INSERT INTO `product` VALUES ('5', '商品5', 10, 1, 122, 1, '商品说明', '2021-04-26 11:11:11', '2021-04-26 11:11:11');
INSERT INTO `product` VALUES ('6', '商品6', 10, 1, 123, 1, '商品说明', '2021-04-26 11:11:11', '2021-04-26 11:11:11');
INSERT INTO `product` VALUES ('7', '商品7', 10, 1, 124, 1, '商品说明', '2021-04-26 11:11:11', '2021-04-26 11:11:11');
INSERT INTO `product` VALUES ('8', '商品8', 10, 1, 125, 1, '商品说明', '2021-04-26 11:11:11', '2021-04-26 11:11:11');
INSERT INTO `product` VALUES ('9', '商品9', 10, 1, 126, 1, '商品说明', '2021-04-26 11:11:11', '2021-04-26 11:11:11');
INSERT INTO `product` VALUES ('30', '农夫山泉', 56, 52, 500, 1, '农夫山泉有点甜', '2022-08-18 21:32:08', '2022-08-18 21:32:20');
INSERT INTO `product` VALUES ('31', '康师傅红烧牛肉面', 57, 2, 501, 1, '嘎嘎香！', '2022-08-18 21:33:41', '2022-08-18 21:33:45');
INSERT INTO `product` VALUES ('32', '海天酱油', 58, 54, 499, 1, '老品牌值得信赖！', '2022-08-18 21:36:41', '2022-08-18 21:36:44');
-- ----------------------------
-- Table structure for product_comments
-- ----------------------------
DROP TABLE IF EXISTS `product_comments`;
CREATE TABLE `product_comments`  (
  `comm_id` varchar(64) CHARACTER SET utf8 COLLATE utf8_general_ci NOT NULL COMMENT 'ID',
  `product_id` varchar(64) CHARACTER SET utf8 COLLATE utf8_general_ci NOT NULL COMMENT '商品id',
  `product_name` varchar(64) CHARACTER SET utf8 COLLATE utf8_general_ci NULL DEFAULT NULL COMMENT '商品名称',
  `order_item_id` varchar(64) CHARACTER SET utf8 COLLATE utf8_general_ci NULL DEFAULT NULL COMMENT '订单项(商品快照)ID 可为空',
  `user_id` varchar(64) CHARACTER SET utf8 COLLATE utf8_general_ci NULL DEFAULT NULL COMMENT '评论用户id 用户名须脱敏',
  `is_anonymous` int(11) NULL DEFAULT NULL COMMENT '是否匿名（1:是，0:否）',
  `comm_type` int(11) NULL DEFAULT NULL COMMENT '评价类型（1好评，0中评，-1差评）',
  `comm_level` int(11) NOT NULL COMMENT '评价等级 1：好评 2：中评 3：差评',
  `comm_content` varchar(128) CHARACTER SET utf8 COLLATE utf8_general_ci NOT NULL COMMENT '评价内容',
  `comm_imgs` varchar(32) CHARACTER SET utf8 COLLATE utf8_general_ci NULL DEFAULT NULL COMMENT '评价晒图(JSON {img1:url1,img2:url2}  )',
  `sepc_name` datetime(0) NULL DEFAULT NULL COMMENT '评价时间 可为空',
  `reply_status` int(11) NULL DEFAULT NULL COMMENT '是否回复（0:未回复，1:已回复）',
  `reply_content` varchar(32) CHARACTER SET utf8 COLLATE utf8_general_ci NULL DEFAULT NULL COMMENT '回复内容',
  `reply_time` datetime(0) NULL DEFAULT NULL COMMENT '回复时间',
  `is_show` int(11) NULL DEFAULT NULL COMMENT '是否显示（1:是，0:否）',
  PRIMARY KEY (`comm_id`) USING BTREE
) ENGINE = InnoDB CHARACTER SET = utf8 COLLATE = utf8_general_ci COMMENT = '商品评价 ' ROW_FORMAT = Compact;

-- ----------------------------
-- Records of product_comments
-- ----------------------------
INSERT INTO `product_comments` VALUES ('1', '3', '咪咪虾条', '10000001', '4', 1, 1, 1, '我买这不是来吃的，就是玩儿', '{}', '2021-04-27 14:51:10', 0, NULL, '2021-04-27 14:51:32', 1);
INSERT INTO `product_comments` VALUES ('2', '3', '咪咪虾条', '10000002', '5', 0, 1, 1, 'nice', '{img1:“mmxt2.png”}', '2021-04-27 14:53:20', 1, '你好我也好', '2021-04-27 14:53:37', 1);
INSERT INTO `product_comments` VALUES ('3', '3', '咪咪虾条', '10000003', '1', 1, 1, 1, '评价内容3', '{}', '2021-04-27 09:36:36', 0, NULL, NULL, 1);
INSERT INTO `product_comments` VALUES ('4', '3', '咪咪虾条', '10000004', '2', 1, 1, 1, '评价内容3', '{}', '2021-04-28 09:37:28', 0, NULL, NULL, 1);
INSERT INTO `product_comments` VALUES ('5', '3', '咪咪虾条', '10000005', '2', 1, 0, 1, '评价内容5', '{}', '2021-04-28 09:38:13', 0, NULL, NULL, 1);
INSERT INTO `product_comments` VALUES ('6', '3', '咪咪虾条', '10000006', '3', 1, 0, 1, '评价内容6', '{}', '2021-04-21 09:39:16', 0, NULL, NULL, 1);
INSERT INTO `product_comments` VALUES ('7', '3', '咪咪虾条', '10000007', '4', 0, -1, 1, '评价内容7', '{}', '2021-04-06 09:40:01', 0, NULL, NULL, 1);
INSERT INTO `product_comments` VALUES ('10', '32', '海天酱油', '10000010', '1', 1, 1, 1, '物美价廉', '1', '2022-08-18 22:47:57', 0, '谢谢惠顾', '2022-08-18 22:48:08', 1);
INSERT INTO `product_comments` VALUES ('11', '32', '海天酱油', '10000010', '1', 1, 1, 1, '物美价廉', '{}', '2022-08-18 22:51:36', 0, '谢谢惠顾', '2022-08-18 22:51:55', 1);
INSERT INTO `product_comments` VALUES ('8', '30', '农夫山泉', '10000008', '1', 1, 1, 1, '农夫山泉有点甜', '1', '2022-08-18 22:46:05', 0, '谢谢惠顾', '2022-08-18 22:46:25', 1);
INSERT INTO `product_comments` VALUES ('9', '31', '康师傅红烧牛肉面', '10000009', '1', 1, 1, 1, '先喝汤面更香', '1', '2022-08-18 22:47:05', 0, '谢谢惠顾', '2022-08-18 22:47:20', 1);

-- ----------------------------
-- Table structure for product_img
-- ----------------------------
DROP TABLE IF EXISTS `product_img`;
CREATE TABLE `product_img`  (
  `id` varchar(64) CHARACTER SET utf8 COLLATE utf8_general_ci NOT NULL COMMENT '图片主键',
  `item_id` varchar(64) CHARACTER SET utf8 COLLATE utf8_general_ci NOT NULL COMMENT '商品外键id 商品外键id',
  `url` varchar(128) CHARACTER SET utf8 COLLATE utf8_general_ci NOT NULL COMMENT '图片地址 图片地址',
  `sort` int(11) NOT NULL COMMENT '顺序 图片顺序，从小到大',
  `is_main` int(11) NOT NULL COMMENT '是否主图 是否主图，1：是，0：否',
  `created_time` datetime(0) NOT NULL COMMENT '创建时间',
  `updated_time` datetime(0) NOT NULL COMMENT '更新时间',
  PRIMARY KEY (`id`) USING BTREE
) ENGINE = InnoDB CHARACTER SET = utf8 COLLATE = utf8_general_ci COMMENT = '商品图片 ' ROW_FORMAT = Compact;

-- ----------------------------
-- Records of product_img
-- ----------------------------
INSERT INTO `product_img` VALUES ('1', '1', 'ala_1.png', 1, 1, '2021-04-22 15:25:08', '2021-04-22 15:25:15');
INSERT INTO `product_img` VALUES ('10', '6', 'wwxb_1.png', 1, 1, '2021-04-26 11:11:11', '2021-04-26 11:11:11');
INSERT INTO `product_img` VALUES ('11', '7', 'wwxb_1.png', 1, 1, '2021-04-26 11:11:11', '2021-04-26 11:11:11');
INSERT INTO `product_img` VALUES ('12', '8', 'wwxb_1.png', 1, 1, '2021-04-26 11:11:11', '2021-04-26 11:11:11');
INSERT INTO `product_img` VALUES ('13', '9', 'wwxb_1.png', 1, 1, '2021-04-26 11:11:11', '2021-04-26 11:11:11');
INSERT INTO `product_img` VALUES ('14', '10', 'wwxb_1.png', 1, 1, '2021-04-26 11:11:11', '2021-04-26 11:11:11');
INSERT INTO `product_img` VALUES ('15', '11', 'wwxb_1.png', 1, 1, '2021-04-26 11:11:11', '2021-04-26 11:11:11');
INSERT INTO `product_img` VALUES ('16', '12', 'wwxb_1.png', 1, 1, '2021-04-26 11:11:11', '2021-04-26 11:11:11');
INSERT INTO `product_img` VALUES ('17', '13', 'wwxb_1.png', 1, 1, '2021-04-26 11:11:11', '2021-04-26 11:11:11');
INSERT INTO `product_img` VALUES ('18', '14', 'wwxb_1.png', 1, 1, '2021-04-26 11:11:11', '2021-04-26 11:11:11');
INSERT INTO `product_img` VALUES ('19', '15', 'wwxb_1.png', 1, 1, '2021-04-26 11:11:11', '2021-04-26 11:11:11');
INSERT INTO `product_img` VALUES ('2', '1', 'ala_2.png', 2, 0, '2021-04-22 15:25:39', '2021-04-22 15:25:44');
INSERT INTO `product_img` VALUES ('20', '16', 'wwxb_1.png', 1, 1, '2021-04-26 11:11:11', '2021-04-26 11:11:11');
INSERT INTO `product_img` VALUES ('21', '17', 'wwxb_1.png', 1, 1, '2021-04-26 11:11:11', '2021-04-26 11:11:11');
INSERT INTO `product_img` VALUES ('22', '18', 'wwxb_1.png', 1, 1, '2021-04-26 11:11:11', '2021-04-26 11:11:11');
INSERT INTO `product_img` VALUES ('23', '19', 'jlj_1.png', 1, 1, '2021-05-10 09:54:10', '2021-05-10 09:54:12');
INSERT INTO `product_img` VALUES ('3', '2', 'hfb_1.png', 1, 1, '2021-04-24 15:30:09', '2021-04-25 15:30:19');
INSERT INTO `product_img` VALUES ('4', '2', 'hfb_2.png', 2, 0, '2021-04-25 15:30:45', '2021-04-25 15:30:48');
INSERT INTO `product_img` VALUES ('5', '3', 'mmxt_1.png', 1, 1, '2021-04-25 15:59:28', '2021-04-25 15:59:31');
INSERT INTO `product_img` VALUES ('6', '3', 'mmxt_2.png', 2, 0, '2021-04-25 15:59:51', '2021-04-25 15:59:54');
INSERT INTO `product_img` VALUES ('7', '4', 'wwxb_1.png', 1, 1, '2021-04-25 16:00:12', '2021-04-25 16:00:17');
INSERT INTO `product_img` VALUES ('8', '4', 'wwxb_2.png', 2, 0, '2021-04-25 16:00:36', '2021-04-25 16:00:39');
INSERT INTO `product_img` VALUES ('9', '5', 'wwxb_1.png', 1, 1, '2021-04-26 11:11:11', '2021-04-26 11:11:11');
INSERT INTO `product_img` VALUES ('30', '30', 'water.jpg', 1, 1, '2022-08-18 21:42:33', '2022-08-18 21:42:35');
INSERT INTO `product_img` VALUES ('31', '31', 'mian.jpg', 1, 1, '2022-08-18 21:43:05', '2022-08-18 21:43:07');
INSERT INTO `product_img` VALUES ('32', '32', 'haitian.jpg', 1, 1, '2022-08-18 21:43:22', '2022-08-18 21:43:24');
-- ----------------------------
-- Table structure for product_params
-- ----------------------------
DROP TABLE IF EXISTS `product_params`;
CREATE TABLE `product_params`  (
  `param_id` varchar(64) CHARACTER SET utf8 COLLATE utf8_general_ci NOT NULL COMMENT '商品参数id',
  `product_id` varchar(32) CHARACTER SET utf8 COLLATE utf8_general_ci NOT NULL COMMENT '商品id',
  `product_place` varchar(32) CHARACTER SET utf8 COLLATE utf8_general_ci NOT NULL COMMENT '产地 产地，例：中国江苏',
  `foot_period` varchar(32) CHARACTER SET utf8 COLLATE utf8_general_ci NOT NULL COMMENT '保质期 保质期，例：180天',
  `brand` varchar(32) CHARACTER SET utf8 COLLATE utf8_general_ci NOT NULL COMMENT '品牌名 品牌名，例：三只大灰狼',
  `factory_name` varchar(32) CHARACTER SET utf8 COLLATE utf8_general_ci NOT NULL COMMENT '生产厂名 生产厂名，例：大灰狼工厂',
  `factory_address` varchar(32) CHARACTER SET utf8 COLLATE utf8_general_ci NOT NULL COMMENT '生产厂址 生产厂址，例：大灰狼生产基地',
  `packaging_method` varchar(32) CHARACTER SET utf8 COLLATE utf8_general_ci NOT NULL COMMENT '包装方式 包装方式，例：袋装',
  `weight` varchar(32) CHARACTER SET utf8 COLLATE utf8_general_ci NOT NULL COMMENT '规格重量 规格重量，例：35g',
  `storage_method` varchar(32) CHARACTER SET utf8 COLLATE utf8_general_ci NOT NULL COMMENT '存储方法 存储方法，例：常温5~25°',
  `eat_method` varchar(32) CHARACTER SET utf8 COLLATE utf8_general_ci NOT NULL COMMENT '食用方式 食用方式，例：开袋即食',
  `create_time` datetime(0) NOT NULL COMMENT '创建时间',
  `update_time` datetime(0) NOT NULL COMMENT '更新时间',
  PRIMARY KEY (`param_id`) USING BTREE
) ENGINE = InnoDB CHARACTER SET = utf8 COLLATE = utf8_general_ci COMMENT = '商品参数 ' ROW_FORMAT = Compact;

-- ----------------------------
-- Records of product_params
-- ----------------------------
INSERT INTO `product_params` VALUES ('1', '3', '中国湖北武汉', '12个月', '咪咪', '贤磊咪咪虾条有限责任公司', '湖北武汉江夏区光谷大道77号', '袋装', '50g', '常温保存', '开袋即食', '2021-04-27 11:53:20', '2021-04-27 11:53:35');
INSERT INTO `product_params` VALUES ('2', '19', '中国湖北武汉', '12个月', '卫龙', '贤磊咪咪虾条有限责任公司', '湖北武汉江夏区光谷大道77号', '袋装', '50g', '常温保存', '开袋即食', '2021-04-27 11:53:20', '2021-04-27 11:53:35');
INSERT INTO `product_params` VALUES ('3', '20', '中国湖北武汉', '12个月', '威龙', '贤磊咪咪虾条有限责任公司', '湖北武汉江夏区光谷大道77号', '袋装', '50g', '常温保存', '开袋即食', '2021-04-27 11:53:20', '2021-04-27 11:53:35');
INSERT INTO `product_params` VALUES ('4', '21', '中国湖北武汉', '12个月', '卫龙', '贤磊咪咪虾条有限责任公司', '湖北武汉江夏区光谷大道77号', '袋装', '50g', '常温保存', '开袋即食', '2021-04-27 11:53:20', '2021-04-27 11:53:35');
INSERT INTO `product_params` VALUES ('5', '22', '中国湖北武汉', '12个月', '威龙', '贤磊咪咪虾条有限责任公司', '湖北武汉江夏区光谷大道77号', '袋装', '50g', '常温保存', '开袋即食', '2021-04-27 11:53:20', '2021-04-27 11:53:35');
INSERT INTO `product_params` VALUES ('6', '23', '中国湖北武汉', '12个月', '老干妈', '贤磊咪咪虾条有限责任公司', '湖北武汉江夏区光谷大道77号', '袋装', '50g', '常温保存', '开袋即食', '2021-04-27 11:53:20', '2021-04-27 11:53:35');
INSERT INTO `product_params` VALUES ('7', '24', '中国湖北武汉', '12个月', '卫龙', '贤磊咪咪虾条有限责任公司', '湖北武汉江夏区光谷大道77号', '袋装', '50g', '常温保存', '开袋即食', '2021-04-27 11:53:20', '2021-04-27 11:53:35');
INSERT INTO `product_params` VALUES ('8', '1', '中国湖北武汉', '12个月', '良品铺子', '贤磊咪咪虾条有限责任公司', '湖北武汉江夏区光谷大道77号', '袋装', '50g', '常温保存', '开袋即食', '2021-04-27 11:53:20', '2021-04-27 11:53:35');
INSERT INTO `product_params` VALUES ('9', '30', '中国湖北武汉', '12个月', '农夫山泉', '贤磊咪咪虾条有限责任公司', '湖北武汉江夏区光谷大道77号', '瓶装', '500g', '常温保存', '开瓶即饮', '2022-08-18 22:40:12', '2022-08-18 22:40:14');
INSERT INTO `product_params` VALUES ('10', '31', '中国湖北武汉', '12个月', '康师傅', '贤磊咪咪虾条有限责任公司', '湖北武汉江夏区光谷大道77号', '袋装', '250g', '常温保存', '开袋即食', '2022-08-18 22:41:44', '2022-08-18 22:41:48');
INSERT INTO `product_params` VALUES ('11', '32', '中国湖北武汉', '12个月', '海天', '贤磊咪咪虾条有限责任公司', '湖北武汉江夏区光谷大道77号', '瓶装', '500g', '常温保存', '开瓶即用', '2022-08-18 22:42:11', '2022-08-18 22:42:14');
-- ----------------------------
-- Table structure for product_sku
-- ----------------------------
DROP TABLE IF EXISTS `product_sku`;
CREATE TABLE `product_sku`  (
  `sku_id` varchar(64) CHARACTER SET utf8 COLLATE utf8_general_ci NOT NULL COMMENT 'sku编号',
  `product_id` varchar(64) CHARACTER SET utf8 COLLATE utf8_general_ci NOT NULL COMMENT '商品id',
  `sku_name` varchar(32) CHARACTER SET utf8 COLLATE utf8_general_ci NOT NULL COMMENT 'sku名称',
  `sku_img` varchar(32) CHARACTER SET utf8 COLLATE utf8_general_ci NULL DEFAULT NULL COMMENT 'sku图片',
  `untitled` varchar(400) CHARACTER SET utf8 COLLATE utf8_general_ci NULL DEFAULT NULL COMMENT '属性组合（格式是p1:v1;p2:v2）',
  `original_price` int(11) NOT NULL COMMENT '原价',
  `sell_price` int(11) NOT NULL COMMENT '销售价格',
  `discounts` decimal(4, 2) NOT NULL COMMENT '折扣力度',
  `stock` int(11) NOT NULL COMMENT '库存',
  `create_time` datetime(0) NOT NULL COMMENT '创建时间',
  `update_time` datetime(0) NOT NULL COMMENT '更新时间',
  `status` int(11) NULL DEFAULT NULL COMMENT 'sku状态(1启用，0禁用，-1删除)',
  PRIMARY KEY (`sku_id`) USING BTREE
) ENGINE = InnoDB CHARACTER SET = utf8 COLLATE = utf8_general_ci COMMENT = '商品规格 每一件商品都有不同的规格，不同的规格又有不同的价格和优惠力度，规格表为此设计' ROW_FORMAT = Compact;

-- ----------------------------
-- Records of product_sku
-- ----------------------------
INSERT INTO `product_sku` VALUES ('1', '3', '咪咪虾条 单包 50g', 'mmxt_1.png', '{口味:[\"原味\",\"烧烤\",\"芥末\"],包装:[\"盒装\",\"袋装\"]}', 2, 1, 0.70, 316, '2021-04-26 15:58:00', '2021-04-25 15:58:00', 1);
INSERT INTO `product_sku` VALUES ('10', '24', '加力加 100g', 'jlj_1.png', '{口味:[\"原味\",\"微辣\",\"BT\"]}', 3, 2, 0.50, 999, '2021-05-10 09:56:09', '2021-05-10 09:56:12', 1);
INSERT INTO `product_sku` VALUES ('11', '25', '加力加 100g', 'jlj_1.png', '{口味:[\"原味\",\"微辣\",\"BT\"]}', 3, 2, 0.50, 999, '2021-05-10 09:56:09', '2021-05-10 09:56:12', 1);
INSERT INTO `product_sku` VALUES ('12', '26', '加力加 100g', 'jlj_1.png', '{口味:[\"原味\",\"微辣\",\"BT\"]}', 3, 2, 0.50, 999, '2021-05-10 09:56:09', '2021-05-10 09:56:12', 1);
INSERT INTO `product_sku` VALUES ('13', '27', '加力加 100g', 'jlj_1.png', '{口味:[\"原味\",\"微辣\",\"BT\"]}', 3, 2, 0.50, 999, '2021-05-10 09:56:09', '2021-05-10 09:56:12', 1);
INSERT INTO `product_sku` VALUES ('14', '28', '加力加 100g', 'jlj_1.png', '{口味:[\"原味\",\"微辣\",\"BT\"]}', 3, 2, 0.50, 999, '2021-05-10 09:56:09', '2021-05-10 09:56:12', 1);
INSERT INTO `product_sku` VALUES ('15', '29', '加力加 100g', 'jlj_1.png', '{口味:[\"原味\",\"微辣\",\"BT\"]}', 3, 2, 0.50, 999, '2021-05-10 09:56:09', '2021-05-10 09:56:12', 1);
INSERT INTO `product_sku` VALUES ('2', '3', '咪咪虾条 6连包', 'mmxt_1.png', '{口味:[\"原味\",\"烧烤\"],包装:[\"新包装\",\"老包装\"]}', 6, 5, 0.60, 171, '2021-04-26 14:48:21', '2021-04-26 14:48:25', 1);
INSERT INTO `product_sku` VALUES ('3', '3', '咪咪虾条 整箱50包', 'mmxt_1.png', '{口味:[\"原味\",\"烧烤\",\"孜然\"]}', 50, 40, 0.50, 37, '2021-04-26 14:49:20', '2021-04-26 14:49:23', 1);
INSERT INTO `product_sku` VALUES ('4', '1', '奥利奥分享装', 'ala_1.png', '{口味:[\"草莓\",\"巧克力\",\"牛奶\",\"原味\"]}', 10, 8, 0.80, 137, '2021-04-27 11:38:55', '2021-04-27 11:39:00', 1);
INSERT INTO `product_sku` VALUES ('5', '19', '加力加 100g', 'jlj_1.png', '{口味:[\"原味\",\"微辣\",\"BT\"]}', 3, 2, 0.50, 999, '2021-05-10 09:56:09', '2021-05-10 09:56:12', 1);
INSERT INTO `product_sku` VALUES ('6', '20', '加力加 100g', 'jlj_1.png', '{口味:[\"原味\",\"微辣\",\"BT\"]}', 3, 2, 0.50, 999, '2021-05-10 09:56:09', '2021-05-10 09:56:12', 1);
INSERT INTO `product_sku` VALUES ('7', '21', '加力加 100g', 'jlj_1.png', '{口味:[\"原味\",\"微辣\",\"BT\"]}', 3, 2, 0.50, 999, '2021-05-10 09:56:09', '2021-05-10 09:56:12', 1);
INSERT INTO `product_sku` VALUES ('8', '22', '加力加 100g', 'jlj_1.png', '{口味:[\"原味\",\"微辣\",\"BT\"]}', 3, 2, 0.50, 999, '2021-05-10 09:56:09', '2021-05-10 09:56:12', 1);
INSERT INTO `product_sku` VALUES ('9', '23', '加力加 100g', 'jlj_1.png', '{口味:[\"原味\",\"微辣\",\"BT\"]}', 3, 2, 0.50, 999, '2021-05-10 09:56:09', '2021-05-10 09:56:12', 1);
INSERT INTO `product_sku` VALUES ('21', '30', '农夫山泉500ml', 'jlj_1.png', '无', 2, 2, 0.50, 10000, '2022-08-18 21:39:01', '2022-08-18 21:39:03', 1);
INSERT INTO `product_sku` VALUES ('22', '31', '康师傅红烧牛肉面150g', 'jlj_1.png', '{口味:[\"原味\",\"微辣\",\"BT\"]}', 2, 3, 0.50, 9999, '2022-08-18 21:40:49', '2022-08-18 21:40:52', 1);
INSERT INTO `product_sku` VALUES ('23', '32', '海天酱油500ml', 'jlj_1.png', '无', 10, 8, 0.80, 5000, '2022-08-18 21:41:50', '2022-08-18 21:41:52', 1);
-- ----------------------------
-- Table structure for shopping_cart
-- ----------------------------
DROP TABLE IF EXISTS `shopping_cart`;
CREATE TABLE `shopping_cart`  (
  `cart_id` int(11) NOT NULL AUTO_INCREMENT COMMENT '主键',
  `product_id` varchar(32) CHARACTER SET utf8 COLLATE utf8_general_ci NOT NULL COMMENT '商品ID',
  `sku_id` varchar(32) CHARACTER SET utf8 COLLATE utf8_general_ci NOT NULL COMMENT 'skuID',
  `user_id` varchar(64) CHARACTER SET utf8 COLLATE utf8_general_ci NOT NULL COMMENT '用户ID',
  `cart_num` varchar(32) CHARACTER SET utf8 COLLATE utf8_general_ci NOT NULL COMMENT '购物车商品数量',
  `cart_time` varchar(32) CHARACTER SET utf8 COLLATE utf8_general_ci NOT NULL COMMENT '添加购物车时间',
  `product_price` decimal(32, 8) NULL DEFAULT NULL COMMENT '添加购物车时商品价格',
  `sku_props` varchar(255) CHARACTER SET utf8 COLLATE utf8_general_ci NULL DEFAULT NULL COMMENT '选择的套餐的属性',
  PRIMARY KEY (`cart_id`) USING BTREE
) ENGINE = InnoDB AUTO_INCREMENT = 8 CHARACTER SET = utf8 COLLATE = utf8_general_ci COMMENT = '购物车 ' ROW_FORMAT = Compact;

-- ----------------------------
-- Records of shopping_cart
-- ----------------------------
INSERT INTO `shopping_cart` VALUES (5, '3', '1', '6', '1', '2021-05-12 09:18:35', 1.00000000, '口味:原味;包装:盒装;');
INSERT INTO `shopping_cart` VALUES (6, '1', '4', '6', '1', '2021-05-12 09:18:47', 8.00000000, '口味:草莓;');
INSERT INTO `shopping_cart` VALUES (7, '3', '1', '1', '1', '2021-05-12 09:37:15', 1.00000000, '口味:原味;包装:盒装;');

-- ----------------------------
-- Table structure for user_addr
-- ----------------------------
DROP TABLE IF EXISTS `user_addr`;
CREATE TABLE `user_addr`  (
  `addr_id` int(64) AUTO_INCREMENT not null COMMENT '地址主键id',
  `user_id` varchar(64) CHARACTER SET utf8 COLLATE utf8_general_ci NOT NULL COMMENT '用户ID',
  `receiver_name` varchar(32) CHARACTER SET utf8 COLLATE utf8_general_ci NOT NULL COMMENT '收件人姓名',
  `receiver_mobile` varchar(32) CHARACTER SET utf8 COLLATE utf8_general_ci NOT NULL COMMENT '收件人手机号',
  `province` varchar(32) CHARACTER SET utf8 COLLATE utf8_general_ci NOT NULL COMMENT '省份',
  `city` varchar(32) CHARACTER SET utf8 COLLATE utf8_general_ci NOT NULL COMMENT '城市',
  `area` varchar(32) CHARACTER SET utf8 COLLATE utf8_general_ci NOT NULL COMMENT '区县',
  `addr` varchar(128) CHARACTER SET utf8 COLLATE utf8_general_ci NOT NULL COMMENT '详细地址',
  `post_code` varchar(32) CHARACTER SET utf8 COLLATE utf8_general_ci NULL DEFAULT NULL COMMENT '邮编',
  `status` int(11) NULL DEFAULT NULL COMMENT '状态,1正常，0无效',
  `common_addr` int(11) NULL DEFAULT NULL COMMENT '是否默认地址 1是 1:是  0:否',
  `create_time` datetime(0) NOT NULL COMMENT '创建时间',
  `update_time` datetime(0) NOT NULL COMMENT '更新时间',
  PRIMARY KEY (`addr_id`) USING BTREE
) ENGINE = InnoDB CHARACTER SET = utf8 COLLATE = utf8_general_ci COMMENT = '用户地址 ' ROW_FORMAT = Compact;

-- ----------------------------
-- Records of user_addr
-- ----------------------------
INSERT INTO `user_addr` VALUES ('1', '1', '张三', '13030303300', '湖北', '武汉', '江夏区', '光谷大道77号', '421000', 1, 1, '2021-04-30 09:33:30', '2021-04-28 09:33:37');
INSERT INTO `user_addr` VALUES ('2', '1', '小丽', '13131313311', '湖北', '宜昌', '夷陵区', '巴拉巴拉', '410000', 1, 0, '2021-04-30 09:34:41', '2021-04-30 09:34:44');
INSERT INTO `user_addr` VALUES ('3', '6', '韩梅梅', '13232323322', '湖南', '长沙', '岳麓区', '淅沥淅沥', '430000', 1, 1, '2021-04-30 09:35:49', '2021-04-30 09:35:53');
INSERT INTO `user_addr` VALUES ('5', '9', '张三麻', '22222222222', '河南', '郑州', '二七区', '世纪大道', '453400', 1, 1, '2022-08-19 21:56:43', '2022-08-19 21:56:46');
INSERT INTO `user_addr` VALUES ('7', '9', '郑州', '18790683753', '河南', '郑州', '二七区', '啊啊啊', '453400', 0, 0, '2022-08-20 20:42:26', '2022-08-20 20:42:26');

-- ----------------------------
-- Table structure for user_login_history
-- ----------------------------
DROP TABLE IF EXISTS `user_login_history`;
CREATE TABLE `user_login_history`  (
  `ID` int(11) NOT NULL AUTO_INCREMENT COMMENT 'ID',
  `AREA` varchar(32) CHARACTER SET utf8 COLLATE utf8_general_ci NULL DEFAULT NULL COMMENT '地区',
  `COUNTRY` varchar(32) CHARACTER SET utf8 COLLATE utf8_general_ci NULL DEFAULT NULL COMMENT '国家',
  `USER_ID` varchar(64) CHARACTER SET utf8 COLLATE utf8_general_ci NULL DEFAULT NULL COMMENT '用户id',
  `IP` varchar(32) CHARACTER SET utf8 COLLATE utf8_general_ci NOT NULL COMMENT 'IP',
  `LOGIN_TIME` varchar(32) CHARACTER SET utf8 COLLATE utf8_general_ci NOT NULL COMMENT '时间',
  PRIMARY KEY (`ID`) USING BTREE
) ENGINE = InnoDB AUTO_INCREMENT = 1 CHARACTER SET = utf8 COLLATE = utf8_general_ci COMMENT = '登录历史表 ' ROW_FORMAT = Compact;

-- ----------------------------
-- Table structure for users
-- ----------------------------
DROP TABLE IF EXISTS `users`;
CREATE TABLE `users`  (
  `user_id` varchar(64) NOT NULL AUTO_INCREMENT COMMENT '主键id 用户id',
  `username` varchar(32) CHARACTER SET utf8 COLLATE utf8_general_ci NOT NULL COMMENT '用户名 用户名',
  `password` varchar(64) CHARACTER SET utf8 COLLATE utf8_general_ci NOT NULL COMMENT '密码 密码',
  `nickname` varchar(32) CHARACTER SET utf8 COLLATE utf8_general_ci NULL DEFAULT NULL COMMENT '昵称 昵称',
  `realname` varchar(128) CHARACTER SET utf8 COLLATE utf8_general_ci NULL DEFAULT NULL COMMENT '真实姓名 真实姓名',
  `user_img` varchar(1024) CHARACTER SET utf8 COLLATE utf8_general_ci NOT NULL COMMENT '头像 头像',
  `user_mobile` varchar(32) CHARACTER SET utf8 COLLATE utf8_general_ci NULL DEFAULT NULL COMMENT '手机号 手机号',
  `user_email` varchar(32) CHARACTER SET utf8 COLLATE utf8_general_ci NULL DEFAULT NULL COMMENT '邮箱地址 邮箱地址',
  `user_sex` char(1) CHARACTER SET utf8 COLLATE utf8_general_ci NULL DEFAULT NULL COMMENT '性别 M(男) or F(女)',
  `user_birth` date NULL DEFAULT NULL COMMENT '生日 生日',
  `user_regtime` datetime(0) NOT NULL COMMENT '注册时间 创建时间',
  `user_modtime` datetime(0) NOT NULL COMMENT '更新时间 更新时间',
  `security_deposit` decimal(10, 0) NULL DEFAULT NULL COMMENT '保证金',
  PRIMARY KEY (`user_id`) USING BTREE
) ENGINE = InnoDB AUTO_INCREMENT = 9 CHARACTER SET = utf8 COLLATE = utf8_general_ci COMMENT = '用户 ' ROW_FORMAT = Compact;

-- ----------------------------
-- Records of users
-- ----------------------------
INSERT INTO `users` VALUES (1, 'zhangsan', 'f379eaf3c831b04de153469d1bec345e', NULL, NULL, 'img/default.png', NULL, NULL, NULL, NULL, '2021-04-15 16:10:53', '2021-04-15 16:10:53');
INSERT INTO `users` VALUES (2, 'aaaa', '1111', NULL, NULL, 'img/default.png', NULL, NULL, NULL, NULL, '2021-04-16 11:10:01', '2021-04-16 11:10:01');
INSERT INTO `users` VALUES (3, 'wahaha', '4297f44b13955235245b2497399d7a93', NULL, NULL, 'img/default.png', NULL, NULL, NULL, NULL, '2021-04-16 15:36:52', '2021-04-16 15:36:52');
INSERT INTO `users` VALUES (4, 'heihei', '4297f44b13955235245b2497399d7a93', '二狗', NULL, 'img/default.png', NULL, NULL, NULL, NULL, '2021-04-16 15:38:49', '2021-04-16 15:38:49');
INSERT INTO `users` VALUES (5, 'Tony', '4297f44b13955235245b2497399d7a93', '托尼', NULL, 'img/default.png', NULL, NULL, NULL, NULL, '2021-04-23 10:25:04', '2021-04-23 10:25:04');
INSERT INTO `users` VALUES (6, 'hanmeimei', 'f379eaf3c831b04de153469d1bec345e', NULL, NULL, 'img/default.png', NULL, NULL, NULL, NULL, '2021-04-23 10:30:52', '2021-04-23 10:30:52');
INSERT INTO `users` VALUES (7, 'lilei123', '4297f44b13955235245b2497399d7a93', NULL, NULL, 'img/default.png', NULL, NULL, NULL, NULL, '2021-04-23 10:33:03', '2021-04-23 10:33:03');
INSERT INTO `users` VALUES (8, 'tom123123', '4297f44b13955235245b2497399d7a93', NULL, NULL, 'img/default.png', NULL, NULL, NULL, NULL, '2021-04-23 10:34:49', '2021-04-23 10:34:49');
INSERT INTO `users` VALUES (9, '2997152047@qq.com', '25f9e794323b453885f5181f1b624d0b', NULL, NULL, 'img/default.png', NULL, NULL, NULL, NULL, '2022-08-14 15:54:18', '2022-08-14 15:54:18');
INSERT INTO `users` VALUES (10, 'zhaishangzhao', '1bbd886460827015e5d605ed44252251', NULL, NULL, 'img/default.png', NULL, NULL, NULL, NULL, '2022-08-18 23:13:52', '2022-08-18 23:13:52');

SET FOREIGN_KEY_CHECKS = 1;


SET NAMES utf8mb4;
SET FOREIGN_KEY_CHECKS = 0;

-- ----------------------------
-- Table structure for area_code
-- ----------------------------
DROP TABLE IF EXISTS `area_code`;
CREATE TABLE `area_code`  (
                              `id` int NOT NULL COMMENT '地区id',
                              `name` varchar(255) CHARACTER SET utf8 COLLATE utf8_general_ci NOT NULL COMMENT '地区名称',
                              `pid` int NOT NULL COMMENT '父地区id',
                              `area_code` int NULL DEFAULT NULL COMMENT '地区编码',
                              `visible` int NULL DEFAULT NULL COMMENT '是否可见',
                              `displayorder` int NULL DEFAULT NULL COMMENT '是否支持配送',
                              PRIMARY KEY (`id`) USING BTREE
) ENGINE = InnoDB CHARACTER SET = utf8 COLLATE = utf8_general_ci ROW_FORMAT = Dynamic;

-- ----------------------------
-- Records of area_code
-- ----------------------------
INSERT INTO `area_code` VALUES (1, '北京市', 0, 110000, 0, 0);
INSERT INTO `area_code` VALUES (2, '天津市', 0, 120000, 0, 0);
INSERT INTO `area_code` VALUES (3, '上海市', 0, 310000, 0, 0);
INSERT INTO `area_code` VALUES (4, '重庆市', 0, 500000, 0, 0);
INSERT INTO `area_code` VALUES (5, '河北省', 0, 130000, 0, 0);
INSERT INTO `area_code` VALUES (6, '山西省', 0, 140000, 0, 0);
INSERT INTO `area_code` VALUES (7, '内蒙古自治区', 0, 150000, 0, 0);
INSERT INTO `area_code` VALUES (8, '辽宁省', 0, 210000, 0, 0);
INSERT INTO `area_code` VALUES (9, '吉林省', 0, 220000, 0, 0);
INSERT INTO `area_code` VALUES (10, '黑龙江省', 0, 230000, 0, 0);
INSERT INTO `area_code` VALUES (11, '江苏省', 0, 320000, 0, 0);
INSERT INTO `area_code` VALUES (12, '浙江省', 0, 330000, 0, 0);
INSERT INTO `area_code` VALUES (13, '安徽省', 0, 340000, 0, 0);
INSERT INTO `area_code` VALUES (14, '福建省', 0, 350000, 0, 0);
INSERT INTO `area_code` VALUES (15, '江西省', 0, 360000, 0, 0);
INSERT INTO `area_code` VALUES (16, '山东省', 0, 370000, 0, 0);
INSERT INTO `area_code` VALUES (17, '河南省', 0, 410000, 0, 0);
INSERT INTO `area_code` VALUES (18, '湖北省', 0, 420000, 0, 0);
INSERT INTO `area_code` VALUES (19, '湖南省', 0, 430000, 0, 0);
INSERT INTO `area_code` VALUES (20, '广东省', 0, 440000, 0, 0);
INSERT INTO `area_code` VALUES (21, '广西自治区', 0, 450000, 0, 0);
INSERT INTO `area_code` VALUES (22, '海南省', 0, 460000, 0, 0);
INSERT INTO `area_code` VALUES (23, '四川省', 0, 510000, 0, 0);
INSERT INTO `area_code` VALUES (24, '贵州省', 0, 520000, 0, 0);
INSERT INTO `area_code` VALUES (25, '云南省', 0, 530000, 0, 0);
INSERT INTO `area_code` VALUES (26, '西藏自治区', 0, 540000, 0, 0);
INSERT INTO `area_code` VALUES (27, '陕西省', 0, 610000, 0, 0);
INSERT INTO `area_code` VALUES (28, '甘肃省', 0, 620000, 0, 0);
INSERT INTO `area_code` VALUES (29, '青海省', 0, 630000, 0, 0);
INSERT INTO `area_code` VALUES (30, '宁夏自治区', 0, 640000, 0, 0);
INSERT INTO `area_code` VALUES (31, '新疆自治区', 0, 650000, 0, 0);
INSERT INTO `area_code` VALUES (32, '台湾省', 0, 710000, 0, 0);
INSERT INTO `area_code` VALUES (33, '香港特别行政区', 0, 810000, 0, 0);
INSERT INTO `area_code` VALUES (34, '澳门特别行政区', 0, 820000, 0, 0);
INSERT INTO `area_code` VALUES (35, '海外', 0, NULL, 0, 0);
INSERT INTO `area_code` VALUES (36, '东城区', 7047, 110101, 0, 0);
INSERT INTO `area_code` VALUES (37, '西城区', 7047, 110102, 0, 0);
INSERT INTO `area_code` VALUES (40, '朝阳区', 7047, 110105, 0, 0);
INSERT INTO `area_code` VALUES (41, '丰台区', 7047, 110106, 0, 0);
INSERT INTO `area_code` VALUES (42, '石景山区', 7047, 110107, 0, 0);
INSERT INTO `area_code` VALUES (43, '海淀区', 7047, 110108, 0, 0);
INSERT INTO `area_code` VALUES (44, '门头沟区', 7047, 110109, 0, 0);
INSERT INTO `area_code` VALUES (45, '房山区', 7047, 110111, 0, 0);
INSERT INTO `area_code` VALUES (46, '通州区', 7047, 110112, 0, 0);
INSERT INTO `area_code` VALUES (47, '顺义区', 7047, 110113, 0, 0);
INSERT INTO `area_code` VALUES (48, '昌平区', 7047, 110114, 0, 0);
INSERT INTO `area_code` VALUES (49, '大兴区', 7047, 110115, 0, 0);
INSERT INTO `area_code` VALUES (50, '怀柔区', 7047, 110116, 0, 0);
INSERT INTO `area_code` VALUES (51, '平谷区', 7047, 110117, 0, 0);
INSERT INTO `area_code` VALUES (52, '密云区', 7047, 110228, 0, 0);
INSERT INTO `area_code` VALUES (53, '延庆区', 7047, 110229, 0, 0);
INSERT INTO `area_code` VALUES (54, '和平区', 7048, 120101, 0, 0);
INSERT INTO `area_code` VALUES (55, '河东区', 7048, 120102, 0, 0);
INSERT INTO `area_code` VALUES (56, '河西区', 7048, 120103, 0, 0);
INSERT INTO `area_code` VALUES (57, '南开区', 7048, 120104, 0, 0);
INSERT INTO `area_code` VALUES (58, '河北区', 7048, 120105, 0, 0);
INSERT INTO `area_code` VALUES (59, '红桥区', 7048, 120106, 0, 0);
INSERT INTO `area_code` VALUES (60, '东丽区', 7048, 120110, 0, 0);
INSERT INTO `area_code` VALUES (61, '西青区', 7048, 120111, 0, 0);
INSERT INTO `area_code` VALUES (62, '津南区', 7048, 120112, 0, 0);
INSERT INTO `area_code` VALUES (63, '北辰区', 7048, 120113, 0, 0);
INSERT INTO `area_code` VALUES (64, '武清区', 7048, 120114, 0, 0);
INSERT INTO `area_code` VALUES (65, '宝坻区', 7048, 120115, 0, 0);
INSERT INTO `area_code` VALUES (66, '滨海新区', 7048, 120116, 0, 0);
INSERT INTO `area_code` VALUES (67, '宁河区', 7048, 120117, 0, 0);
INSERT INTO `area_code` VALUES (68, '蓟州区', 7048, 120119, 0, 0);
INSERT INTO `area_code` VALUES (69, '静海区', 7048, 120118, 0, 0);
INSERT INTO `area_code` VALUES (70, '黄浦区', 7049, 310101, 0, 0);
INSERT INTO `area_code` VALUES (71, '徐汇区', 7049, 310104, 0, 0);
INSERT INTO `area_code` VALUES (72, '长宁区', 7049, 310105, 0, 0);
INSERT INTO `area_code` VALUES (73, '静安区', 7049, 310106, 0, 0);
INSERT INTO `area_code` VALUES (74, '普陀区', 7049, 310107, 0, 0);
INSERT INTO `area_code` VALUES (76, '虹口区', 7049, 310109, 0, 0);
INSERT INTO `area_code` VALUES (77, '杨浦区', 7049, 310110, 0, 0);
INSERT INTO `area_code` VALUES (78, '闵行区', 7049, 310112, 0, 0);
INSERT INTO `area_code` VALUES (79, '宝山区', 7049, 310113, 0, 0);
INSERT INTO `area_code` VALUES (80, '嘉定区', 7049, 310114, 0, 0);
INSERT INTO `area_code` VALUES (81, '浦东新区', 7049, 310115, 0, 0);
INSERT INTO `area_code` VALUES (82, '金山区', 7049, 310116, 0, 0);
INSERT INTO `area_code` VALUES (83, '松江区', 7049, 310117, 0, 0);
INSERT INTO `area_code` VALUES (84, '青浦区', 7049, 310118, 0, 0);
INSERT INTO `area_code` VALUES (85, '奉贤区', 7049, 310120, 0, 0);
INSERT INTO `area_code` VALUES (86, '崇明区', 7049, 310151, 0, 0);
INSERT INTO `area_code` VALUES (87, '万州区', 7050, 500101, 0, 0);
INSERT INTO `area_code` VALUES (88, '涪陵区', 7050, 500102, 0, 0);
INSERT INTO `area_code` VALUES (89, '渝中区', 7050, 500103, 0, 0);
INSERT INTO `area_code` VALUES (90, '大渡口区', 7050, 500104, 0, 0);
INSERT INTO `area_code` VALUES (91, '江北区', 7050, 500105, 0, 0);
INSERT INTO `area_code` VALUES (92, '沙坪坝区', 7050, 500106, 0, 0);
INSERT INTO `area_code` VALUES (93, '九龙坡区', 7050, 500107, 0, 0);
INSERT INTO `area_code` VALUES (94, '南岸区', 7050, 500108, 0, 0);
INSERT INTO `area_code` VALUES (95, '北碚区', 7050, 500109, 0, 0);
INSERT INTO `area_code` VALUES (96, '綦江区', 7050, 500110, 0, 0);
INSERT INTO `area_code` VALUES (97, '大足区', 7050, 500111, 0, 0);
INSERT INTO `area_code` VALUES (98, '渝北区', 7050, 500112, 0, 0);
INSERT INTO `area_code` VALUES (99, '巴南区', 7050, 500113, 0, 0);
INSERT INTO `area_code` VALUES (100, '黔江区', 7050, 500114, 0, 0);
INSERT INTO `area_code` VALUES (101, '长寿区', 7050, 500115, 0, 0);
INSERT INTO `area_code` VALUES (102, '江津区', 7050, 500116, 0, 0);
INSERT INTO `area_code` VALUES (103, '合川区', 7050, 500117, 0, 0);
INSERT INTO `area_code` VALUES (104, '永川区', 7050, 500118, 0, 0);
INSERT INTO `area_code` VALUES (105, '南川区', 7050, 500119, 0, 0);
INSERT INTO `area_code` VALUES (106, '潼南区', 7050, 500223, 0, 0);
INSERT INTO `area_code` VALUES (107, '铜梁区', 7050, 500151, 0, 0);
INSERT INTO `area_code` VALUES (108, '荣昌区', 7050, 500226, 0, 0);
INSERT INTO `area_code` VALUES (109, '璧山区', 7050, 500120, 0, 0);
INSERT INTO `area_code` VALUES (110, '梁平区', 7050, 500155, 0, 0);
INSERT INTO `area_code` VALUES (111, '城口县', 7050, 500229, 0, 0);
INSERT INTO `area_code` VALUES (112, '丰都县', 7050, 500230, 0, 0);
INSERT INTO `area_code` VALUES (113, '垫江县', 7050, 500231, 0, 0);
INSERT INTO `area_code` VALUES (114, '武隆区', 7050, 500156, 0, 0);
INSERT INTO `area_code` VALUES (115, '忠县', 7050, 500233, 0, 0);
INSERT INTO `area_code` VALUES (116, '开州区', 7050, 500154, 0, 0);
INSERT INTO `area_code` VALUES (117, '云阳县', 7050, 500235, 0, 0);
INSERT INTO `area_code` VALUES (118, '奉节县', 7050, 500236, 0, 0);
INSERT INTO `area_code` VALUES (119, '巫山县', 7050, 500237, 0, 0);
INSERT INTO `area_code` VALUES (120, '巫溪县', 7050, 500238, 0, 0);
INSERT INTO `area_code` VALUES (121, '石柱自治县', 7050, 500240, 0, 0);
INSERT INTO `area_code` VALUES (122, '秀山自治县', 7050, 500241, 0, 0);
INSERT INTO `area_code` VALUES (123, '酉阳自治县', 7050, 500242, 0, 0);
INSERT INTO `area_code` VALUES (124, '彭水自治县', 7050, 500243, 0, 0);
INSERT INTO `area_code` VALUES (125, '石家庄市', 5, 130100, 0, 0);
INSERT INTO `area_code` VALUES (126, '唐山市', 5, 130200, 0, 0);
INSERT INTO `area_code` VALUES (127, '秦皇岛市', 5, 130300, 0, 0);
INSERT INTO `area_code` VALUES (128, '邯郸市', 5, 130400, 0, 0);
INSERT INTO `area_code` VALUES (129, '邢台市', 5, 130500, 0, 0);
INSERT INTO `area_code` VALUES (130, '保定市', 5, 130600, 0, 0);
INSERT INTO `area_code` VALUES (131, '张家口市', 5, 130700, 0, 0);
INSERT INTO `area_code` VALUES (132, '承德市', 5, 130800, 0, 0);
INSERT INTO `area_code` VALUES (133, '沧州市', 5, 130900, 0, 0);
INSERT INTO `area_code` VALUES (134, '廊坊市', 5, 131000, 0, 0);
INSERT INTO `area_code` VALUES (135, '衡水市', 5, 131100, 0, 0);
INSERT INTO `area_code` VALUES (136, '太原市', 6, 140100, 0, 0);
INSERT INTO `area_code` VALUES (137, '大同市', 6, 140200, 0, 0);
INSERT INTO `area_code` VALUES (138, '阳泉市', 6, 140300, 0, 0);
INSERT INTO `area_code` VALUES (139, '长治市', 6, 140400, 0, 0);
INSERT INTO `area_code` VALUES (140, '晋城市', 6, 140500, 0, 0);
INSERT INTO `area_code` VALUES (141, '朔州市', 6, 140600, 0, 0);
INSERT INTO `area_code` VALUES (142, '晋中市', 6, 140700, 0, 0);
INSERT INTO `area_code` VALUES (143, '运城市', 6, 140800, 0, 0);
INSERT INTO `area_code` VALUES (144, '忻州市', 6, 140900, 0, 0);
INSERT INTO `area_code` VALUES (145, '临汾市', 6, 141000, 0, 0);
INSERT INTO `area_code` VALUES (146, '吕梁市', 6, 141100, 0, 0);
INSERT INTO `area_code` VALUES (147, '呼和浩特市', 7, 150100, 0, 0);
INSERT INTO `area_code` VALUES (148, '包头市', 7, 150200, 0, 0);
INSERT INTO `area_code` VALUES (149, '乌海市', 7, 150300, 0, 0);
INSERT INTO `area_code` VALUES (150, '赤峰市', 7, 150400, 0, 0);
INSERT INTO `area_code` VALUES (151, '通辽市', 7, 150500, 0, 0);
INSERT INTO `area_code` VALUES (152, '鄂尔多斯市', 7, 150600, 0, 0);
INSERT INTO `area_code` VALUES (153, '呼伦贝尔市', 7, 150700, 0, 0);
INSERT INTO `area_code` VALUES (154, '巴彦淖尔市', 7, 150800, 0, 0);
INSERT INTO `area_code` VALUES (155, '乌兰察布市', 7, 150900, 0, 0);
INSERT INTO `area_code` VALUES (156, '兴安盟', 7, 152200, 0, 0);
INSERT INTO `area_code` VALUES (157, '锡林郭勒盟', 7, 152500, 0, 0);
INSERT INTO `area_code` VALUES (158, '阿拉善盟', 7, 152900, 0, 0);
INSERT INTO `area_code` VALUES (159, '沈阳市', 8, 210100, 0, 0);
INSERT INTO `area_code` VALUES (160, '大连市', 8, 210200, 0, 0);
INSERT INTO `area_code` VALUES (161, '鞍山市', 8, 210300, 0, 0);
INSERT INTO `area_code` VALUES (162, '抚顺市', 8, 210400, 0, 0);
INSERT INTO `area_code` VALUES (163, '本溪市', 8, 210500, 0, 0);
INSERT INTO `area_code` VALUES (164, '丹东市', 8, 210600, 0, 0);
INSERT INTO `area_code` VALUES (165, '锦州市', 8, 210700, 0, 0);
INSERT INTO `area_code` VALUES (166, '营口市', 8, 210800, 0, 0);
INSERT INTO `area_code` VALUES (167, '阜新市', 8, 210900, 0, 0);
INSERT INTO `area_code` VALUES (168, '辽阳市', 8, 211000, 0, 0);
INSERT INTO `area_code` VALUES (169, '盘锦市', 8, 211100, 0, 0);
INSERT INTO `area_code` VALUES (170, '铁岭市', 8, 211200, 0, 0);
INSERT INTO `area_code` VALUES (171, '朝阳市', 8, 211300, 0, 0);
INSERT INTO `area_code` VALUES (172, '葫芦岛市', 8, 211400, 0, 0);
INSERT INTO `area_code` VALUES (173, '长春市', 9, 220100, 0, 0);
INSERT INTO `area_code` VALUES (174, '吉林市', 9, 220200, 0, 0);
INSERT INTO `area_code` VALUES (175, '四平市', 9, 220300, 0, 0);
INSERT INTO `area_code` VALUES (176, '辽源市', 9, 220400, 0, 0);
INSERT INTO `area_code` VALUES (177, '通化市', 9, 220500, 0, 0);
INSERT INTO `area_code` VALUES (178, '白山市', 9, 220600, 0, 0);
INSERT INTO `area_code` VALUES (179, '松原市', 9, 220700, 0, 0);
INSERT INTO `area_code` VALUES (180, '白城市', 9, 220800, 0, 0);
INSERT INTO `area_code` VALUES (181, '延边自治州', 9, 222400, 0, 0);
INSERT INTO `area_code` VALUES (182, '哈尔滨市', 10, 230100, 0, 0);
INSERT INTO `area_code` VALUES (183, '齐齐哈尔市', 10, 230200, 0, 0);
INSERT INTO `area_code` VALUES (184, '鸡西市', 10, 230300, 0, 0);
INSERT INTO `area_code` VALUES (185, '鹤岗市', 10, 230400, 0, 0);
INSERT INTO `area_code` VALUES (186, '双鸭山市', 10, 230500, 0, 0);
INSERT INTO `area_code` VALUES (187, '大庆市', 10, 230600, 0, 0);
INSERT INTO `area_code` VALUES (188, '伊春市', 10, 230700, 0, 0);
INSERT INTO `area_code` VALUES (189, '佳木斯市', 10, 230800, 0, 0);
INSERT INTO `area_code` VALUES (190, '七台河市', 10, 230900, 0, 0);
INSERT INTO `area_code` VALUES (191, '牡丹江市', 10, 231000, 0, 0);
INSERT INTO `area_code` VALUES (192, '黑河市', 10, 231100, 0, 0);
INSERT INTO `area_code` VALUES (193, '绥化市', 10, 231200, 0, 0);
INSERT INTO `area_code` VALUES (194, '大兴安岭地区', 10, 232700, 0, 0);
INSERT INTO `area_code` VALUES (195, '南京市', 11, 320100, 0, 0);
INSERT INTO `area_code` VALUES (196, '无锡市', 11, 320200, 0, 0);
INSERT INTO `area_code` VALUES (197, '徐州市', 11, 320300, 0, 0);
INSERT INTO `area_code` VALUES (198, '常州市', 11, 320400, 0, 0);
INSERT INTO `area_code` VALUES (199, '苏州市', 11, 320500, 0, 0);
INSERT INTO `area_code` VALUES (200, '南通市', 11, 320600, 0, 0);
INSERT INTO `area_code` VALUES (201, '连云港市', 11, 320700, 0, 0);
INSERT INTO `area_code` VALUES (202, '淮安市', 11, 320800, 0, 0);
INSERT INTO `area_code` VALUES (203, '盐城市', 11, 320900, 0, 0);
INSERT INTO `area_code` VALUES (204, '扬州市', 11, 321000, 0, 0);
INSERT INTO `area_code` VALUES (205, '镇江市', 11, 321100, 0, 0);
INSERT INTO `area_code` VALUES (206, '泰州市', 11, 321200, 0, 0);
INSERT INTO `area_code` VALUES (207, '宿迁市', 11, 321300, 0, 0);
INSERT INTO `area_code` VALUES (208, '杭州市', 12, 330100, 0, 0);
INSERT INTO `area_code` VALUES (209, '宁波市', 12, 330200, 0, 0);
INSERT INTO `area_code` VALUES (210, '温州市', 12, 330300, 0, 0);
INSERT INTO `area_code` VALUES (211, '嘉兴市', 12, 330400, 0, 0);
INSERT INTO `area_code` VALUES (212, '湖州市', 12, 330500, 0, 0);
INSERT INTO `area_code` VALUES (213, '绍兴市', 12, 330600, 0, 0);
INSERT INTO `area_code` VALUES (214, '金华市', 12, 330700, 0, 0);
INSERT INTO `area_code` VALUES (215, '衢州市', 12, 330800, 0, 0);
INSERT INTO `area_code` VALUES (216, '舟山市', 12, 330900, 0, 0);
INSERT INTO `area_code` VALUES (217, '台州市', 12, 331000, 0, 0);
INSERT INTO `area_code` VALUES (218, '丽水市', 12, 331100, 0, 0);
INSERT INTO `area_code` VALUES (219, '合肥市', 13, 340100, 0, 0);
INSERT INTO `area_code` VALUES (220, '芜湖市', 13, 340200, 0, 0);
INSERT INTO `area_code` VALUES (221, '蚌埠市', 13, 340300, 0, 0);
INSERT INTO `area_code` VALUES (222, '淮南市', 13, 340400, 0, 0);
INSERT INTO `area_code` VALUES (223, '马鞍山市', 13, 340500, 0, 0);
INSERT INTO `area_code` VALUES (224, '淮北市', 13, 340600, 0, 0);
INSERT INTO `area_code` VALUES (225, '铜陵市', 13, 340700, 0, 0);
INSERT INTO `area_code` VALUES (226, '安庆市', 13, 340800, 0, 0);
INSERT INTO `area_code` VALUES (227, '黄山市', 13, 341000, 0, 0);
INSERT INTO `area_code` VALUES (228, '滁州市', 13, 341100, 0, 0);
INSERT INTO `area_code` VALUES (229, '阜阳市', 13, 341200, 0, 0);
INSERT INTO `area_code` VALUES (230, '宿州市', 13, 341300, 0, 0);
INSERT INTO `area_code` VALUES (231, '六安市', 13, 341500, 0, 0);
INSERT INTO `area_code` VALUES (232, '亳州市', 13, 341600, 0, 0);
INSERT INTO `area_code` VALUES (233, '池州市', 13, 341700, 0, 0);
INSERT INTO `area_code` VALUES (234, '宣城市', 13, 341800, 0, 0);
INSERT INTO `area_code` VALUES (235, '福州市', 14, 350100, 0, 0);
INSERT INTO `area_code` VALUES (236, '厦门市', 14, 350200, 0, 0);
INSERT INTO `area_code` VALUES (237, '莆田市', 14, 350300, 0, 0);
INSERT INTO `area_code` VALUES (238, '三明市', 14, 350400, 0, 0);
INSERT INTO `area_code` VALUES (239, '泉州市', 14, 350500, 0, 0);
INSERT INTO `area_code` VALUES (240, '漳州市', 14, 350600, 0, 0);
INSERT INTO `area_code` VALUES (241, '南平市', 14, 350700, 0, 0);
INSERT INTO `area_code` VALUES (242, '龙岩市', 14, 350800, 0, 0);
INSERT INTO `area_code` VALUES (243, '宁德市', 14, 350900, 0, 0);
INSERT INTO `area_code` VALUES (244, '南昌市', 15, 360100, 0, 0);
INSERT INTO `area_code` VALUES (245, '景德镇市', 15, 360200, 0, 0);
INSERT INTO `area_code` VALUES (246, '萍乡市', 15, 360300, 0, 0);
INSERT INTO `area_code` VALUES (247, '九江市', 15, 360400, 0, 0);
INSERT INTO `area_code` VALUES (248, '新余市', 15, 360500, 0, 0);
INSERT INTO `area_code` VALUES (249, '鹰潭市', 15, 360600, 0, 0);
INSERT INTO `area_code` VALUES (250, '赣州市', 15, 360700, 0, 0);
INSERT INTO `area_code` VALUES (251, '吉安市', 15, 360800, 0, 0);
INSERT INTO `area_code` VALUES (252, '宜春市', 15, 360900, 0, 0);
INSERT INTO `area_code` VALUES (253, '抚州市', 15, 361000, 0, 0);
INSERT INTO `area_code` VALUES (254, '上饶市', 15, 361100, 0, 0);
INSERT INTO `area_code` VALUES (255, '济南市', 16, 370100, 0, 0);
INSERT INTO `area_code` VALUES (256, '青岛市', 16, 370200, 0, 0);
INSERT INTO `area_code` VALUES (257, '淄博市', 16, 370300, 0, 0);
INSERT INTO `area_code` VALUES (258, '枣庄市', 16, 370400, 0, 0);
INSERT INTO `area_code` VALUES (259, '东营市', 16, 370500, 0, 0);
INSERT INTO `area_code` VALUES (260, '烟台市', 16, 370600, 0, 0);
INSERT INTO `area_code` VALUES (261, '潍坊市', 16, 370700, 0, 0);
INSERT INTO `area_code` VALUES (262, '济宁市', 16, 370800, 0, 0);
INSERT INTO `area_code` VALUES (263, '泰安市', 16, 370900, 0, 0);
INSERT INTO `area_code` VALUES (264, '威海市', 16, 371000, 0, 0);
INSERT INTO `area_code` VALUES (265, '日照市', 16, 371100, 0, 0);
INSERT INTO `area_code` VALUES (267, '临沂市', 16, 371300, 0, 0);
INSERT INTO `area_code` VALUES (268, '德州市', 16, 371400, 0, 0);
INSERT INTO `area_code` VALUES (269, '聊城市', 16, 371500, 0, 0);
INSERT INTO `area_code` VALUES (270, '滨州市', 16, 371600, 0, 0);
INSERT INTO `area_code` VALUES (271, '菏泽市', 16, 371700, 0, 0);
INSERT INTO `area_code` VALUES (272, '郑州市', 17, 410100, 0, 0);
INSERT INTO `area_code` VALUES (273, '开封市', 17, 410200, 0, 0);
INSERT INTO `area_code` VALUES (274, '洛阳市', 17, 410300, 0, 0);
INSERT INTO `area_code` VALUES (275, '平顶山市', 17, 410400, 0, 0);
INSERT INTO `area_code` VALUES (276, '安阳市', 17, 410500, 0, 0);
INSERT INTO `area_code` VALUES (277, '鹤壁市', 17, 410600, 0, 0);
INSERT INTO `area_code` VALUES (278, '新乡市', 17, 410700, 0, 0);
INSERT INTO `area_code` VALUES (279, '焦作市', 17, 410800, 0, 0);
INSERT INTO `area_code` VALUES (280, '濮阳市', 17, 410900, 0, 0);
INSERT INTO `area_code` VALUES (281, '许昌市', 17, 411000, 0, 0);
INSERT INTO `area_code` VALUES (282, '漯河市', 17, 411100, 0, 0);
INSERT INTO `area_code` VALUES (283, '三门峡市', 17, 411200, 0, 0);
INSERT INTO `area_code` VALUES (284, '南阳市', 17, 411300, 0, 0);
INSERT INTO `area_code` VALUES (285, '商丘市', 17, 411400, 0, 0);
INSERT INTO `area_code` VALUES (286, '信阳市', 17, 411500, 0, 0);
INSERT INTO `area_code` VALUES (287, '周口市', 17, 411600, 0, 0);
INSERT INTO `area_code` VALUES (288, '驻马店市', 17, 411700, 0, 0);
INSERT INTO `area_code` VALUES (289, '济源市', 17, 419001, 0, 0);
INSERT INTO `area_code` VALUES (290, '武汉市', 18, 420100, 0, 0);
INSERT INTO `area_code` VALUES (291, '黄石市', 18, 420200, 0, 0);
INSERT INTO `area_code` VALUES (292, '十堰市', 18, 420300, 0, 0);
INSERT INTO `area_code` VALUES (293, '宜昌市', 18, 420500, 0, 0);
INSERT INTO `area_code` VALUES (294, '襄阳市', 18, 420600, 0, 0);
INSERT INTO `area_code` VALUES (295, '鄂州市', 18, 420700, 0, 0);
INSERT INTO `area_code` VALUES (296, '荆门市', 18, 420800, 0, 0);
INSERT INTO `area_code` VALUES (297, '孝感市', 18, 420900, 0, 0);
INSERT INTO `area_code` VALUES (298, '荆州市', 18, 421000, 0, 0);
INSERT INTO `area_code` VALUES (299, '黄冈市', 18, 421100, 0, 0);
INSERT INTO `area_code` VALUES (300, '咸宁市', 18, 421200, 0, 0);
INSERT INTO `area_code` VALUES (301, '随州市', 18, 421300, 0, 0);
INSERT INTO `area_code` VALUES (302, '恩施自治州', 18, 422800, 0, 0);
INSERT INTO `area_code` VALUES (303, '仙桃市', 18, 429004, 0, 0);
INSERT INTO `area_code` VALUES (304, '潜江市', 18, 429005, 0, 0);
INSERT INTO `area_code` VALUES (305, '天门市', 18, 429006, 0, 0);
INSERT INTO `area_code` VALUES (306, '神农架林区', 18, 429021, 0, 0);
INSERT INTO `area_code` VALUES (307, '长沙市', 19, 430100, 0, 0);
INSERT INTO `area_code` VALUES (308, '株洲市', 19, 430200, 0, 0);
INSERT INTO `area_code` VALUES (309, '湘潭市', 19, 430300, 0, 0);
INSERT INTO `area_code` VALUES (310, '衡阳市', 19, 430400, 0, 0);
INSERT INTO `area_code` VALUES (311, '邵阳市', 19, 430500, 0, 0);
INSERT INTO `area_code` VALUES (312, '岳阳市', 19, 430600, 0, 0);
INSERT INTO `area_code` VALUES (313, '常德市', 19, 430700, 0, 0);
INSERT INTO `area_code` VALUES (314, '张家界市', 19, 430800, 0, 0);
INSERT INTO `area_code` VALUES (315, '益阳市', 19, 430900, 0, 0);
INSERT INTO `area_code` VALUES (316, '郴州市', 19, 431000, 0, 0);
INSERT INTO `area_code` VALUES (317, '永州市', 19, 431100, 0, 0);
INSERT INTO `area_code` VALUES (318, '怀化市', 19, 431200, 0, 0);
INSERT INTO `area_code` VALUES (319, '娄底市', 19, 431300, 0, 0);
INSERT INTO `area_code` VALUES (320, '湘西自治州', 19, 433100, 0, 0);
INSERT INTO `area_code` VALUES (321, '广州市', 20, 440100, 0, 0);
INSERT INTO `area_code` VALUES (322, '韶关市', 20, 440200, 0, 0);
INSERT INTO `area_code` VALUES (323, '深圳市', 20, 440300, 0, 0);
INSERT INTO `area_code` VALUES (324, '珠海市', 20, 440400, 0, 0);
INSERT INTO `area_code` VALUES (325, '汕头市', 20, 440500, 0, 0);
INSERT INTO `area_code` VALUES (326, '佛山市', 20, 440600, 0, 0);
INSERT INTO `area_code` VALUES (327, '江门市', 20, 440700, 0, 0);
INSERT INTO `area_code` VALUES (328, '湛江市', 20, 440800, 0, 0);
INSERT INTO `area_code` VALUES (329, '茂名市', 20, 440900, 0, 0);
INSERT INTO `area_code` VALUES (330, '肇庆市', 20, 441200, 0, 0);
INSERT INTO `area_code` VALUES (331, '惠州市', 20, 441300, 0, 0);
INSERT INTO `area_code` VALUES (332, '梅州市', 20, 441400, 0, 0);
INSERT INTO `area_code` VALUES (333, '汕尾市', 20, 441500, 0, 0);
INSERT INTO `area_code` VALUES (334, '河源市', 20, 441600, 0, 0);
INSERT INTO `area_code` VALUES (335, '阳江市', 20, 441700, 0, 0);
INSERT INTO `area_code` VALUES (336, '清远市', 20, 441800, 0, 0);
INSERT INTO `area_code` VALUES (337, '东莞市', 20, 441900, 0, 0);
INSERT INTO `area_code` VALUES (338, '中山市', 20, 442000, 0, 0);
INSERT INTO `area_code` VALUES (339, '潮州市', 20, 445100, 0, 0);
INSERT INTO `area_code` VALUES (340, '揭阳市', 20, 445200, 0, 0);
INSERT INTO `area_code` VALUES (341, '云浮市', 20, 445300, 0, 0);
INSERT INTO `area_code` VALUES (342, '南宁市', 21, 450100, 0, 0);
INSERT INTO `area_code` VALUES (343, '柳州市', 21, 450200, 0, 0);
INSERT INTO `area_code` VALUES (344, '桂林市', 21, 450300, 0, 0);
INSERT INTO `area_code` VALUES (345, '梧州市', 21, 450400, 0, 0);
INSERT INTO `area_code` VALUES (346, '北海市', 21, 450500, 0, 0);
INSERT INTO `area_code` VALUES (347, '防城港市', 21, 450600, 0, 0);
INSERT INTO `area_code` VALUES (348, '钦州市', 21, 450700, 0, 0);
INSERT INTO `area_code` VALUES (349, '贵港市', 21, 450800, 0, 0);
INSERT INTO `area_code` VALUES (350, '玉林市', 21, 450900, 0, 0);
INSERT INTO `area_code` VALUES (351, '百色市', 21, 451000, 0, 0);
INSERT INTO `area_code` VALUES (352, '贺州市', 21, 451100, 0, 0);
INSERT INTO `area_code` VALUES (353, '河池市', 21, 451200, 0, 0);
INSERT INTO `area_code` VALUES (354, '来宾市', 21, 451300, 0, 0);
INSERT INTO `area_code` VALUES (355, '崇左市', 21, 451400, 0, 0);
INSERT INTO `area_code` VALUES (356, '海口市', 22, 460100, 0, 0);
INSERT INTO `area_code` VALUES (357, '三亚市', 22, 460200, 0, 0);
INSERT INTO `area_code` VALUES (358, '三沙市', 22, 460300, 0, 0);
INSERT INTO `area_code` VALUES (359, '五指山市', 22, 469001, 0, 0);
INSERT INTO `area_code` VALUES (360, '琼海市', 22, 469002, 0, 0);
INSERT INTO `area_code` VALUES (361, '儋州市', 22, 460400, 0, 0);
INSERT INTO `area_code` VALUES (362, '文昌市', 22, 469005, 0, 0);
INSERT INTO `area_code` VALUES (363, '万宁市', 22, 469006, 0, 0);
INSERT INTO `area_code` VALUES (364, '东方市', 22, 469007, 0, 0);
INSERT INTO `area_code` VALUES (365, '定安县', 22, 469021, 0, 0);
INSERT INTO `area_code` VALUES (366, '屯昌县', 22, 469022, 0, 0);
INSERT INTO `area_code` VALUES (367, '澄迈县', 22, 469023, 0, 0);
INSERT INTO `area_code` VALUES (368, '临高县', 22, 469024, 0, 0);
INSERT INTO `area_code` VALUES (369, '白沙自治县', 22, 469025, 0, 0);
INSERT INTO `area_code` VALUES (370, '昌江自治县', 22, 469026, 0, 0);
INSERT INTO `area_code` VALUES (371, '乐东自治县', 22, 469027, 0, 0);
INSERT INTO `area_code` VALUES (372, '陵水自治县', 22, 469028, 0, 0);
INSERT INTO `area_code` VALUES (373, '保亭自治县', 22, 469029, 0, 0);
INSERT INTO `area_code` VALUES (374, '琼中自治县', 22, 469030, 0, 0);
INSERT INTO `area_code` VALUES (375, '成都市', 23, 510100, 0, 0);
INSERT INTO `area_code` VALUES (376, '自贡市', 23, 510300, 0, 0);
INSERT INTO `area_code` VALUES (377, '攀枝花市', 23, 510400, 0, 0);
INSERT INTO `area_code` VALUES (378, '泸州市', 23, 510500, 0, 0);
INSERT INTO `area_code` VALUES (379, '德阳市', 23, 510600, 0, 0);
INSERT INTO `area_code` VALUES (380, '绵阳市', 23, 510700, 0, 0);
INSERT INTO `area_code` VALUES (381, '广元市', 23, 510800, 0, 0);
INSERT INTO `area_code` VALUES (382, '遂宁市', 23, 510900, 0, 0);
INSERT INTO `area_code` VALUES (383, '内江市', 23, 511000, 0, 0);
INSERT INTO `area_code` VALUES (384, '乐山市', 23, 511100, 0, 0);
INSERT INTO `area_code` VALUES (385, '南充市', 23, 511300, 0, 0);
INSERT INTO `area_code` VALUES (386, '眉山市', 23, 511400, 0, 0);
INSERT INTO `area_code` VALUES (387, '宜宾市', 23, 511500, 0, 0);
INSERT INTO `area_code` VALUES (388, '广安市', 23, 511600, 0, 0);
INSERT INTO `area_code` VALUES (389, '达州市', 23, 511700, 0, 0);
INSERT INTO `area_code` VALUES (390, '雅安市', 23, 511800, 0, 0);
INSERT INTO `area_code` VALUES (391, '巴中市', 23, 511900, 0, 0);
INSERT INTO `area_code` VALUES (392, '资阳市', 23, 512000, 0, 0);
INSERT INTO `area_code` VALUES (393, '阿坝自治州', 23, 513200, 0, 0);
INSERT INTO `area_code` VALUES (394, '甘孜自治州', 23, 513300, 0, 0);
INSERT INTO `area_code` VALUES (395, '凉山自治州', 23, 615000, 0, 0);
INSERT INTO `area_code` VALUES (396, '贵阳市', 24, 520100, 0, 0);
INSERT INTO `area_code` VALUES (397, '六盘水市', 24, 520200, 0, 0);
INSERT INTO `area_code` VALUES (398, '遵义市', 24, 520300, 0, 0);
INSERT INTO `area_code` VALUES (399, '安顺市', 24, 520400, 0, 0);
INSERT INTO `area_code` VALUES (400, '毕节市', 24, 520500, 0, 0);
INSERT INTO `area_code` VALUES (401, '铜仁市', 24, 520600, 0, 0);
INSERT INTO `area_code` VALUES (402, '黔西南自治州', 24, 522300, 0, 0);
INSERT INTO `area_code` VALUES (403, '黔东南自治州', 24, 522600, 0, 0);
INSERT INTO `area_code` VALUES (404, '黔南自治州', 24, 522700, 0, 0);
INSERT INTO `area_code` VALUES (405, '昆明市', 25, 530100, 0, 0);
INSERT INTO `area_code` VALUES (406, '曲靖市', 25, 530300, 0, 0);
INSERT INTO `area_code` VALUES (407, '玉溪市', 25, 530400, 0, 0);
INSERT INTO `area_code` VALUES (408, '昭通市', 25, 530600, 0, 0);
INSERT INTO `area_code` VALUES (409, '丽江市', 25, 530700, 0, 0);
INSERT INTO `area_code` VALUES (410, '普洱市', 25, 530800, 0, 0);
INSERT INTO `area_code` VALUES (411, '临沧市', 25, 530900, 0, 0);
INSERT INTO `area_code` VALUES (412, '楚雄自治州', 25, 532300, 0, 0);
INSERT INTO `area_code` VALUES (413, '红河自治州', 25, 532500, 0, 0);
INSERT INTO `area_code` VALUES (414, '文山自治州', 25, 532600, 0, 0);
INSERT INTO `area_code` VALUES (415, '西双版纳自治州', 25, 532800, 0, 0);
INSERT INTO `area_code` VALUES (416, '大理自治州', 25, 532900, 0, 0);
INSERT INTO `area_code` VALUES (417, '德宏自治州', 25, 533100, 0, 0);
INSERT INTO `area_code` VALUES (418, '怒江自治州', 25, 533300, 0, 0);
INSERT INTO `area_code` VALUES (419, '迪庆自治州', 25, 533400, 0, 0);
INSERT INTO `area_code` VALUES (420, '保山市', 25, 678000, 0, 0);
INSERT INTO `area_code` VALUES (421, '拉萨市', 26, 540100, 0, 0);
INSERT INTO `area_code` VALUES (422, '昌都市', 26, 542100, 0, 0);
INSERT INTO `area_code` VALUES (423, '山南市', 26, 540500, 0, 0);
INSERT INTO `area_code` VALUES (424, '日喀则市', 26, 542300, 0, 0);
INSERT INTO `area_code` VALUES (425, '那曲市', 26, 540600, 0, 0);
INSERT INTO `area_code` VALUES (426, '阿里地区', 26, 542500, 0, 0);
INSERT INTO `area_code` VALUES (427, '林芝市', 26, 540400, 0, 0);
INSERT INTO `area_code` VALUES (428, '西安市', 27, 610100, 0, 0);
INSERT INTO `area_code` VALUES (429, '铜川市', 27, 610200, 0, 0);
INSERT INTO `area_code` VALUES (430, '宝鸡市', 27, 610300, 0, 0);
INSERT INTO `area_code` VALUES (431, '咸阳市', 27, 610400, 0, 0);
INSERT INTO `area_code` VALUES (432, '渭南市', 27, 610500, 0, 0);
INSERT INTO `area_code` VALUES (433, '延安市', 27, 610600, 0, 0);
INSERT INTO `area_code` VALUES (434, '汉中市', 27, 610700, 0, 0);
INSERT INTO `area_code` VALUES (435, '榆林市', 27, 610800, 0, 0);
INSERT INTO `area_code` VALUES (436, '安康市', 27, 610900, 0, 0);
INSERT INTO `area_code` VALUES (437, '商洛市', 27, 611000, 0, 0);
INSERT INTO `area_code` VALUES (438, '兰州市', 28, 620100, 0, 0);
INSERT INTO `area_code` VALUES (439, '嘉峪关市', 28, 620200, 0, 0);
INSERT INTO `area_code` VALUES (440, '金昌市', 28, 620300, 0, 0);
INSERT INTO `area_code` VALUES (441, '白银市', 28, 620400, 0, 0);
INSERT INTO `area_code` VALUES (442, '天水市', 28, 620500, 0, 0);
INSERT INTO `area_code` VALUES (443, '武威市', 28, 620600, 0, 0);
INSERT INTO `area_code` VALUES (444, '张掖市', 28, 620700, 0, 0);
INSERT INTO `area_code` VALUES (445, '平凉市', 28, 620800, 0, 0);
INSERT INTO `area_code` VALUES (446, '酒泉市', 28, 620900, 0, 0);
INSERT INTO `area_code` VALUES (447, '庆阳市', 28, 621000, 0, 0);
INSERT INTO `area_code` VALUES (448, '定西市', 28, 621100, 0, 0);
INSERT INTO `area_code` VALUES (449, '陇南市', 28, 621200, 0, 0);
INSERT INTO `area_code` VALUES (450, '临夏自治州', 28, 622900, 0, 0);
INSERT INTO `area_code` VALUES (451, '甘南自治州', 28, 623000, 0, 0);
INSERT INTO `area_code` VALUES (452, '西宁市', 29, 630100, 0, 0);
INSERT INTO `area_code` VALUES (453, '海东市', 29, 632100, 0, 0);
INSERT INTO `area_code` VALUES (454, '海北自治州', 29, 632200, 0, 0);
INSERT INTO `area_code` VALUES (455, '黄南自治州', 29, 632300, 0, 0);
INSERT INTO `area_code` VALUES (456, '海南自治州', 29, 632500, 0, 0);
INSERT INTO `area_code` VALUES (457, '果洛自治州', 29, 632600, 0, 0);
INSERT INTO `area_code` VALUES (458, '玉树自治州', 29, 632700, 0, 0);
INSERT INTO `area_code` VALUES (459, '海西自治州', 29, 632800, 0, 0);
INSERT INTO `area_code` VALUES (460, '银川市', 30, 640100, 0, 0);
INSERT INTO `area_code` VALUES (461, '石嘴山市', 30, 640200, 0, 0);
INSERT INTO `area_code` VALUES (462, '吴忠市', 30, 640300, 0, 0);
INSERT INTO `area_code` VALUES (463, '固原市', 30, 640400, 0, 0);
INSERT INTO `area_code` VALUES (464, '中卫市', 30, 640500, 0, 0);
INSERT INTO `area_code` VALUES (465, '乌鲁木齐市', 31, 650100, 0, 0);
INSERT INTO `area_code` VALUES (466, '克拉玛依市', 31, 650200, 0, 0);
INSERT INTO `area_code` VALUES (467, '吐鲁番市', 31, 652100, 0, 0);
INSERT INTO `area_code` VALUES (468, '哈密市', 31, 652200, 0, 0);
INSERT INTO `area_code` VALUES (469, '昌吉自治州', 31, 652300, 0, 0);
INSERT INTO `area_code` VALUES (470, '博尔塔拉自治州', 31, 652700, 0, 0);
INSERT INTO `area_code` VALUES (471, '巴音郭楞自治州', 31, 652800, 0, 0);
INSERT INTO `area_code` VALUES (472, '阿克苏地区', 31, 652900, 0, 0);
INSERT INTO `area_code` VALUES (473, '克孜勒苏自治州', 31, 653000, 0, 0);
INSERT INTO `area_code` VALUES (474, '喀什地区', 31, 653100, 0, 0);
INSERT INTO `area_code` VALUES (475, '和田地区', 31, 653200, 0, 0);
INSERT INTO `area_code` VALUES (476, '伊犁自治州', 31, 654000, 0, 0);
INSERT INTO `area_code` VALUES (477, '塔城地区', 31, 654200, 0, 0);
INSERT INTO `area_code` VALUES (478, '阿勒泰地区', 31, 654300, 0, 0);
INSERT INTO `area_code` VALUES (479, '石河子市', 31, 659001, 0, 0);
INSERT INTO `area_code` VALUES (480, '阿拉尔市', 31, 659002, 0, 0);
INSERT INTO `area_code` VALUES (481, '图木舒克市', 31, 659003, 0, 0);
INSERT INTO `area_code` VALUES (482, '五家渠市', 31, 659004, 0, 0);
INSERT INTO `area_code` VALUES (483, '北屯市', 31, 659005, 0, 0);
INSERT INTO `area_code` VALUES (484, '铁门关市', 31, 659006, 0, 0);
INSERT INTO `area_code` VALUES (485, '台北市', 32, 63, 0, 0);
INSERT INTO `area_code` VALUES (486, '高雄市', 32, 64, 0, 0);
INSERT INTO `area_code` VALUES (487, '基隆市', 32, 10017, 0, 0);
INSERT INTO `area_code` VALUES (488, '台中市', 32, 10019, 0, 0);
INSERT INTO `area_code` VALUES (489, '台南市', 32, 10021, 0, 0);
INSERT INTO `area_code` VALUES (490, '新竹市', 32, 10018, 0, 0);
INSERT INTO `area_code` VALUES (491, '嘉义市', 32, 10020, 0, 0);
INSERT INTO `area_code` VALUES (492, '新北市', 32, NULL, 0, 0);
INSERT INTO `area_code` VALUES (493, '宜兰县', 32, 10002, 0, 0);
INSERT INTO `area_code` VALUES (494, '桃园县', 32, 10003, 0, 0);
INSERT INTO `area_code` VALUES (495, '新竹县', 32, 10004, 0, 0);
INSERT INTO `area_code` VALUES (496, '苗栗县', 32, 10005, 0, 0);
INSERT INTO `area_code` VALUES (497, '彰化县', 32, 10007, 0, 0);
INSERT INTO `area_code` VALUES (498, '南投县', 32, 10008, 0, 0);
INSERT INTO `area_code` VALUES (499, '云林县', 32, 10009, 0, 0);
INSERT INTO `area_code` VALUES (500, '嘉义县', 32, 10020, 0, 0);
INSERT INTO `area_code` VALUES (501, '屏东县', 32, 10013, 0, 0);
INSERT INTO `area_code` VALUES (502, '台东县', 32, 10014, 0, 0);
INSERT INTO `area_code` VALUES (503, '花莲县', 32, 10015, 0, 0);
INSERT INTO `area_code` VALUES (504, '澎湖县', 32, 10016, 0, 0);
INSERT INTO `area_code` VALUES (505, '连江县', 32, NULL, 0, 0);
INSERT INTO `area_code` VALUES (506, '金门县', 32, NULL, 0, 0);
INSERT INTO `area_code` VALUES (507, '中西区', 33, NULL, 0, 0);
INSERT INTO `area_code` VALUES (508, '葵青区', 33, NULL, 0, 0);
INSERT INTO `area_code` VALUES (509, '元朗区', 33, NULL, 0, 0);
INSERT INTO `area_code` VALUES (510, '屯门区', 33, NULL, 0, 0);
INSERT INTO `area_code` VALUES (511, '荃湾区', 33, NULL, 0, 0);
INSERT INTO `area_code` VALUES (512, '西贡区', 33, NULL, 0, 0);
INSERT INTO `area_code` VALUES (513, '沙田区', 33, NULL, 0, 0);
INSERT INTO `area_code` VALUES (514, '大埔区', 33, NULL, 0, 0);
INSERT INTO `area_code` VALUES (515, '北区', 33, NULL, 0, 0);
INSERT INTO `area_code` VALUES (516, '观塘区', 33, NULL, 0, 0);
INSERT INTO `area_code` VALUES (517, '黄大仙区', 33, NULL, 0, 0);
INSERT INTO `area_code` VALUES (518, '深水埗区', 33, NULL, 0, 0);
INSERT INTO `area_code` VALUES (519, '油尖旺区', 33, NULL, 0, 0);
INSERT INTO `area_code` VALUES (520, '九龙城区', 33, NULL, 0, 0);
INSERT INTO `area_code` VALUES (521, '南区', 33, NULL, 0, 0);
INSERT INTO `area_code` VALUES (522, '东区', 33, NULL, 0, 0);
INSERT INTO `area_code` VALUES (523, '湾仔区', 33, NULL, 0, 0);
INSERT INTO `area_code` VALUES (524, '离岛区', 33, NULL, 0, 0);
INSERT INTO `area_code` VALUES (525, '花地玛堂区', 34, NULL, 0, 0);
INSERT INTO `area_code` VALUES (526, '圣安多堂区', 34, NULL, 0, 0);
INSERT INTO `area_code` VALUES (527, '大堂区堂区', 34, NULL, 0, 0);
INSERT INTO `area_code` VALUES (528, '望德堂区', 34, NULL, 0, 0);
INSERT INTO `area_code` VALUES (529, '风顺堂区', 34, NULL, 0, 0);
INSERT INTO `area_code` VALUES (530, '嘉模堂区', 34, NULL, 0, 0);
INSERT INTO `area_code` VALUES (531, '圣方济各堂区', 34, NULL, 0, 0);
INSERT INTO `area_code` VALUES (532, '路氹城', 34, NULL, 0, 0);
INSERT INTO `area_code` VALUES (533, '长安区', 125, 130102, 0, 0);
INSERT INTO `area_code` VALUES (535, '桥西区', 125, 130104, 0, 0);
INSERT INTO `area_code` VALUES (536, '新华区', 125, 130105, 0, 0);
INSERT INTO `area_code` VALUES (537, '井陉矿区', 125, 130107, 0, 0);
INSERT INTO `area_code` VALUES (538, '裕华区', 125, 130108, 0, 0);
INSERT INTO `area_code` VALUES (539, '井陉县', 125, 130121, 0, 0);
INSERT INTO `area_code` VALUES (540, '正定县', 125, 130123, 0, 0);
INSERT INTO `area_code` VALUES (541, '栾城区', 125, 130111, 0, 0);
INSERT INTO `area_code` VALUES (542, '行唐县', 125, 130125, 0, 0);
INSERT INTO `area_code` VALUES (543, '灵寿县', 125, 130126, 0, 0);
INSERT INTO `area_code` VALUES (544, '高邑县', 125, 130127, 0, 0);
INSERT INTO `area_code` VALUES (545, '深泽县', 125, 130128, 0, 0);
INSERT INTO `area_code` VALUES (546, '赞皇县', 125, 130129, 0, 0);
INSERT INTO `area_code` VALUES (547, '无极县', 125, 130130, 0, 0);
INSERT INTO `area_code` VALUES (548, '平山县', 125, 130131, 0, 0);
INSERT INTO `area_code` VALUES (549, '元氏县', 125, 130132, 0, 0);
INSERT INTO `area_code` VALUES (550, '赵县', 125, 130133, 0, 0);
INSERT INTO `area_code` VALUES (551, '辛集市', 125, 130181, 0, 0);
INSERT INTO `area_code` VALUES (552, '藁城区', 125, 130109, 0, 0);
INSERT INTO `area_code` VALUES (553, '晋州市', 125, 130183, 0, 0);
INSERT INTO `area_code` VALUES (554, '新乐市', 125, 130184, 0, 0);
INSERT INTO `area_code` VALUES (555, '鹿泉区', 125, 130110, 0, 0);
INSERT INTO `area_code` VALUES (556, '路南区', 126, 130202, 0, 0);
INSERT INTO `area_code` VALUES (557, '路北区', 126, 130203, 0, 0);
INSERT INTO `area_code` VALUES (558, '古冶区', 126, 130204, 0, 0);
INSERT INTO `area_code` VALUES (559, '开平区', 126, 130205, 0, 0);
INSERT INTO `area_code` VALUES (560, '丰南区', 126, 130207, 0, 0);
INSERT INTO `area_code` VALUES (561, '丰润区', 126, 130208, 0, 0);
INSERT INTO `area_code` VALUES (562, '滦州市', 126, 130223, 0, 0);
INSERT INTO `area_code` VALUES (563, '滦南县', 126, 130224, 0, 0);
INSERT INTO `area_code` VALUES (564, '乐亭县', 126, 130225, 0, 0);
INSERT INTO `area_code` VALUES (565, '迁西县', 126, 130227, 0, 0);
INSERT INTO `area_code` VALUES (566, '玉田县', 126, 130229, 0, 0);
INSERT INTO `area_code` VALUES (567, '唐海县', 126, 130230, 0, 0);
INSERT INTO `area_code` VALUES (568, '遵化市', 126, 130281, 0, 0);
INSERT INTO `area_code` VALUES (569, '迁安市', 126, 130283, 0, 0);
INSERT INTO `area_code` VALUES (570, '海港区', 127, 130302, 0, 0);
INSERT INTO `area_code` VALUES (571, '山海关区', 127, 130303, 0, 0);
INSERT INTO `area_code` VALUES (572, '北戴河区', 127, 130304, 0, 0);
INSERT INTO `area_code` VALUES (573, '青龙自治县', 127, 130321, 0, 0);
INSERT INTO `area_code` VALUES (574, '昌黎县', 127, 130322, 0, 0);
INSERT INTO `area_code` VALUES (575, '抚宁区', 127, 130323, 0, 0);
INSERT INTO `area_code` VALUES (576, '卢龙县', 127, 130324, 0, 0);
INSERT INTO `area_code` VALUES (577, '邯山区', 128, 130402, 0, 0);
INSERT INTO `area_code` VALUES (578, '丛台区', 128, 130403, 0, 0);
INSERT INTO `area_code` VALUES (579, '复兴区', 128, 130404, 0, 0);
INSERT INTO `area_code` VALUES (580, '峰峰矿区', 128, 130406, 0, 0);
INSERT INTO `area_code` VALUES (582, '临漳县', 128, 130423, 0, 0);
INSERT INTO `area_code` VALUES (583, '成安县', 128, 130424, 0, 0);
INSERT INTO `area_code` VALUES (584, '大名县', 128, 130425, 0, 0);
INSERT INTO `area_code` VALUES (585, '涉县', 128, 130426, 0, 0);
INSERT INTO `area_code` VALUES (586, '磁县', 128, 130427, 0, 0);
INSERT INTO `area_code` VALUES (587, '肥乡区', 128, 130407, 0, 0);
INSERT INTO `area_code` VALUES (588, '永年区', 128, 130408, 0, 0);
INSERT INTO `area_code` VALUES (589, '邱县', 128, 130430, 0, 0);
INSERT INTO `area_code` VALUES (590, '鸡泽县', 128, 130431, 0, 0);
INSERT INTO `area_code` VALUES (591, '广平县', 128, 130432, 0, 0);
INSERT INTO `area_code` VALUES (592, '馆陶县', 128, 130433, 0, 0);
INSERT INTO `area_code` VALUES (593, '魏县', 128, 130434, 0, 0);
INSERT INTO `area_code` VALUES (594, '曲周县', 128, 130435, 0, 0);
INSERT INTO `area_code` VALUES (595, '武安市', 128, 130481, 0, 0);
INSERT INTO `area_code` VALUES (596, '桥东区', 129, 130502, 0, 0);
INSERT INTO `area_code` VALUES (597, '桥西区', 129, 130503, 0, 0);
INSERT INTO `area_code` VALUES (598, '邢台县', 129, 130521, 0, 0);
INSERT INTO `area_code` VALUES (599, '临城县', 129, 130522, 0, 0);
INSERT INTO `area_code` VALUES (600, '内丘县', 129, 130523, 0, 0);
INSERT INTO `area_code` VALUES (601, '柏乡县', 129, 130524, 0, 0);
INSERT INTO `area_code` VALUES (602, '隆尧县', 129, 130525, 0, 0);
INSERT INTO `area_code` VALUES (603, '任县', 129, 130526, 0, 0);
INSERT INTO `area_code` VALUES (604, '南和县', 129, 130527, 0, 0);
INSERT INTO `area_code` VALUES (605, '宁晋县', 129, 130528, 0, 0);
INSERT INTO `area_code` VALUES (606, '巨鹿县', 129, 130529, 0, 0);
INSERT INTO `area_code` VALUES (607, '新河县', 129, 130530, 0, 0);
INSERT INTO `area_code` VALUES (608, '广宗县', 129, 130531, 0, 0);
INSERT INTO `area_code` VALUES (609, '平乡县', 129, 130532, 0, 0);
INSERT INTO `area_code` VALUES (610, '威县', 129, 130533, 0, 0);
INSERT INTO `area_code` VALUES (611, '清河县', 129, 130534, 0, 0);
INSERT INTO `area_code` VALUES (612, '临西县', 129, 130535, 0, 0);
INSERT INTO `area_code` VALUES (613, '南宫市', 129, 130581, 0, 0);
INSERT INTO `area_code` VALUES (614, '沙河市', 129, 130582, 0, 0);
INSERT INTO `area_code` VALUES (615, '竞秀区', 130, 130602, 0, 0);
INSERT INTO `area_code` VALUES (616, '莲池区', 130, 130603, 0, 0);
INSERT INTO `area_code` VALUES (618, '满城区', 130, 130621, 0, 0);
INSERT INTO `area_code` VALUES (619, '清苑区', 130, 130622, 0, 0);
INSERT INTO `area_code` VALUES (620, '涞水县', 130, 130623, 0, 0);
INSERT INTO `area_code` VALUES (621, '阜平县', 130, 130624, 0, 0);
INSERT INTO `area_code` VALUES (622, '徐水区', 130, 130625, 0, 0);
INSERT INTO `area_code` VALUES (623, '定兴县', 130, 130626, 0, 0);
INSERT INTO `area_code` VALUES (624, '唐县', 130, 130627, 0, 0);
INSERT INTO `area_code` VALUES (625, '高阳县', 130, 130628, 0, 0);
INSERT INTO `area_code` VALUES (626, '容城县', 130, 130629, 0, 0);
INSERT INTO `area_code` VALUES (627, '涞源县', 130, 130630, 0, 0);
INSERT INTO `area_code` VALUES (628, '望都县', 130, 130631, 0, 0);
INSERT INTO `area_code` VALUES (629, '安新县', 130, 130632, 0, 0);
INSERT INTO `area_code` VALUES (630, '易县', 130, 130633, 0, 0);
INSERT INTO `area_code` VALUES (631, '曲阳县', 130, 130634, 0, 0);
INSERT INTO `area_code` VALUES (632, '蠡县', 130, 130635, 0, 0);
INSERT INTO `area_code` VALUES (633, '顺平县', 130, 130636, 0, 0);
INSERT INTO `area_code` VALUES (634, '博野县', 130, 130637, 0, 0);
INSERT INTO `area_code` VALUES (635, '雄县', 130, 130638, 0, 0);
INSERT INTO `area_code` VALUES (636, '涿州市', 130, 130681, 0, 0);
INSERT INTO `area_code` VALUES (637, '定州市', 130, 130682, 0, 0);
INSERT INTO `area_code` VALUES (638, '安国市', 130, 130683, 0, 0);
INSERT INTO `area_code` VALUES (639, '高碑店市', 130, 130684, 0, 0);
INSERT INTO `area_code` VALUES (640, '桥东区', 131, 130702, 0, 0);
INSERT INTO `area_code` VALUES (641, '桥西区', 131, 130703, 0, 0);
INSERT INTO `area_code` VALUES (642, '宣化区', 131, 130705, 0, 0);
INSERT INTO `area_code` VALUES (643, '下花园区', 131, 130706, 0, 0);
INSERT INTO `area_code` VALUES (645, '张北县', 131, 130722, 0, 0);
INSERT INTO `area_code` VALUES (646, '康保县', 131, 130723, 0, 0);
INSERT INTO `area_code` VALUES (647, '沽源县', 131, 130724, 0, 0);
INSERT INTO `area_code` VALUES (648, '尚义县', 131, 130725, 0, 0);
INSERT INTO `area_code` VALUES (649, '蔚县', 131, 130726, 0, 0);
INSERT INTO `area_code` VALUES (650, '阳原县', 131, 130727, 0, 0);
INSERT INTO `area_code` VALUES (651, '怀安县', 131, 130728, 0, 0);
INSERT INTO `area_code` VALUES (652, '万全区', 131, 130708, 0, 0);
INSERT INTO `area_code` VALUES (653, '怀来县', 131, 130730, 0, 0);
INSERT INTO `area_code` VALUES (654, '涿鹿县', 131, 130731, 0, 0);
INSERT INTO `area_code` VALUES (655, '赤城县', 131, 130732, 0, 0);
INSERT INTO `area_code` VALUES (656, '崇礼区', 131, 130709, 0, 0);
INSERT INTO `area_code` VALUES (657, '双桥区', 132, 130802, 0, 0);
INSERT INTO `area_code` VALUES (658, '双滦区', 132, 130803, 0, 0);
INSERT INTO `area_code` VALUES (659, '鹰手营子区', 132, 130804, 0, 0);
INSERT INTO `area_code` VALUES (660, '承德县', 132, 130821, 0, 0);
INSERT INTO `area_code` VALUES (661, '兴隆县', 132, 130822, 0, 0);
INSERT INTO `area_code` VALUES (662, '平泉市', 132, 130881, 0, 0);
INSERT INTO `area_code` VALUES (663, '滦平县', 132, 130824, 0, 0);
INSERT INTO `area_code` VALUES (664, '隆化县', 132, 130825, 0, 0);
INSERT INTO `area_code` VALUES (665, '丰宁自治县', 132, 130826, 0, 0);
INSERT INTO `area_code` VALUES (666, '宽城自治县', 132, 130827, 0, 0);
INSERT INTO `area_code` VALUES (667, '围场自治县', 132, 130828, 0, 0);
INSERT INTO `area_code` VALUES (668, '新华区', 133, 130902, 0, 0);
INSERT INTO `area_code` VALUES (669, '运河区', 133, 130903, 0, 0);
INSERT INTO `area_code` VALUES (670, '沧县', 133, 130921, 0, 0);
INSERT INTO `area_code` VALUES (671, '青县', 133, 130922, 0, 0);
INSERT INTO `area_code` VALUES (672, '东光县', 133, 130923, 0, 0);
INSERT INTO `area_code` VALUES (673, '海兴县', 133, 130924, 0, 0);
INSERT INTO `area_code` VALUES (674, '盐山县', 133, 130925, 0, 0);
INSERT INTO `area_code` VALUES (675, '肃宁县', 133, 130926, 0, 0);
INSERT INTO `area_code` VALUES (676, '南皮县', 133, 130927, 0, 0);
INSERT INTO `area_code` VALUES (677, '吴桥县', 133, 130928, 0, 0);
INSERT INTO `area_code` VALUES (678, '献县', 133, 130929, 0, 0);
INSERT INTO `area_code` VALUES (679, '孟村自治县', 133, 130930, 0, 0);
INSERT INTO `area_code` VALUES (680, '泊头市', 133, 130981, 0, 0);
INSERT INTO `area_code` VALUES (681, '任丘市', 133, 130982, 0, 0);
INSERT INTO `area_code` VALUES (682, '黄骅市', 133, 130983, 0, 0);
INSERT INTO `area_code` VALUES (683, '河间市', 133, 130984, 0, 0);
INSERT INTO `area_code` VALUES (684, '安次区', 134, 131002, 0, 0);
INSERT INTO `area_code` VALUES (685, '广阳区', 134, 131003, 0, 0);
INSERT INTO `area_code` VALUES (686, '固安县', 134, 131022, 0, 0);
INSERT INTO `area_code` VALUES (687, '永清县', 134, 131023, 0, 0);
INSERT INTO `area_code` VALUES (688, '香河县', 134, 131024, 0, 0);
INSERT INTO `area_code` VALUES (689, '大城县', 134, 131025, 0, 0);
INSERT INTO `area_code` VALUES (690, '文安县', 134, 131026, 0, 0);
INSERT INTO `area_code` VALUES (691, '大厂自治县', 134, 131028, 0, 0);
INSERT INTO `area_code` VALUES (692, '霸州市', 134, 131081, 0, 0);
INSERT INTO `area_code` VALUES (693, '三河市', 134, 131082, 0, 0);
INSERT INTO `area_code` VALUES (694, '桃城区', 135, 131102, 0, 0);
INSERT INTO `area_code` VALUES (695, '枣强县', 135, 131121, 0, 0);
INSERT INTO `area_code` VALUES (696, '武邑县', 135, 131122, 0, 0);
INSERT INTO `area_code` VALUES (697, '武强县', 135, 131123, 0, 0);
INSERT INTO `area_code` VALUES (698, '饶阳县', 135, 131124, 0, 0);
INSERT INTO `area_code` VALUES (699, '安平县', 135, 131125, 0, 0);
INSERT INTO `area_code` VALUES (700, '故城县', 135, 131126, 0, 0);
INSERT INTO `area_code` VALUES (701, '景县', 135, 131127, 0, 0);
INSERT INTO `area_code` VALUES (702, '阜城县', 135, 131128, 0, 0);
INSERT INTO `area_code` VALUES (703, '冀州区', 135, 131103, 0, 0);
INSERT INTO `area_code` VALUES (704, '深州市', 135, 131182, 0, 0);
INSERT INTO `area_code` VALUES (705, '小店区', 136, 140105, 0, 0);
INSERT INTO `area_code` VALUES (706, '迎泽区', 136, 140106, 0, 0);
INSERT INTO `area_code` VALUES (707, '杏花岭区', 136, 140107, 0, 0);
INSERT INTO `area_code` VALUES (708, '尖草坪区', 136, 140108, 0, 0);
INSERT INTO `area_code` VALUES (709, '万柏林区', 136, 140109, 0, 0);
INSERT INTO `area_code` VALUES (710, '晋源区', 136, 140110, 0, 0);
INSERT INTO `area_code` VALUES (711, '清徐县', 136, 140121, 0, 0);
INSERT INTO `area_code` VALUES (712, '阳曲县', 136, 140122, 0, 0);
INSERT INTO `area_code` VALUES (713, '娄烦县', 136, 140123, 0, 0);
INSERT INTO `area_code` VALUES (714, '古交市', 136, 140181, 0, 0);
INSERT INTO `area_code` VALUES (715, '平城区', 137, 140213, 0, 0);
INSERT INTO `area_code` VALUES (716, '云冈', 137, 140214, 0, 0);
INSERT INTO `area_code` VALUES (718, '新荣区', 137, 140212, 0, 0);
INSERT INTO `area_code` VALUES (719, '阳高县', 137, 140221, 0, 0);
INSERT INTO `area_code` VALUES (720, '天镇县', 137, 140222, 0, 0);
INSERT INTO `area_code` VALUES (721, '广灵县', 137, 140223, 0, 0);
INSERT INTO `area_code` VALUES (722, '灵丘县', 137, 140224, 0, 0);
INSERT INTO `area_code` VALUES (723, '浑源县', 137, 140225, 0, 0);
INSERT INTO `area_code` VALUES (724, '左云县', 137, 140226, 0, 0);
INSERT INTO `area_code` VALUES (725, '云州区', 137, 140215, 0, 0);
INSERT INTO `area_code` VALUES (726, '城区', 138, 140302, 0, 0);
INSERT INTO `area_code` VALUES (727, '矿区', 138, 140303, 0, 0);
INSERT INTO `area_code` VALUES (728, '郊区', 138, 140311, 0, 0);
INSERT INTO `area_code` VALUES (729, '平定县', 138, 140321, 0, 0);
INSERT INTO `area_code` VALUES (730, '盂县', 138, 140322, 0, 0);
INSERT INTO `area_code` VALUES (731, '潞州', 139, 140403, 0, 0);
INSERT INTO `area_code` VALUES (733, '上党区', 139, 140404, 0, 0);
INSERT INTO `area_code` VALUES (734, '襄垣县', 139, 140423, 0, 0);
INSERT INTO `area_code` VALUES (735, '屯留区', 139, 140405, 0, 0);
INSERT INTO `area_code` VALUES (736, '平顺县', 139, 140425, 0, 0);
INSERT INTO `area_code` VALUES (737, '黎城县', 139, 140426, 0, 0);
INSERT INTO `area_code` VALUES (738, '壶关县', 139, 140427, 0, 0);
INSERT INTO `area_code` VALUES (739, '长子县', 139, 140428, 0, 0);
INSERT INTO `area_code` VALUES (740, '武乡县', 139, 140429, 0, 0);
INSERT INTO `area_code` VALUES (741, '沁县', 139, 140430, 0, 0);
INSERT INTO `area_code` VALUES (742, '沁源县', 139, 140431, 0, 0);
INSERT INTO `area_code` VALUES (743, '潞城区', 139, 140406, 0, 0);
INSERT INTO `area_code` VALUES (744, '城区', 140, 140502, 0, 0);
INSERT INTO `area_code` VALUES (745, '沁水县', 140, 140521, 0, 0);
INSERT INTO `area_code` VALUES (746, '阳城县', 140, 140522, 0, 0);
INSERT INTO `area_code` VALUES (747, '陵川县', 140, 140524, 0, 0);
INSERT INTO `area_code` VALUES (748, '泽州县', 140, 140525, 0, 0);
INSERT INTO `area_code` VALUES (749, '高平市', 140, 140581, 0, 0);
INSERT INTO `area_code` VALUES (750, '朔城区', 141, 140602, 0, 0);
INSERT INTO `area_code` VALUES (751, '平鲁区', 141, 140603, 0, 0);
INSERT INTO `area_code` VALUES (752, '山阴县', 141, 140621, 0, 0);
INSERT INTO `area_code` VALUES (753, '应县', 141, 140622, 0, 0);
INSERT INTO `area_code` VALUES (754, '右玉县', 141, 140623, 0, 0);
INSERT INTO `area_code` VALUES (755, '怀仁市', 141, 140681, 0, 0);
INSERT INTO `area_code` VALUES (756, '榆次区', 142, 140702, 0, 0);
INSERT INTO `area_code` VALUES (757, '榆社县', 142, 140721, 0, 0);
INSERT INTO `area_code` VALUES (758, '左权县', 142, 140722, 0, 0);
INSERT INTO `area_code` VALUES (759, '和顺县', 142, 140723, 0, 0);
INSERT INTO `area_code` VALUES (760, '昔阳县', 142, 140724, 0, 0);
INSERT INTO `area_code` VALUES (761, '寿阳县', 142, 140725, 0, 0);
INSERT INTO `area_code` VALUES (762, '太谷区', 142, 140703, 0, 0);
INSERT INTO `area_code` VALUES (763, '祁县', 142, 140727, 0, 0);
INSERT INTO `area_code` VALUES (764, '平遥县', 142, 140728, 0, 0);
INSERT INTO `area_code` VALUES (765, '灵石县', 142, 140729, 0, 0);
INSERT INTO `area_code` VALUES (766, '介休市', 142, 140781, 0, 0);
INSERT INTO `area_code` VALUES (767, '盐湖区', 143, 140802, 0, 0);
INSERT INTO `area_code` VALUES (768, '临猗县', 143, 140821, 0, 0);
INSERT INTO `area_code` VALUES (769, '万荣县', 143, 140822, 0, 0);
INSERT INTO `area_code` VALUES (770, '闻喜县', 143, 140823, 0, 0);
INSERT INTO `area_code` VALUES (771, '稷山县', 143, 140824, 0, 0);
INSERT INTO `area_code` VALUES (772, '新绛县', 143, 140825, 0, 0);
INSERT INTO `area_code` VALUES (773, '绛县', 143, 140826, 0, 0);
INSERT INTO `area_code` VALUES (774, '垣曲县', 143, 140827, 0, 0);
INSERT INTO `area_code` VALUES (775, '夏县', 143, 140828, 0, 0);
INSERT INTO `area_code` VALUES (776, '平陆县', 143, 140829, 0, 0);
INSERT INTO `area_code` VALUES (777, '芮城县', 143, 140830, 0, 0);
INSERT INTO `area_code` VALUES (778, '永济市', 143, 140881, 0, 0);
INSERT INTO `area_code` VALUES (779, '河津市', 143, 140882, 0, 0);
INSERT INTO `area_code` VALUES (780, '忻府区', 144, 140902, 0, 0);
INSERT INTO `area_code` VALUES (781, '定襄县', 144, 140921, 0, 0);
INSERT INTO `area_code` VALUES (782, '五台县', 144, 140922, 0, 0);
INSERT INTO `area_code` VALUES (783, '代县', 144, 140923, 0, 0);
INSERT INTO `area_code` VALUES (784, '繁峙县', 144, 140924, 0, 0);
INSERT INTO `area_code` VALUES (785, '宁武县', 144, 140925, 0, 0);
INSERT INTO `area_code` VALUES (786, '静乐县', 144, 140926, 0, 0);
INSERT INTO `area_code` VALUES (787, '神池县', 144, 140927, 0, 0);
INSERT INTO `area_code` VALUES (788, '五寨县', 144, 140928, 0, 0);
INSERT INTO `area_code` VALUES (789, '岢岚县', 144, 140929, 0, 0);
INSERT INTO `area_code` VALUES (790, '河曲县', 144, 140930, 0, 0);
INSERT INTO `area_code` VALUES (791, '保德县', 144, 140931, 0, 0);
INSERT INTO `area_code` VALUES (792, '偏关县', 144, 140932, 0, 0);
INSERT INTO `area_code` VALUES (793, '原平市', 144, 140981, 0, 0);
INSERT INTO `area_code` VALUES (794, '尧都区', 145, 141002, 0, 0);
INSERT INTO `area_code` VALUES (795, '曲沃县', 145, 141021, 0, 0);
INSERT INTO `area_code` VALUES (796, '翼城县', 145, 141022, 0, 0);
INSERT INTO `area_code` VALUES (797, '襄汾县', 145, 141023, 0, 0);
INSERT INTO `area_code` VALUES (798, '洪洞县', 145, 141024, 0, 0);
INSERT INTO `area_code` VALUES (799, '古县', 145, 141025, 0, 0);
INSERT INTO `area_code` VALUES (800, '安泽县', 145, 141026, 0, 0);
INSERT INTO `area_code` VALUES (801, '浮山县', 145, 141027, 0, 0);
INSERT INTO `area_code` VALUES (802, '吉县', 145, 141028, 0, 0);
INSERT INTO `area_code` VALUES (803, '乡宁县', 145, 141029, 0, 0);
INSERT INTO `area_code` VALUES (804, '大宁县', 145, 141030, 0, 0);
INSERT INTO `area_code` VALUES (805, '隰县', 145, 141031, 0, 0);
INSERT INTO `area_code` VALUES (806, '永和县', 145, 141032, 0, 0);
INSERT INTO `area_code` VALUES (807, '蒲县', 145, 141033, 0, 0);
INSERT INTO `area_code` VALUES (808, '汾西县', 145, 141034, 0, 0);
INSERT INTO `area_code` VALUES (809, '侯马市', 145, 141081, 0, 0);
INSERT INTO `area_code` VALUES (810, '霍州市', 145, 141082, 0, 0);
INSERT INTO `area_code` VALUES (811, '离石区', 146, 141102, 0, 0);
INSERT INTO `area_code` VALUES (812, '文水县', 146, 141121, 0, 0);
INSERT INTO `area_code` VALUES (813, '交城县', 146, 141122, 0, 0);
INSERT INTO `area_code` VALUES (814, '兴县', 146, 141123, 0, 0);
INSERT INTO `area_code` VALUES (815, '临县', 146, 141124, 0, 0);
INSERT INTO `area_code` VALUES (816, '柳林县', 146, 141125, 0, 0);
INSERT INTO `area_code` VALUES (817, '石楼县', 146, 141126, 0, 0);
INSERT INTO `area_code` VALUES (818, '岚县', 146, 141127, 0, 0);
INSERT INTO `area_code` VALUES (819, '方山县', 146, 141128, 0, 0);
INSERT INTO `area_code` VALUES (820, '中阳县', 146, 141129, 0, 0);
INSERT INTO `area_code` VALUES (821, '交口县', 146, 141130, 0, 0);
INSERT INTO `area_code` VALUES (822, '孝义市', 146, 141181, 0, 0);
INSERT INTO `area_code` VALUES (823, '汾阳市', 146, 141182, 0, 0);
INSERT INTO `area_code` VALUES (824, '新城区', 147, 150102, 0, 0);
INSERT INTO `area_code` VALUES (825, '回民区', 147, 150103, 0, 0);
INSERT INTO `area_code` VALUES (826, '玉泉区', 147, 150104, 0, 0);
INSERT INTO `area_code` VALUES (827, '赛罕区', 147, 150105, 0, 0);
INSERT INTO `area_code` VALUES (828, '土默特左旗', 147, 150121, 0, 0);
INSERT INTO `area_code` VALUES (829, '托克托县', 147, 150122, 0, 0);
INSERT INTO `area_code` VALUES (830, '和林格尔县', 147, 150123, 0, 0);
INSERT INTO `area_code` VALUES (831, '清水河县', 147, 150124, 0, 0);
INSERT INTO `area_code` VALUES (832, '武川县', 147, 150125, 0, 0);
INSERT INTO `area_code` VALUES (833, '东河区', 148, 150202, 0, 0);
INSERT INTO `area_code` VALUES (834, '昆都仑区', 148, 150203, 0, 0);
INSERT INTO `area_code` VALUES (835, '青山区', 148, 150204, 0, 0);
INSERT INTO `area_code` VALUES (836, '石拐区', 148, 150205, 0, 0);
INSERT INTO `area_code` VALUES (837, '白云区', 148, 150206, 0, 0);
INSERT INTO `area_code` VALUES (838, '九原区', 148, 150207, 0, 0);
INSERT INTO `area_code` VALUES (839, '土默特右旗', 148, 150221, 0, 0);
INSERT INTO `area_code` VALUES (840, '固阳县', 148, 150222, 0, 0);
INSERT INTO `area_code` VALUES (841, '达尔罕茂明安旗', 148, 150223, 0, 0);
INSERT INTO `area_code` VALUES (842, '海勃湾区', 149, 150302, 0, 0);
INSERT INTO `area_code` VALUES (843, '海南区', 149, 150303, 0, 0);
INSERT INTO `area_code` VALUES (844, '乌达区', 149, 150304, 0, 0);
INSERT INTO `area_code` VALUES (845, '红山区', 150, 150402, 0, 0);
INSERT INTO `area_code` VALUES (846, '元宝山区', 150, 150403, 0, 0);
INSERT INTO `area_code` VALUES (847, '松山区', 150, 150404, 0, 0);
INSERT INTO `area_code` VALUES (848, '阿鲁科尔沁旗', 150, 150421, 0, 0);
INSERT INTO `area_code` VALUES (849, '巴林左旗', 150, 150422, 0, 0);
INSERT INTO `area_code` VALUES (850, '巴林右旗', 150, 150423, 0, 0);
INSERT INTO `area_code` VALUES (851, '林西县', 150, 150424, 0, 0);
INSERT INTO `area_code` VALUES (852, '克什克腾旗', 150, 150425, 0, 0);
INSERT INTO `area_code` VALUES (853, '翁牛特旗', 150, 150426, 0, 0);
INSERT INTO `area_code` VALUES (854, '喀喇沁旗', 150, 150428, 0, 0);
INSERT INTO `area_code` VALUES (855, '宁城县', 150, 150429, 0, 0);
INSERT INTO `area_code` VALUES (856, '敖汉旗', 150, 150430, 0, 0);
INSERT INTO `area_code` VALUES (857, '科尔沁区', 151, 150502, 0, 0);
INSERT INTO `area_code` VALUES (858, '科尔沁左翼中旗', 151, 150521, 0, 0);
INSERT INTO `area_code` VALUES (859, '科尔沁左翼后旗', 151, 150522, 0, 0);
INSERT INTO `area_code` VALUES (860, '开鲁县', 151, 150523, 0, 0);
INSERT INTO `area_code` VALUES (861, '库伦旗', 151, 150524, 0, 0);
INSERT INTO `area_code` VALUES (862, '奈曼旗', 151, 150525, 0, 0);
INSERT INTO `area_code` VALUES (863, '扎鲁特旗', 151, 150526, 0, 0);
INSERT INTO `area_code` VALUES (864, '霍林郭勒市', 151, 150581, 0, 0);
INSERT INTO `area_code` VALUES (865, '东胜区', 152, 150602, 0, 0);
INSERT INTO `area_code` VALUES (866, '达拉特旗', 152, 150621, 0, 0);
INSERT INTO `area_code` VALUES (867, '准格尔旗', 152, 150622, 0, 0);
INSERT INTO `area_code` VALUES (868, '鄂托克前旗', 152, 150623, 0, 0);
INSERT INTO `area_code` VALUES (869, '鄂托克旗', 152, 150624, 0, 0);
INSERT INTO `area_code` VALUES (870, '杭锦旗', 152, 150625, 0, 0);
INSERT INTO `area_code` VALUES (871, '乌审旗', 152, 150626, 0, 0);
INSERT INTO `area_code` VALUES (872, '伊金霍洛旗', 152, 150627, 0, 0);
INSERT INTO `area_code` VALUES (873, '海拉尔区', 153, 150702, 0, 0);
INSERT INTO `area_code` VALUES (874, '阿荣旗', 153, 150721, 0, 0);
INSERT INTO `area_code` VALUES (875, '莫力达瓦自治旗', 153, 150722, 0, 0);
INSERT INTO `area_code` VALUES (876, '鄂伦春自治旗', 153, 150723, 0, 0);
INSERT INTO `area_code` VALUES (877, '鄂温克族自治旗', 153, 150724, 0, 0);
INSERT INTO `area_code` VALUES (878, '陈巴尔虎旗', 153, 150725, 0, 0);
INSERT INTO `area_code` VALUES (879, '新巴尔虎左旗', 153, 150726, 0, 0);
INSERT INTO `area_code` VALUES (880, '新巴尔虎右旗', 153, 150727, 0, 0);
INSERT INTO `area_code` VALUES (881, '满洲里市', 153, 150781, 0, 0);
INSERT INTO `area_code` VALUES (882, '牙克石市', 153, 150782, 0, 0);
INSERT INTO `area_code` VALUES (883, '扎兰屯市', 153, 150783, 0, 0);
INSERT INTO `area_code` VALUES (884, '额尔古纳市', 153, 150784, 0, 0);
INSERT INTO `area_code` VALUES (885, '根河市', 153, 150785, 0, 0);
INSERT INTO `area_code` VALUES (886, '临河区', 154, 150802, 0, 0);
INSERT INTO `area_code` VALUES (887, '五原县', 154, 150821, 0, 0);
INSERT INTO `area_code` VALUES (888, '磴口县', 154, 150822, 0, 0);
INSERT INTO `area_code` VALUES (889, '乌拉特前旗', 154, 150823, 0, 0);
INSERT INTO `area_code` VALUES (890, '乌拉特中旗', 154, 150824, 0, 0);
INSERT INTO `area_code` VALUES (891, '乌拉特后旗', 154, 150825, 0, 0);
INSERT INTO `area_code` VALUES (892, '杭锦后旗', 154, 150826, 0, 0);
INSERT INTO `area_code` VALUES (893, '集宁区', 155, 150902, 0, 0);
INSERT INTO `area_code` VALUES (894, '卓资县', 155, 150921, 0, 0);
INSERT INTO `area_code` VALUES (895, '化德县', 155, 150922, 0, 0);
INSERT INTO `area_code` VALUES (896, '商都县', 155, 150923, 0, 0);
INSERT INTO `area_code` VALUES (897, '兴和县', 155, 150924, 0, 0);
INSERT INTO `area_code` VALUES (898, '凉城县', 155, 150925, 0, 0);
INSERT INTO `area_code` VALUES (899, '察哈尔右翼前旗', 155, 150926, 0, 0);
INSERT INTO `area_code` VALUES (900, '察哈尔右翼中旗', 155, 150927, 0, 0);
INSERT INTO `area_code` VALUES (901, '察哈尔右翼后旗', 155, 150928, 0, 0);
INSERT INTO `area_code` VALUES (902, '四子王旗', 155, 150929, 0, 0);
INSERT INTO `area_code` VALUES (903, '丰镇市', 155, 150981, 0, 0);
INSERT INTO `area_code` VALUES (904, '乌兰浩特市', 156, 152201, 0, 0);
INSERT INTO `area_code` VALUES (905, '阿尔山市', 156, 152202, 0, 0);
INSERT INTO `area_code` VALUES (906, '科尔沁右翼前旗', 156, 152221, 0, 0);
INSERT INTO `area_code` VALUES (907, '科尔沁右翼中旗', 156, 152222, 0, 0);
INSERT INTO `area_code` VALUES (908, '扎赉特旗', 156, 152223, 0, 0);
INSERT INTO `area_code` VALUES (909, '突泉县', 156, 152224, 0, 0);
INSERT INTO `area_code` VALUES (910, '二连浩特市', 157, 152501, 0, 0);
INSERT INTO `area_code` VALUES (911, '锡林浩特市', 157, 152502, 0, 0);
INSERT INTO `area_code` VALUES (912, '阿巴嘎旗', 157, 152522, 0, 0);
INSERT INTO `area_code` VALUES (913, '苏尼特左旗', 157, 152523, 0, 0);
INSERT INTO `area_code` VALUES (914, '苏尼特右旗', 157, 152524, 0, 0);
INSERT INTO `area_code` VALUES (915, '东乌珠穆沁旗', 157, 152525, 0, 0);
INSERT INTO `area_code` VALUES (916, '西乌珠穆沁旗', 157, 152526, 0, 0);
INSERT INTO `area_code` VALUES (917, '太仆寺旗', 157, 152527, 0, 0);
INSERT INTO `area_code` VALUES (918, '镶黄旗', 157, 152528, 0, 0);
INSERT INTO `area_code` VALUES (919, '正镶白旗', 157, 152529, 0, 0);
INSERT INTO `area_code` VALUES (920, '正蓝旗', 157, 152530, 0, 0);
INSERT INTO `area_code` VALUES (921, '多伦县', 157, 152531, 0, 0);
INSERT INTO `area_code` VALUES (922, '阿拉善左旗', 158, 152921, 0, 0);
INSERT INTO `area_code` VALUES (923, '阿拉善右旗', 158, 152922, 0, 0);
INSERT INTO `area_code` VALUES (924, '额济纳旗', 158, 152923, 0, 0);
INSERT INTO `area_code` VALUES (925, '和平区', 159, 210102, 0, 0);
INSERT INTO `area_code` VALUES (926, '沈河区', 159, 210103, 0, 0);
INSERT INTO `area_code` VALUES (927, '大东区', 159, 210104, 0, 0);
INSERT INTO `area_code` VALUES (928, '皇姑区', 159, 210105, 0, 0);
INSERT INTO `area_code` VALUES (929, '铁西区', 159, 210106, 0, 0);
INSERT INTO `area_code` VALUES (930, '苏家屯区', 159, 210111, 0, 0);
INSERT INTO `area_code` VALUES (931, '浑南区', 159, 210112, 0, 0);
INSERT INTO `area_code` VALUES (932, '沈北新区', 159, 210113, 0, 0);
INSERT INTO `area_code` VALUES (933, '于洪区', 159, 210114, 0, 0);
INSERT INTO `area_code` VALUES (934, '辽中区', 159, 210115, 0, 0);
INSERT INTO `area_code` VALUES (935, '康平县', 159, 210123, 0, 0);
INSERT INTO `area_code` VALUES (936, '法库县', 159, 210124, 0, 0);
INSERT INTO `area_code` VALUES (937, '新民市', 159, 210181, 0, 0);
INSERT INTO `area_code` VALUES (938, '中山区', 160, 210202, 0, 0);
INSERT INTO `area_code` VALUES (939, '西岗区', 160, 210203, 0, 0);
INSERT INTO `area_code` VALUES (940, '沙河口区', 160, 210204, 0, 0);
INSERT INTO `area_code` VALUES (941, '甘井子区', 160, 210211, 0, 0);
INSERT INTO `area_code` VALUES (942, '旅顺口区', 160, 210212, 0, 0);
INSERT INTO `area_code` VALUES (943, '金州区', 160, 210213, 0, 0);
INSERT INTO `area_code` VALUES (944, '长海县', 160, 210224, 0, 0);
INSERT INTO `area_code` VALUES (945, '瓦房店市', 160, 210281, 0, 0);
INSERT INTO `area_code` VALUES (946, '普兰店区', 160, 210282, 0, 0);
INSERT INTO `area_code` VALUES (947, '庄河市', 160, 210283, 0, 0);
INSERT INTO `area_code` VALUES (948, '铁东区', 161, 210302, 0, 0);
INSERT INTO `area_code` VALUES (949, '铁西区', 161, 210303, 0, 0);
INSERT INTO `area_code` VALUES (950, '立山区', 161, 210304, 0, 0);
INSERT INTO `area_code` VALUES (951, '千山区', 161, 210311, 0, 0);
INSERT INTO `area_code` VALUES (952, '台安县', 161, 210321, 0, 0);
INSERT INTO `area_code` VALUES (953, '岫岩自治县', 161, 210323, 0, 0);
INSERT INTO `area_code` VALUES (954, '海城市', 161, 210381, 0, 0);
INSERT INTO `area_code` VALUES (955, '新抚区', 162, 210402, 0, 0);
INSERT INTO `area_code` VALUES (956, '东洲区', 162, 210403, 0, 0);
INSERT INTO `area_code` VALUES (957, '望花区', 162, 210404, 0, 0);
INSERT INTO `area_code` VALUES (958, '顺城区', 162, 210411, 0, 0);
INSERT INTO `area_code` VALUES (959, '抚顺县', 162, 210421, 0, 0);
INSERT INTO `area_code` VALUES (960, '新宾自治县', 162, 210422, 0, 0);
INSERT INTO `area_code` VALUES (961, '清原自治县', 162, 210423, 0, 0);
INSERT INTO `area_code` VALUES (962, '平山区', 163, 210502, 0, 0);
INSERT INTO `area_code` VALUES (963, '溪湖区', 163, 210503, 0, 0);
INSERT INTO `area_code` VALUES (964, '明山区', 163, 210504, 0, 0);
INSERT INTO `area_code` VALUES (965, '南芬区', 163, 210505, 0, 0);
INSERT INTO `area_code` VALUES (966, '本溪自治县', 163, 210521, 0, 0);
INSERT INTO `area_code` VALUES (967, '桓仁自治县', 163, 210522, 0, 0);
INSERT INTO `area_code` VALUES (968, '元宝区', 164, 210602, 0, 0);
INSERT INTO `area_code` VALUES (969, '振兴区', 164, 210603, 0, 0);
INSERT INTO `area_code` VALUES (970, '振安区', 164, 210604, 0, 0);
INSERT INTO `area_code` VALUES (971, '宽甸自治县', 164, 210624, 0, 0);
INSERT INTO `area_code` VALUES (972, '东港市', 164, 210681, 0, 0);
INSERT INTO `area_code` VALUES (973, '凤城市', 164, 210682, 0, 0);
INSERT INTO `area_code` VALUES (974, '古塔区', 165, 210702, 0, 0);
INSERT INTO `area_code` VALUES (975, '凌河区', 165, 210703, 0, 0);
INSERT INTO `area_code` VALUES (976, '太和区', 165, 210711, 0, 0);
INSERT INTO `area_code` VALUES (977, '黑山县', 165, 210726, 0, 0);
INSERT INTO `area_code` VALUES (978, '义县', 165, 210727, 0, 0);
INSERT INTO `area_code` VALUES (979, '凌海市', 165, 210781, 0, 0);
INSERT INTO `area_code` VALUES (980, '北镇市', 165, 210782, 0, 0);
INSERT INTO `area_code` VALUES (981, '站前区', 166, 210802, 0, 0);
INSERT INTO `area_code` VALUES (982, '西市区', 166, 210803, 0, 0);
INSERT INTO `area_code` VALUES (983, '鲅鱼圈区', 166, 210804, 0, 0);
INSERT INTO `area_code` VALUES (984, '老边区', 166, 210811, 0, 0);
INSERT INTO `area_code` VALUES (985, '盖州市', 166, 210881, 0, 0);
INSERT INTO `area_code` VALUES (986, '大石桥市', 166, 210882, 0, 0);
INSERT INTO `area_code` VALUES (987, '海州区', 167, 210902, 0, 0);
INSERT INTO `area_code` VALUES (988, '新邱区', 167, 210903, 0, 0);
INSERT INTO `area_code` VALUES (989, '太平区', 167, 210904, 0, 0);
INSERT INTO `area_code` VALUES (990, '清河门区', 167, 210905, 0, 0);
INSERT INTO `area_code` VALUES (991, '细河区', 167, 210911, 0, 0);
INSERT INTO `area_code` VALUES (992, '阜新自治县', 167, 210921, 0, 0);
INSERT INTO `area_code` VALUES (993, '彰武县', 167, 210922, 0, 0);
INSERT INTO `area_code` VALUES (994, '白塔区', 168, 211002, 0, 0);
INSERT INTO `area_code` VALUES (995, '文圣区', 168, 211003, 0, 0);
INSERT INTO `area_code` VALUES (996, '宏伟区', 168, 211004, 0, 0);
INSERT INTO `area_code` VALUES (997, '弓长岭区', 168, 211005, 0, 0);
INSERT INTO `area_code` VALUES (998, '辽阳县', 168, 211021, 0, 0);
INSERT INTO `area_code` VALUES (999, '灯塔市', 168, 211081, 0, 0);
INSERT INTO `area_code` VALUES (1000, '太子河区', 168, 211110, 0, 0);
INSERT INTO `area_code` VALUES (1001, '双台子区', 169, 211103, 0, 0);
INSERT INTO `area_code` VALUES (1002, '兴隆台区', 169, 211103, 0, 0);
INSERT INTO `area_code` VALUES (1003, '大洼区', 169, 211104, 0, 0);
INSERT INTO `area_code` VALUES (1004, '盘山县', 169, 211122, 0, 0);
INSERT INTO `area_code` VALUES (1005, '银州区', 170, 211202, 0, 0);
INSERT INTO `area_code` VALUES (1006, '清河区', 170, 211204, 0, 0);
INSERT INTO `area_code` VALUES (1007, '铁岭县', 170, 211221, 0, 0);
INSERT INTO `area_code` VALUES (1008, '西丰县', 170, 211223, 0, 0);
INSERT INTO `area_code` VALUES (1009, '昌图县', 170, 211224, 0, 0);
INSERT INTO `area_code` VALUES (1010, '调兵山市', 170, 211281, 0, 0);
INSERT INTO `area_code` VALUES (1011, '开原市', 170, 211282, 0, 0);
INSERT INTO `area_code` VALUES (1012, '双塔区', 171, 211302, 0, 0);
INSERT INTO `area_code` VALUES (1013, '龙城区', 171, 211303, 0, 0);
INSERT INTO `area_code` VALUES (1014, '朝阳县', 171, 211321, 0, 0);
INSERT INTO `area_code` VALUES (1015, '建平县', 171, 211322, 0, 0);
INSERT INTO `area_code` VALUES (1016, '喀喇沁左翼自治县', 171, 211324, 0, 0);
INSERT INTO `area_code` VALUES (1017, '北票市', 171, 211381, 0, 0);
INSERT INTO `area_code` VALUES (1018, '凌源市', 171, 211382, 0, 0);
INSERT INTO `area_code` VALUES (1019, '连山区', 172, 211402, 0, 0);
INSERT INTO `area_code` VALUES (1020, '龙港区', 172, 211403, 0, 0);
INSERT INTO `area_code` VALUES (1021, '南票区', 172, 211404, 0, 0);
INSERT INTO `area_code` VALUES (1022, '绥中县', 172, 211421, 0, 0);
INSERT INTO `area_code` VALUES (1023, '建昌县', 172, 211422, 0, 0);
INSERT INTO `area_code` VALUES (1024, '兴城市', 172, 211481, 0, 0);
INSERT INTO `area_code` VALUES (1025, '南关区', 173, 220102, 0, 0);
INSERT INTO `area_code` VALUES (1026, '宽城区', 173, 220103, 0, 0);
INSERT INTO `area_code` VALUES (1027, '朝阳区', 173, 220104, 0, 0);
INSERT INTO `area_code` VALUES (1028, '二道区', 173, 220105, 0, 0);
INSERT INTO `area_code` VALUES (1029, '绿园区', 173, 220106, 0, 0);
INSERT INTO `area_code` VALUES (1030, '双阳区', 173, 220112, 0, 0);
INSERT INTO `area_code` VALUES (1031, '农安县', 173, 220122, 0, 0);
INSERT INTO `area_code` VALUES (1032, '九台区', 173, 220113, 0, 0);
INSERT INTO `area_code` VALUES (1033, '榆树市', 173, 220182, 0, 0);
INSERT INTO `area_code` VALUES (1034, '德惠市', 173, 220183, 0, 0);
INSERT INTO `area_code` VALUES (1035, '昌邑区', 174, 220202, 0, 0);
INSERT INTO `area_code` VALUES (1036, '龙潭区', 174, 220203, 0, 0);
INSERT INTO `area_code` VALUES (1037, '船营区', 174, 220204, 0, 0);
INSERT INTO `area_code` VALUES (1038, '丰满区', 174, 220211, 0, 0);
INSERT INTO `area_code` VALUES (1039, '永吉县', 174, 220221, 0, 0);
INSERT INTO `area_code` VALUES (1040, '桦甸市', 174, 220281, 0, 0);
INSERT INTO `area_code` VALUES (1041, '蛟河市', 174, 220282, 0, 0);
INSERT INTO `area_code` VALUES (1042, '舒兰市', 174, 220283, 0, 0);
INSERT INTO `area_code` VALUES (1043, '磐石市', 174, 220284, 0, 0);
INSERT INTO `area_code` VALUES (1044, '铁西区', 175, 220302, 0, 0);
INSERT INTO `area_code` VALUES (1045, '铁东区', 175, 220303, 0, 0);
INSERT INTO `area_code` VALUES (1046, '梨树县', 175, 220322, 0, 0);
INSERT INTO `area_code` VALUES (1047, '伊通自治县', 175, 220323, 0, 0);
INSERT INTO `area_code` VALUES (1048, '公主岭市', 175, 220381, 0, 0);
INSERT INTO `area_code` VALUES (1049, '双辽市', 175, 220382, 0, 0);
INSERT INTO `area_code` VALUES (1050, '龙山区', 176, 220402, 0, 0);
INSERT INTO `area_code` VALUES (1051, '西安区', 176, 220403, 0, 0);
INSERT INTO `area_code` VALUES (1052, '东丰县', 176, 220421, 0, 0);
INSERT INTO `area_code` VALUES (1053, '东辽县', 176, 220422, 0, 0);
INSERT INTO `area_code` VALUES (1054, '东昌区', 177, 220502, 0, 0);
INSERT INTO `area_code` VALUES (1055, '二道江区', 177, 220503, 0, 0);
INSERT INTO `area_code` VALUES (1056, '通化县', 177, 220521, 0, 0);
INSERT INTO `area_code` VALUES (1057, '辉南县', 177, 220523, 0, 0);
INSERT INTO `area_code` VALUES (1058, '柳河县', 177, 220524, 0, 0);
INSERT INTO `area_code` VALUES (1059, '梅河口市', 177, 220581, 0, 0);
INSERT INTO `area_code` VALUES (1060, '集安市', 177, 220582, 0, 0);
INSERT INTO `area_code` VALUES (1061, '浑江区', 178, 220602, 0, 0);
INSERT INTO `area_code` VALUES (1062, '江源区', 178, 220604, 0, 0);
INSERT INTO `area_code` VALUES (1063, '抚松县', 178, 220621, 0, 0);
INSERT INTO `area_code` VALUES (1064, '靖宇县', 178, 220622, 0, 0);
INSERT INTO `area_code` VALUES (1065, '长白自治县', 178, 220623, 0, 0);
INSERT INTO `area_code` VALUES (1066, '临江市', 178, 220681, 0, 0);
INSERT INTO `area_code` VALUES (1067, '宁江区', 179, 220702, 0, 0);
INSERT INTO `area_code` VALUES (1068, '前郭尔罗斯自治县', 179, 220721, 0, 0);
INSERT INTO `area_code` VALUES (1069, '长岭县', 179, 220722, 0, 0);
INSERT INTO `area_code` VALUES (1070, '乾安县', 179, 220723, 0, 0);
INSERT INTO `area_code` VALUES (1071, '扶余市', 179, 220724, 0, 0);
INSERT INTO `area_code` VALUES (1072, '洮北区', 180, 220802, 0, 0);
INSERT INTO `area_code` VALUES (1073, '镇赉县', 180, 220821, 0, 0);
INSERT INTO `area_code` VALUES (1074, '洮南市', 180, 220881, 0, 0);
INSERT INTO `area_code` VALUES (1075, '大安市', 180, 220882, 0, 0);
INSERT INTO `area_code` VALUES (1076, '通榆县', 180, 220822, 0, 0);
INSERT INTO `area_code` VALUES (1077, '延吉市', 181, 222401, 0, 0);
INSERT INTO `area_code` VALUES (1078, '图们市', 181, 222402, 0, 0);
INSERT INTO `area_code` VALUES (1079, '敦化市', 181, 222403, 0, 0);
INSERT INTO `area_code` VALUES (1080, '珲春市', 181, 222404, 0, 0);
INSERT INTO `area_code` VALUES (1081, '龙井市', 181, 222405, 0, 0);
INSERT INTO `area_code` VALUES (1082, '和龙市', 181, 222406, 0, 0);
INSERT INTO `area_code` VALUES (1083, '汪清县', 181, 222424, 0, 0);
INSERT INTO `area_code` VALUES (1084, '安图县', 181, 222426, 0, 0);
INSERT INTO `area_code` VALUES (1085, '道里区', 182, 230102, 0, 0);
INSERT INTO `area_code` VALUES (1086, '南岗区', 182, 230103, 0, 0);
INSERT INTO `area_code` VALUES (1087, '道外区', 182, 230104, 0, 0);
INSERT INTO `area_code` VALUES (1088, '平房区', 182, 230108, 0, 0);
INSERT INTO `area_code` VALUES (1089, '松北区', 182, 230109, 0, 0);
INSERT INTO `area_code` VALUES (1090, '香坊区', 182, 230110, 0, 0);
INSERT INTO `area_code` VALUES (1091, '呼兰区', 182, 230111, 0, 0);
INSERT INTO `area_code` VALUES (1092, '阿城区', 182, 230112, 0, 0);
INSERT INTO `area_code` VALUES (1093, '依兰县', 182, 230123, 0, 0);
INSERT INTO `area_code` VALUES (1094, '方正县', 182, 230124, 0, 0);
INSERT INTO `area_code` VALUES (1095, '宾县', 182, 230125, 0, 0);
INSERT INTO `area_code` VALUES (1096, '巴彦县', 182, 230126, 0, 0);
INSERT INTO `area_code` VALUES (1097, '木兰县', 182, 230127, 0, 0);
INSERT INTO `area_code` VALUES (1098, '通河县', 182, 230128, 0, 0);
INSERT INTO `area_code` VALUES (1099, '延寿县', 182, 230129, 0, 0);
INSERT INTO `area_code` VALUES (1100, '双城区', 182, 230182, 0, 0);
INSERT INTO `area_code` VALUES (1101, '尚志市', 182, 230183, 0, 0);
INSERT INTO `area_code` VALUES (1102, '五常市', 182, 230184, 0, 0);
INSERT INTO `area_code` VALUES (1103, '龙沙区', 183, 230202, 0, 0);
INSERT INTO `area_code` VALUES (1104, '建华区', 183, 230203, 0, 0);
INSERT INTO `area_code` VALUES (1105, '铁锋区', 183, 230204, 0, 0);
INSERT INTO `area_code` VALUES (1106, '昂昂溪区', 183, 230205, 0, 0);
INSERT INTO `area_code` VALUES (1107, '富拉尔基区', 183, 230206, 0, 0);
INSERT INTO `area_code` VALUES (1108, '碾子山区', 183, 230207, 0, 0);
INSERT INTO `area_code` VALUES (1109, '梅里斯区', 183, 230208, 0, 0);
INSERT INTO `area_code` VALUES (1110, '龙江县', 183, 230221, 0, 0);
INSERT INTO `area_code` VALUES (1111, '依安县', 183, 230223, 0, 0);
INSERT INTO `area_code` VALUES (1112, '泰来县', 183, 230224, 0, 0);
INSERT INTO `area_code` VALUES (1113, '甘南县', 183, 230225, 0, 0);
INSERT INTO `area_code` VALUES (1114, '富裕县', 183, 230227, 0, 0);
INSERT INTO `area_code` VALUES (1115, '克山县', 183, 230229, 0, 0);
INSERT INTO `area_code` VALUES (1116, '克东县', 183, 230230, 0, 0);
INSERT INTO `area_code` VALUES (1117, '拜泉县', 183, 230231, 0, 0);
INSERT INTO `area_code` VALUES (1118, '讷河市', 183, 230281, 0, 0);
INSERT INTO `area_code` VALUES (1119, '鸡冠区', 184, 230302, 0, 0);
INSERT INTO `area_code` VALUES (1120, '恒山区', 184, 230303, 0, 0);
INSERT INTO `area_code` VALUES (1121, '滴道区', 184, 230304, 0, 0);
INSERT INTO `area_code` VALUES (1122, '梨树区', 184, 230305, 0, 0);
INSERT INTO `area_code` VALUES (1123, '城子河区', 184, 230306, 0, 0);
INSERT INTO `area_code` VALUES (1124, '麻山区', 184, 230307, 0, 0);
INSERT INTO `area_code` VALUES (1125, '鸡东县', 184, 230321, 0, 0);
INSERT INTO `area_code` VALUES (1126, '虎林市', 184, 230381, 0, 0);
INSERT INTO `area_code` VALUES (1127, '密山市', 184, 230382, 0, 0);
INSERT INTO `area_code` VALUES (1128, '向阳区', 185, 230402, 0, 0);
INSERT INTO `area_code` VALUES (1129, '工农区', 185, 230403, 0, 0);
INSERT INTO `area_code` VALUES (1130, '南山区', 185, 230404, 0, 0);
INSERT INTO `area_code` VALUES (1131, '兴安区', 185, 230405, 0, 0);
INSERT INTO `area_code` VALUES (1132, '东山区', 185, 230406, 0, 0);
INSERT INTO `area_code` VALUES (1133, '兴山区', 185, 230407, 0, 0);
INSERT INTO `area_code` VALUES (1134, '萝北县', 185, 230421, 0, 0);
INSERT INTO `area_code` VALUES (1135, '绥滨县', 185, 230422, 0, 0);
INSERT INTO `area_code` VALUES (1136, '尖山区', 186, 230502, 0, 0);
INSERT INTO `area_code` VALUES (1137, '岭东区', 186, 230503, 0, 0);
INSERT INTO `area_code` VALUES (1138, '四方台区', 186, 230505, 0, 0);
INSERT INTO `area_code` VALUES (1139, '宝山区', 186, 230506, 0, 0);
INSERT INTO `area_code` VALUES (1140, '集贤县', 186, 230521, 0, 0);
INSERT INTO `area_code` VALUES (1141, '友谊县', 186, 230522, 0, 0);
INSERT INTO `area_code` VALUES (1142, '宝清县', 186, 230523, 0, 0);
INSERT INTO `area_code` VALUES (1143, '饶河县', 186, 230524, 0, 0);
INSERT INTO `area_code` VALUES (1144, '萨尔图区', 187, 230602, 0, 0);
INSERT INTO `area_code` VALUES (1145, '龙凤区', 187, 230603, 0, 0);
INSERT INTO `area_code` VALUES (1146, '让胡路区', 187, 230604, 0, 0);
INSERT INTO `area_code` VALUES (1147, '红岗区', 187, 230605, 0, 0);
INSERT INTO `area_code` VALUES (1148, '大同区', 187, 230606, 0, 0);
INSERT INTO `area_code` VALUES (1149, '肇州县', 187, 230621, 0, 0);
INSERT INTO `area_code` VALUES (1150, '肇源县', 187, 230622, 0, 0);
INSERT INTO `area_code` VALUES (1151, '林甸县', 187, 230623, 0, 0);
INSERT INTO `area_code` VALUES (1152, '杜尔伯特自治县', 187, 230624, 0, 0);
INSERT INTO `area_code` VALUES (1154, '南岔县', 188, 230726, 0, 0);
INSERT INTO `area_code` VALUES (1155, '友好区', 188, 230719, 0, 0);
INSERT INTO `area_code` VALUES (1156, '金林区', 188, 230751, 0, 0);
INSERT INTO `area_code` VALUES (1157, '乌翠区', 188, 230718, 0, 0);
INSERT INTO `area_code` VALUES (1158, '丰林县', 188, 230724, 0, 0);
INSERT INTO `area_code` VALUES (1162, '伊美区', 188, 230717, 0, 0);
INSERT INTO `area_code` VALUES (1163, '汤旺县', 188, 230723, 0, 0);
INSERT INTO `area_code` VALUES (1164, '大箐山县', 188, 230725, 0, 0);
INSERT INTO `area_code` VALUES (1168, '嘉荫县', 188, 230722, 0, 0);
INSERT INTO `area_code` VALUES (1169, '铁力市', 188, 230781, 0, 0);
INSERT INTO `area_code` VALUES (1170, '向阳区', 189, 230803, 0, 0);
INSERT INTO `area_code` VALUES (1171, '前进区', 189, 230804, 0, 0);
INSERT INTO `area_code` VALUES (1172, '东风区', 189, 230805, 0, 0);
INSERT INTO `area_code` VALUES (1173, '郊区', 189, 230811, 0, 0);
INSERT INTO `area_code` VALUES (1174, '桦南县', 189, 230822, 0, 0);
INSERT INTO `area_code` VALUES (1175, '桦川县', 189, 230826, 0, 0);
INSERT INTO `area_code` VALUES (1176, '汤原县', 189, 230828, 0, 0);
INSERT INTO `area_code` VALUES (1177, '抚远市', 189, 230883, 0, 0);
INSERT INTO `area_code` VALUES (1178, '同江市', 189, 230881, 0, 0);
INSERT INTO `area_code` VALUES (1179, '富锦市', 189, 230882, 0, 0);
INSERT INTO `area_code` VALUES (1180, '新兴区', 190, 230902, 0, 0);
INSERT INTO `area_code` VALUES (1181, '桃山区', 190, 230903, 0, 0);
INSERT INTO `area_code` VALUES (1182, '茄子河区', 190, 230904, 0, 0);
INSERT INTO `area_code` VALUES (1183, '勃利县', 190, 230921, 0, 0);
INSERT INTO `area_code` VALUES (1184, '东安区', 191, 231002, 0, 0);
INSERT INTO `area_code` VALUES (1185, '阳明区', 191, 231003, 0, 0);
INSERT INTO `area_code` VALUES (1186, '爱民区', 191, 231004, 0, 0);
INSERT INTO `area_code` VALUES (1187, '西安区', 191, 231005, 0, 0);
INSERT INTO `area_code` VALUES (1188, '东宁市', 191, 231086, 0, 0);
INSERT INTO `area_code` VALUES (1189, '林口县', 191, 231025, 0, 0);
INSERT INTO `area_code` VALUES (1190, '绥芬河市', 191, 231081, 0, 0);
INSERT INTO `area_code` VALUES (1191, '海林市', 191, 231083, 0, 0);
INSERT INTO `area_code` VALUES (1192, '宁安市', 191, 231084, 0, 0);
INSERT INTO `area_code` VALUES (1193, '穆棱市', 191, 231085, 0, 0);
INSERT INTO `area_code` VALUES (1194, '爱辉区', 192, 231102, 0, 0);
INSERT INTO `area_code` VALUES (1195, '嫩江市', 192, 231183, 0, 0);
INSERT INTO `area_code` VALUES (1196, '逊克县', 192, 231123, 0, 0);
INSERT INTO `area_code` VALUES (1197, '孙吴县', 192, 231124, 0, 0);
INSERT INTO `area_code` VALUES (1198, '北安市', 192, 231181, 0, 0);
INSERT INTO `area_code` VALUES (1199, '五大连池市', 192, 231182, 0, 0);
INSERT INTO `area_code` VALUES (1200, '北林区', 193, 231202, 0, 0);
INSERT INTO `area_code` VALUES (1201, '望奎县', 193, 231221, 0, 0);
INSERT INTO `area_code` VALUES (1202, '兰西县', 193, 231222, 0, 0);
INSERT INTO `area_code` VALUES (1203, '青冈县', 193, 231223, 0, 0);
INSERT INTO `area_code` VALUES (1204, '庆安县', 193, 231224, 0, 0);
INSERT INTO `area_code` VALUES (1205, '明水县', 193, 231225, 0, 0);
INSERT INTO `area_code` VALUES (1206, '绥棱县', 193, 231226, 0, 0);
INSERT INTO `area_code` VALUES (1207, '安达市', 193, 231281, 0, 0);
INSERT INTO `area_code` VALUES (1208, '肇东市', 193, 231282, 0, 0);
INSERT INTO `area_code` VALUES (1209, '海伦市', 193, 231283, 0, 0);
INSERT INTO `area_code` VALUES (1210, '加格达奇区', 194, 232701, 0, 0);
INSERT INTO `area_code` VALUES (1211, '松岭区', 194, 232702, 0, 0);
INSERT INTO `area_code` VALUES (1212, '新林区', 194, 232703, 0, 0);
INSERT INTO `area_code` VALUES (1213, '呼中区', 194, 232704, 0, 0);
INSERT INTO `area_code` VALUES (1214, '呼玛县', 194, 232721, 0, 0);
INSERT INTO `area_code` VALUES (1215, '塔河县', 194, 232722, 0, 0);
INSERT INTO `area_code` VALUES (1216, '漠河市', 194, 232701, 0, 0);
INSERT INTO `area_code` VALUES (1217, '玄武区', 195, 320102, 0, 0);
INSERT INTO `area_code` VALUES (1218, '秦淮区', 195, 320104, 0, 0);
INSERT INTO `area_code` VALUES (1219, '建邺区', 195, 320105, 0, 0);
INSERT INTO `area_code` VALUES (1220, '鼓楼区', 195, 320106, 0, 0);
INSERT INTO `area_code` VALUES (1221, '浦口区', 195, 320111, 0, 0);
INSERT INTO `area_code` VALUES (1222, '栖霞区', 195, 320113, 0, 0);
INSERT INTO `area_code` VALUES (1223, '雨花台区', 195, 320114, 0, 0);
INSERT INTO `area_code` VALUES (1224, '江宁区', 195, 320115, 0, 0);
INSERT INTO `area_code` VALUES (1225, '六合区', 195, 320116, 0, 0);
INSERT INTO `area_code` VALUES (1226, '溧水区', 195, 320124, 0, 0);
INSERT INTO `area_code` VALUES (1227, '高淳区', 195, 320125, 0, 0);
INSERT INTO `area_code` VALUES (1228, '梁溪区', 196, 320202, 0, 0);
INSERT INTO `area_code` VALUES (1229, '新吴区', 196, NULL, 0, 0);
INSERT INTO `area_code` VALUES (1231, '锡山区', 196, 320205, 0, 0);
INSERT INTO `area_code` VALUES (1232, '惠山区', 196, 320206, 0, 0);
INSERT INTO `area_code` VALUES (1233, '滨湖区', 196, 320211, 0, 0);
INSERT INTO `area_code` VALUES (1234, '江阴市', 196, 320281, 0, 0);
INSERT INTO `area_code` VALUES (1235, '宜兴市', 196, 320282, 0, 0);
INSERT INTO `area_code` VALUES (1236, '鼓楼区', 197, 320302, 0, 0);
INSERT INTO `area_code` VALUES (1237, '云龙区', 197, 320303, 0, 0);
INSERT INTO `area_code` VALUES (1238, '贾汪区', 197, 320305, 0, 0);
INSERT INTO `area_code` VALUES (1239, '泉山区', 197, 320311, 0, 0);
INSERT INTO `area_code` VALUES (1240, '铜山区', 197, 320312, 0, 0);
INSERT INTO `area_code` VALUES (1241, '丰县', 197, 320321, 0, 0);
INSERT INTO `area_code` VALUES (1242, '沛县', 197, 320322, 0, 0);
INSERT INTO `area_code` VALUES (1243, '睢宁县', 197, 320324, 0, 0);
INSERT INTO `area_code` VALUES (1244, '新沂市', 197, 320381, 0, 0);
INSERT INTO `area_code` VALUES (1245, '邳州市', 197, 320382, 0, 0);
INSERT INTO `area_code` VALUES (1246, '天宁区', 198, 320402, 0, 0);
INSERT INTO `area_code` VALUES (1247, '钟楼区', 198, 320404, 0, 0);
INSERT INTO `area_code` VALUES (1249, '新北区', 198, 320411, 0, 0);
INSERT INTO `area_code` VALUES (1250, '武进区', 198, 320412, 0, 0);
INSERT INTO `area_code` VALUES (1251, '溧阳市', 198, 320481, 0, 0);
INSERT INTO `area_code` VALUES (1252, '金坛区', 198, 320482, 0, 0);
INSERT INTO `area_code` VALUES (1253, '虎丘区', 199, 320505, 0, 0);
INSERT INTO `area_code` VALUES (1254, '吴中区', 199, 320506, 0, 0);
INSERT INTO `area_code` VALUES (1255, '相城区', 199, 320507, 0, 0);
INSERT INTO `area_code` VALUES (1256, '姑苏区', 199, 320508, 0, 0);
INSERT INTO `area_code` VALUES (1257, '吴江市', 199, 320509, 0, 0);
INSERT INTO `area_code` VALUES (1258, '常熟市', 199, 320581, 0, 0);
INSERT INTO `area_code` VALUES (1259, '张家港市', 199, 320582, 0, 0);
INSERT INTO `area_code` VALUES (1260, '昆山市', 199, 320583, 0, 0);
INSERT INTO `area_code` VALUES (1261, '太仓市', 199, 320585, 0, 0);
INSERT INTO `area_code` VALUES (1262, '崇川区', 200, 320602, 0, 0);
INSERT INTO `area_code` VALUES (1263, '港闸区', 200, 320611, 0, 0);
INSERT INTO `area_code` VALUES (1264, '通州区', 200, 320612, 0, 0);
INSERT INTO `area_code` VALUES (1265, '海安市', 200, 320685, 0, 0);
INSERT INTO `area_code` VALUES (1266, '如东县', 200, 320623, 0, 0);
INSERT INTO `area_code` VALUES (1267, '启东市', 200, 320681, 0, 0);
INSERT INTO `area_code` VALUES (1268, '如皋市', 200, 320682, 0, 0);
INSERT INTO `area_code` VALUES (1269, '海门市', 200, 320684, 0, 0);
INSERT INTO `area_code` VALUES (1270, '连云区', 201, 320703, 0, 0);
INSERT INTO `area_code` VALUES (1272, '海州区', 201, 320706, 0, 0);
INSERT INTO `area_code` VALUES (1273, '赣榆区', 201, 320721, 0, 0);
INSERT INTO `area_code` VALUES (1274, '东海县', 201, 320722, 0, 0);
INSERT INTO `area_code` VALUES (1275, '灌云县', 201, 320723, 0, 0);
INSERT INTO `area_code` VALUES (1276, '灌南县', 201, 320724, 0, 0);
INSERT INTO `area_code` VALUES (1278, '淮安区', 202, 320803, 0, 0);
INSERT INTO `area_code` VALUES (1279, '淮阴区', 202, 320804, 0, 0);
INSERT INTO `area_code` VALUES (1280, '清江浦区', 202, 320812, 0, 0);
INSERT INTO `area_code` VALUES (1281, '涟水县', 202, 320826, 0, 0);
INSERT INTO `area_code` VALUES (1282, '洪泽区', 202, 320813, 0, 0);
INSERT INTO `area_code` VALUES (1283, '盱眙县', 202, 320830, 0, 0);
INSERT INTO `area_code` VALUES (1284, '金湖县', 202, 320831, 0, 0);
INSERT INTO `area_code` VALUES (1285, '亭湖区', 203, 320902, 0, 0);
INSERT INTO `area_code` VALUES (1286, '盐都区', 203, 320903, 0, 0);
INSERT INTO `area_code` VALUES (1287, '响水县', 203, 320921, 0, 0);
INSERT INTO `area_code` VALUES (1288, '滨海县', 203, 320922, 0, 0);
INSERT INTO `area_code` VALUES (1289, '阜宁县', 203, 320923, 0, 0);
INSERT INTO `area_code` VALUES (1290, '射阳县', 203, 320924, 0, 0);
INSERT INTO `area_code` VALUES (1291, '建湖县', 203, 320925, 0, 0);
INSERT INTO `area_code` VALUES (1292, '东台市', 203, 320981, 0, 0);
INSERT INTO `area_code` VALUES (1293, '大丰区', 203, 320982, 0, 0);
INSERT INTO `area_code` VALUES (1294, '广陵区', 204, 321002, 0, 0);
INSERT INTO `area_code` VALUES (1295, '邗江区', 204, 321003, 0, 0);
INSERT INTO `area_code` VALUES (1296, '江都区', 204, 321012, 0, 0);
INSERT INTO `area_code` VALUES (1297, '宝应县', 204, 321023, 0, 0);
INSERT INTO `area_code` VALUES (1298, '仪征市', 204, 321081, 0, 0);
INSERT INTO `area_code` VALUES (1299, '高邮市', 204, 321084, 0, 0);
INSERT INTO `area_code` VALUES (1300, '京口区', 205, 321102, 0, 0);
INSERT INTO `area_code` VALUES (1301, '润州区', 205, 321111, 0, 0);
INSERT INTO `area_code` VALUES (1302, '丹徒区', 205, 321112, 0, 0);
INSERT INTO `area_code` VALUES (1303, '丹阳市', 205, 321181, 0, 0);
INSERT INTO `area_code` VALUES (1304, '扬中市', 205, 321182, 0, 0);
INSERT INTO `area_code` VALUES (1305, '句容市', 205, 321183, 0, 0);
INSERT INTO `area_code` VALUES (1306, '海陵区', 206, 321202, 0, 0);
INSERT INTO `area_code` VALUES (1307, '高港区', 206, 321203, 0, 0);
INSERT INTO `area_code` VALUES (1308, '兴化市', 206, 321281, 0, 0);
INSERT INTO `area_code` VALUES (1309, '靖江市', 206, 321282, 0, 0);
INSERT INTO `area_code` VALUES (1310, '泰兴市', 206, 321283, 0, 0);
INSERT INTO `area_code` VALUES (1311, '姜堰区', 206, 321284, 0, 0);
INSERT INTO `area_code` VALUES (1312, '宿城区', 207, 321302, 0, 0);
INSERT INTO `area_code` VALUES (1313, '宿豫区', 207, 321311, 0, 0);
INSERT INTO `area_code` VALUES (1314, '沭阳县', 207, 321322, 0, 0);
INSERT INTO `area_code` VALUES (1315, '泗阳县', 207, 321323, 0, 0);
INSERT INTO `area_code` VALUES (1316, '泗洪县', 207, 321324, 0, 0);
INSERT INTO `area_code` VALUES (1317, '上城区', 208, 330102, 0, 0);
INSERT INTO `area_code` VALUES (1318, '下城区', 208, 330103, 0, 0);
INSERT INTO `area_code` VALUES (1319, '江干区', 208, 330104, 0, 0);
INSERT INTO `area_code` VALUES (1320, '拱墅区', 208, 330105, 0, 0);
INSERT INTO `area_code` VALUES (1321, '西湖区', 208, 330106, 0, 0);
INSERT INTO `area_code` VALUES (1322, '滨江区', 208, 330108, 0, 0);
INSERT INTO `area_code` VALUES (1323, '萧山区', 208, 330109, 0, 0);
INSERT INTO `area_code` VALUES (1324, '余杭区', 208, 330110, 0, 0);
INSERT INTO `area_code` VALUES (1325, '桐庐县', 208, 330122, 0, 0);
INSERT INTO `area_code` VALUES (1326, '淳安县', 208, 330127, 0, 0);
INSERT INTO `area_code` VALUES (1327, '建德市', 208, 330182, 0, 0);
INSERT INTO `area_code` VALUES (1328, '富阳区', 208, 330183, 0, 0);
INSERT INTO `area_code` VALUES (1329, '临安区', 208, 330112, 0, 0);
INSERT INTO `area_code` VALUES (1330, '海曙区', 209, 330203, 0, 0);
INSERT INTO `area_code` VALUES (1332, '江北区', 209, 330205, 0, 0);
INSERT INTO `area_code` VALUES (1333, '北仑区', 209, 330206, 0, 0);
INSERT INTO `area_code` VALUES (1334, '镇海区', 209, 330211, 0, 0);
INSERT INTO `area_code` VALUES (1335, '鄞州区', 209, 330212, 0, 0);
INSERT INTO `area_code` VALUES (1336, '象山县', 209, 330225, 0, 0);
INSERT INTO `area_code` VALUES (1337, '宁海县', 209, 330226, 0, 0);
INSERT INTO `area_code` VALUES (1338, '余姚市', 209, 330281, 0, 0);
INSERT INTO `area_code` VALUES (1339, '慈溪市', 209, 330282, 0, 0);
INSERT INTO `area_code` VALUES (1340, '奉化区', 209, 330213, 0, 0);
INSERT INTO `area_code` VALUES (1341, '鹿城区', 210, 330302, 0, 0);
INSERT INTO `area_code` VALUES (1342, '龙湾区', 210, 330303, 0, 0);
INSERT INTO `area_code` VALUES (1343, '瓯海区', 210, 330304, 0, 0);
INSERT INTO `area_code` VALUES (1344, '洞头区', 210, 330322, 0, 0);
INSERT INTO `area_code` VALUES (1345, '永嘉县', 210, 330324, 0, 0);
INSERT INTO `area_code` VALUES (1346, '平阳县', 210, 330326, 0, 0);
INSERT INTO `area_code` VALUES (1347, '苍南县', 210, 330327, 0, 0);
INSERT INTO `area_code` VALUES (1348, '文成县', 210, 330328, 0, 0);
INSERT INTO `area_code` VALUES (1349, '泰顺县', 210, 330329, 0, 0);
INSERT INTO `area_code` VALUES (1350, '瑞安市', 210, 330381, 0, 0);
INSERT INTO `area_code` VALUES (1351, '乐清市', 210, 330382, 0, 0);
INSERT INTO `area_code` VALUES (1352, '南湖区', 211, 330402, 0, 0);
INSERT INTO `area_code` VALUES (1353, '秀洲区', 211, 330411, 0, 0);
INSERT INTO `area_code` VALUES (1354, '嘉善县', 211, 330421, 0, 0);
INSERT INTO `area_code` VALUES (1355, '海盐县', 211, 330424, 0, 0);
INSERT INTO `area_code` VALUES (1356, '海宁市', 211, 330481, 0, 0);
INSERT INTO `area_code` VALUES (1357, '平湖市', 211, 330482, 0, 0);
INSERT INTO `area_code` VALUES (1358, '桐乡市', 211, 330483, 0, 0);
INSERT INTO `area_code` VALUES (1359, '吴兴区', 212, 330502, 0, 0);
INSERT INTO `area_code` VALUES (1360, '南浔区', 212, 330503, 0, 0);
INSERT INTO `area_code` VALUES (1361, '德清县', 212, 330521, 0, 0);
INSERT INTO `area_code` VALUES (1362, '长兴县', 212, 330522, 0, 0);
INSERT INTO `area_code` VALUES (1363, '安吉县', 212, 330523, 0, 0);
INSERT INTO `area_code` VALUES (1364, '越城区', 213, 330602, 0, 0);
INSERT INTO `area_code` VALUES (1365, '柯桥区', 213, 330603, 0, 0);
INSERT INTO `area_code` VALUES (1366, '新昌县', 213, 330624, 0, 0);
INSERT INTO `area_code` VALUES (1367, '诸暨市', 213, 330681, 0, 0);
INSERT INTO `area_code` VALUES (1368, '上虞区', 213, 330604, 0, 0);
INSERT INTO `area_code` VALUES (1369, '嵊州市', 213, 330683, 0, 0);
INSERT INTO `area_code` VALUES (1370, '婺城区', 214, 330702, 0, 0);
INSERT INTO `area_code` VALUES (1371, '金东区', 214, 330703, 0, 0);
INSERT INTO `area_code` VALUES (1372, '武义县', 214, 330723, 0, 0);
INSERT INTO `area_code` VALUES (1373, '浦江县', 214, 330726, 0, 0);
INSERT INTO `area_code` VALUES (1374, '磐安县', 214, 330727, 0, 0);
INSERT INTO `area_code` VALUES (1375, '兰溪市', 214, 330781, 0, 0);
INSERT INTO `area_code` VALUES (1376, '义乌市', 214, 330782, 0, 0);
INSERT INTO `area_code` VALUES (1377, '东阳市', 214, 330783, 0, 0);
INSERT INTO `area_code` VALUES (1378, '永康市', 214, 330784, 0, 0);
INSERT INTO `area_code` VALUES (1379, '柯城区', 215, 330802, 0, 0);
INSERT INTO `area_code` VALUES (1380, '衢江区', 215, 330803, 0, 0);
INSERT INTO `area_code` VALUES (1381, '常山县', 215, 330822, 0, 0);
INSERT INTO `area_code` VALUES (1382, '开化县', 215, 330824, 0, 0);
INSERT INTO `area_code` VALUES (1383, '龙游县', 215, 330825, 0, 0);
INSERT INTO `area_code` VALUES (1384, '江山市', 215, 330881, 0, 0);
INSERT INTO `area_code` VALUES (1385, '定海区', 216, 330902, 0, 0);
INSERT INTO `area_code` VALUES (1386, '普陀区', 216, 330903, 0, 0);
INSERT INTO `area_code` VALUES (1387, '岱山县', 216, 330921, 0, 0);
INSERT INTO `area_code` VALUES (1388, '嵊泗县', 216, 330922, 0, 0);
INSERT INTO `area_code` VALUES (1389, '椒江区', 217, 331002, 0, 0);
INSERT INTO `area_code` VALUES (1390, '黄岩区', 217, 331003, 0, 0);
INSERT INTO `area_code` VALUES (1391, '路桥区', 217, 331004, 0, 0);
INSERT INTO `area_code` VALUES (1392, '玉环市', 217, 331083, 0, 0);
INSERT INTO `area_code` VALUES (1393, '三门县', 217, 331022, 0, 0);
INSERT INTO `area_code` VALUES (1394, '天台县', 217, 331023, 0, 0);
INSERT INTO `area_code` VALUES (1395, '仙居县', 217, 331024, 0, 0);
INSERT INTO `area_code` VALUES (1396, '温岭市', 217, 331081, 0, 0);
INSERT INTO `area_code` VALUES (1397, '临海市', 217, 331082, 0, 0);
INSERT INTO `area_code` VALUES (1398, '莲都区', 218, 331102, 0, 0);
INSERT INTO `area_code` VALUES (1399, '青田县', 218, 331121, 0, 0);
INSERT INTO `area_code` VALUES (1400, '缙云县', 218, 331122, 0, 0);
INSERT INTO `area_code` VALUES (1401, '遂昌县', 218, 331123, 0, 0);
INSERT INTO `area_code` VALUES (1402, '松阳县', 218, 331124, 0, 0);
INSERT INTO `area_code` VALUES (1403, '云和县', 218, 331125, 0, 0);
INSERT INTO `area_code` VALUES (1404, '庆元县', 218, 331126, 0, 0);
INSERT INTO `area_code` VALUES (1405, '景宁自治县', 218, 331127, 0, 0);
INSERT INTO `area_code` VALUES (1406, '龙泉市', 218, 331181, 0, 0);
INSERT INTO `area_code` VALUES (1407, '瑶海区', 219, 340102, 0, 0);
INSERT INTO `area_code` VALUES (1408, '庐阳区', 219, 340103, 0, 0);
INSERT INTO `area_code` VALUES (1409, '蜀山区', 219, 340104, 0, 0);
INSERT INTO `area_code` VALUES (1410, '包河区', 219, 340111, 0, 0);
INSERT INTO `area_code` VALUES (1411, '长丰县', 219, 340121, 0, 0);
INSERT INTO `area_code` VALUES (1412, '肥东县', 219, 340122, 0, 0);
INSERT INTO `area_code` VALUES (1413, '肥西县', 219, 340123, 0, 0);
INSERT INTO `area_code` VALUES (1414, '庐江县', 219, 340124, 0, 0);
INSERT INTO `area_code` VALUES (1415, '巢湖市', 219, 340181, 0, 0);
INSERT INTO `area_code` VALUES (1416, '镜湖区', 220, 340202, 0, 0);
INSERT INTO `area_code` VALUES (1417, '弋江区', 220, 340203, 0, 0);
INSERT INTO `area_code` VALUES (1418, '鸠江区', 220, 340207, 0, 0);
INSERT INTO `area_code` VALUES (1419, '三山区', 220, 340208, 0, 0);
INSERT INTO `area_code` VALUES (1420, '芜湖县', 220, 340221, 0, 0);
INSERT INTO `area_code` VALUES (1421, '繁昌县', 220, 340222, 0, 0);
INSERT INTO `area_code` VALUES (1422, '南陵县', 220, 340223, 0, 0);
INSERT INTO `area_code` VALUES (1423, '无为市', 220, 340281, 0, 0);
INSERT INTO `area_code` VALUES (1424, '龙子湖区', 221, 340302, 0, 0);
INSERT INTO `area_code` VALUES (1425, '蚌山区', 221, 340303, 0, 0);
INSERT INTO `area_code` VALUES (1426, '禹会区', 221, 340304, 0, 0);
INSERT INTO `area_code` VALUES (1427, '淮上区', 221, 340311, 0, 0);
INSERT INTO `area_code` VALUES (1428, '怀远县', 221, 340321, 0, 0);
INSERT INTO `area_code` VALUES (1429, '五河县', 221, 340322, 0, 0);
INSERT INTO `area_code` VALUES (1430, '固镇县', 221, 340323, 0, 0);
INSERT INTO `area_code` VALUES (1431, '大通区', 222, 340402, 0, 0);
INSERT INTO `area_code` VALUES (1432, '田家庵区', 222, 340403, 0, 0);
INSERT INTO `area_code` VALUES (1433, '谢家集区', 222, 340404, 0, 0);
INSERT INTO `area_code` VALUES (1434, '八公山区', 222, 340405, 0, 0);
INSERT INTO `area_code` VALUES (1435, '潘集区', 222, 340406, 0, 0);
INSERT INTO `area_code` VALUES (1436, '凤台县', 222, 340421, 0, 0);
INSERT INTO `area_code` VALUES (1437, '花山区', 223, 340503, 0, 0);
INSERT INTO `area_code` VALUES (1438, '雨山区', 223, 340504, 0, 0);
INSERT INTO `area_code` VALUES (1439, '博望区', 223, 340506, 0, 0);
INSERT INTO `area_code` VALUES (1440, '当涂县', 223, 340521, 0, 0);
INSERT INTO `area_code` VALUES (1441, '含山县', 223, 340522, 0, 0);
INSERT INTO `area_code` VALUES (1442, '和县', 223, 340523, 0, 0);
INSERT INTO `area_code` VALUES (1443, '杜集区', 224, 340602, 0, 0);
INSERT INTO `area_code` VALUES (1444, '相山区', 224, 340603, 0, 0);
INSERT INTO `area_code` VALUES (1445, '烈山区', 224, 340604, 0, 0);
INSERT INTO `area_code` VALUES (1446, '濉溪县', 224, 340621, 0, 0);
INSERT INTO `area_code` VALUES (1447, '铜官山区', 225, 340702, 0, 0);
INSERT INTO `area_code` VALUES (1449, '郊区', 225, 340711, 0, 0);
INSERT INTO `area_code` VALUES (1450, '义安区', 225, 340721, 0, 0);
INSERT INTO `area_code` VALUES (1451, '迎江区', 226, 340802, 0, 0);
INSERT INTO `area_code` VALUES (1452, '大观区', 226, 340803, 0, 0);
INSERT INTO `area_code` VALUES (1453, '宜秀区', 226, 340811, 0, 0);
INSERT INTO `area_code` VALUES (1454, '怀宁县', 226, 340822, 0, 0);
INSERT INTO `area_code` VALUES (1455, '枞阳县', 225, 340823, 0, 0);
INSERT INTO `area_code` VALUES (1456, '潜山市', 226, 340824, 0, 0);
INSERT INTO `area_code` VALUES (1457, '太湖县', 226, 340825, 0, 0);
INSERT INTO `area_code` VALUES (1458, '宿松县', 226, 340826, 0, 0);
INSERT INTO `area_code` VALUES (1459, '望江县', 226, 340827, 0, 0);
INSERT INTO `area_code` VALUES (1460, '岳西县', 226, 340828, 0, 0);
INSERT INTO `area_code` VALUES (1461, '桐城市', 226, 340881, 0, 0);
INSERT INTO `area_code` VALUES (1462, '屯溪区', 227, 341002, 0, 0);
INSERT INTO `area_code` VALUES (1463, '黄山区', 227, 341003, 0, 0);
INSERT INTO `area_code` VALUES (1464, '徽州区', 227, 341004, 0, 0);
INSERT INTO `area_code` VALUES (1465, '歙县', 227, 341021, 0, 0);
INSERT INTO `area_code` VALUES (1466, '休宁县', 227, 341022, 0, 0);
INSERT INTO `area_code` VALUES (1467, '黟县', 227, 341023, 0, 0);
INSERT INTO `area_code` VALUES (1468, '祁门县', 227, 341024, 0, 0);
INSERT INTO `area_code` VALUES (1469, '琅玡区', 228, 341102, 0, 0);
INSERT INTO `area_code` VALUES (1470, '南谯区', 228, 341103, 0, 0);
INSERT INTO `area_code` VALUES (1471, '来安县', 228, 341122, 0, 0);
INSERT INTO `area_code` VALUES (1472, '全椒县', 228, 341124, 0, 0);
INSERT INTO `area_code` VALUES (1473, '定远县', 228, 341125, 0, 0);
INSERT INTO `area_code` VALUES (1474, '凤阳县', 228, 341126, 0, 0);
INSERT INTO `area_code` VALUES (1475, '天长市', 228, 341181, 0, 0);
INSERT INTO `area_code` VALUES (1476, '明光市', 228, 341182, 0, 0);
INSERT INTO `area_code` VALUES (1477, '颍州区', 229, 341202, 0, 0);
INSERT INTO `area_code` VALUES (1478, '颍东区', 229, 341203, 0, 0);
INSERT INTO `area_code` VALUES (1479, '颍泉区', 229, 341204, 0, 0);
INSERT INTO `area_code` VALUES (1480, '临泉县', 229, 341221, 0, 0);
INSERT INTO `area_code` VALUES (1481, '太和县', 229, 341222, 0, 0);
INSERT INTO `area_code` VALUES (1482, '阜南县', 229, 341225, 0, 0);
INSERT INTO `area_code` VALUES (1483, '颖上县', 229, 341226, 0, 0);
INSERT INTO `area_code` VALUES (1484, '界首市', 229, 341282, 0, 0);
INSERT INTO `area_code` VALUES (1485, '埇桥区', 230, 341302, 0, 0);
INSERT INTO `area_code` VALUES (1486, '砀山县', 230, 341321, 0, 0);
INSERT INTO `area_code` VALUES (1487, '萧县', 230, 341322, 0, 0);
INSERT INTO `area_code` VALUES (1488, '灵璧县', 230, 341323, 0, 0);
INSERT INTO `area_code` VALUES (1489, '泗县', 230, 341324, 0, 0);
INSERT INTO `area_code` VALUES (1490, '金安区', 231, 341502, 0, 0);
INSERT INTO `area_code` VALUES (1491, '裕安区', 231, 341503, 0, 0);
INSERT INTO `area_code` VALUES (1492, '寿县', 222, 341521, 0, 0);
INSERT INTO `area_code` VALUES (1493, '霍邱县', 231, 341522, 0, 0);
INSERT INTO `area_code` VALUES (1494, '舒城县', 231, 341523, 0, 0);
INSERT INTO `area_code` VALUES (1495, '金寨县', 231, 341524, 0, 0);
INSERT INTO `area_code` VALUES (1496, '霍山县', 231, 341525, 0, 0);
INSERT INTO `area_code` VALUES (1497, '谯城区', 232, 341602, 0, 0);
INSERT INTO `area_code` VALUES (1498, '涡阳县', 232, 341621, 0, 0);
INSERT INTO `area_code` VALUES (1499, '蒙城县', 232, 341622, 0, 0);
INSERT INTO `area_code` VALUES (1500, '利辛县', 232, 341623, 0, 0);
INSERT INTO `area_code` VALUES (1501, '贵池区', 233, 341702, 0, 0);
INSERT INTO `area_code` VALUES (1502, '东至县', 233, 341721, 0, 0);
INSERT INTO `area_code` VALUES (1503, '石台县', 233, 341722, 0, 0);
INSERT INTO `area_code` VALUES (1504, '青阳县', 233, 341723, 0, 0);
INSERT INTO `area_code` VALUES (1505, '宣州区', 234, 341802, 0, 0);
INSERT INTO `area_code` VALUES (1506, '郎溪县', 234, 341821, 0, 0);
INSERT INTO `area_code` VALUES (1507, '广德市', 234, 341882, 0, 0);
INSERT INTO `area_code` VALUES (1508, '泾县', 234, 341823, 0, 0);
INSERT INTO `area_code` VALUES (1509, '绩溪县', 234, 341824, 0, 0);
INSERT INTO `area_code` VALUES (1510, '旌德县', 234, 341825, 0, 0);
INSERT INTO `area_code` VALUES (1511, '宁国市', 234, 341881, 0, 0);
INSERT INTO `area_code` VALUES (1512, '鼓楼区', 235, 350102, 0, 0);
INSERT INTO `area_code` VALUES (1513, '台江区', 235, 350103, 0, 0);
INSERT INTO `area_code` VALUES (1514, '仓山区', 235, 350104, 0, 0);
INSERT INTO `area_code` VALUES (1515, '马尾区', 235, 350105, 0, 0);
INSERT INTO `area_code` VALUES (1516, '晋安区', 235, 350111, 0, 0);
INSERT INTO `area_code` VALUES (1517, '闽侯县', 235, 350121, 0, 0);
INSERT INTO `area_code` VALUES (1518, '连江县', 235, 350122, 0, 0);
INSERT INTO `area_code` VALUES (1519, '罗源县', 235, 350123, 0, 0);
INSERT INTO `area_code` VALUES (1520, '闽清县', 235, 350124, 0, 0);
INSERT INTO `area_code` VALUES (1521, '永泰县', 235, 350125, 0, 0);
INSERT INTO `area_code` VALUES (1522, '平潭县', 235, 350128, 0, 0);
INSERT INTO `area_code` VALUES (1523, '福清市', 235, 350181, 0, 0);
INSERT INTO `area_code` VALUES (1524, '长乐区', 235, 350112, 0, 0);
INSERT INTO `area_code` VALUES (1525, '思明区', 236, 350203, 0, 0);
INSERT INTO `area_code` VALUES (1526, '海沧区', 236, 350205, 0, 0);
INSERT INTO `area_code` VALUES (1527, '湖里区', 236, 350206, 0, 0);
INSERT INTO `area_code` VALUES (1528, '集美区', 236, 350211, 0, 0);
INSERT INTO `area_code` VALUES (1529, '同安区', 236, 350212, 0, 0);
INSERT INTO `area_code` VALUES (1530, '翔安区', 236, 350213, 0, 0);
INSERT INTO `area_code` VALUES (1531, '城厢区', 237, 350302, 0, 0);
INSERT INTO `area_code` VALUES (1532, '涵江区', 237, 350303, 0, 0);
INSERT INTO `area_code` VALUES (1533, '荔城区', 237, 350304, 0, 0);
INSERT INTO `area_code` VALUES (1534, '秀屿区', 237, 350305, 0, 0);
INSERT INTO `area_code` VALUES (1535, '仙游县', 237, 350322, 0, 0);
INSERT INTO `area_code` VALUES (1536, '梅列区', 238, 350402, 0, 0);
INSERT INTO `area_code` VALUES (1537, '三元区', 238, 350403, 0, 0);
INSERT INTO `area_code` VALUES (1538, '明溪县', 238, 350421, 0, 0);
INSERT INTO `area_code` VALUES (1539, '清流县', 238, 350423, 0, 0);
INSERT INTO `area_code` VALUES (1540, '宁化县', 238, 350424, 0, 0);
INSERT INTO `area_code` VALUES (1541, '大田县', 238, 350425, 0, 0);
INSERT INTO `area_code` VALUES (1542, '尤溪县', 238, 350426, 0, 0);
INSERT INTO `area_code` VALUES (1543, '沙县', 238, 350427, 0, 0);
INSERT INTO `area_code` VALUES (1544, '将乐县', 238, 350428, 0, 0);
INSERT INTO `area_code` VALUES (1545, '泰宁县', 238, 350429, 0, 0);
INSERT INTO `area_code` VALUES (1546, '建宁县', 238, 350430, 0, 0);
INSERT INTO `area_code` VALUES (1547, '永安市', 238, 350481, 0, 0);
INSERT INTO `area_code` VALUES (1548, '鲤城区', 239, 350502, 0, 0);
INSERT INTO `area_code` VALUES (1549, '丰泽区', 239, 350503, 0, 0);
INSERT INTO `area_code` VALUES (1550, '洛江区', 239, 350504, 0, 0);
INSERT INTO `area_code` VALUES (1551, '泉港区', 239, 350505, 0, 0);
INSERT INTO `area_code` VALUES (1552, '惠安县', 239, 350521, 0, 0);
INSERT INTO `area_code` VALUES (1553, '安溪县', 239, 350524, 0, 0);
INSERT INTO `area_code` VALUES (1554, '永春县', 239, 350525, 0, 0);
INSERT INTO `area_code` VALUES (1555, '德化县', 239, 350526, 0, 0);
INSERT INTO `area_code` VALUES (1556, '金门县', 239, 350527, 0, 0);
INSERT INTO `area_code` VALUES (1557, '石狮市', 239, 350581, 0, 0);
INSERT INTO `area_code` VALUES (1558, '晋江市', 239, 350582, 0, 0);
INSERT INTO `area_code` VALUES (1559, '南安市', 239, 350583, 0, 0);
INSERT INTO `area_code` VALUES (1560, '芗城区', 240, 350602, 0, 0);
INSERT INTO `area_code` VALUES (1561, '龙文区', 240, 350603, 0, 0);
INSERT INTO `area_code` VALUES (1562, '云霄县', 240, 350622, 0, 0);
INSERT INTO `area_code` VALUES (1563, '漳浦县', 240, 350623, 0, 0);
INSERT INTO `area_code` VALUES (1564, '诏安县', 240, 350624, 0, 0);
INSERT INTO `area_code` VALUES (1565, '长泰县', 240, 350625, 0, 0);
INSERT INTO `area_code` VALUES (1566, '东山县', 240, 350626, 0, 0);
INSERT INTO `area_code` VALUES (1567, '南靖县', 240, 350627, 0, 0);
INSERT INTO `area_code` VALUES (1568, '平和县', 240, 350628, 0, 0);
INSERT INTO `area_code` VALUES (1569, '华安县', 240, 350629, 0, 0);
INSERT INTO `area_code` VALUES (1570, '龙海市', 240, 350681, 0, 0);
INSERT INTO `area_code` VALUES (1571, '延平区', 241, 350702, 0, 0);
INSERT INTO `area_code` VALUES (1572, '顺昌县', 241, 350721, 0, 0);
INSERT INTO `area_code` VALUES (1573, '浦城县', 241, 350722, 0, 0);
INSERT INTO `area_code` VALUES (1574, '光泽县', 241, 350723, 0, 0);
INSERT INTO `area_code` VALUES (1575, '松溪县', 241, 350724, 0, 0);
INSERT INTO `area_code` VALUES (1576, '政和县', 241, 350725, 0, 0);
INSERT INTO `area_code` VALUES (1577, '邵武市', 241, 350781, 0, 0);
INSERT INTO `area_code` VALUES (1578, '武夷山市', 241, 350782, 0, 0);
INSERT INTO `area_code` VALUES (1579, '建瓯市', 241, 350783, 0, 0);
INSERT INTO `area_code` VALUES (1580, '建阳区', 241, 350703, 0, 0);
INSERT INTO `area_code` VALUES (1581, '新罗区', 242, 350802, 0, 0);
INSERT INTO `area_code` VALUES (1582, '长汀县', 242, 350821, 0, 0);
INSERT INTO `area_code` VALUES (1583, '永定区', 242, 350803, 0, 0);
INSERT INTO `area_code` VALUES (1584, '上杭县', 242, 350823, 0, 0);
INSERT INTO `area_code` VALUES (1585, '武平县', 242, 350824, 0, 0);
INSERT INTO `area_code` VALUES (1586, '连城县', 242, 350825, 0, 0);
INSERT INTO `area_code` VALUES (1587, '漳平市', 242, 350881, 0, 0);
INSERT INTO `area_code` VALUES (1588, '蕉城区', 243, 350902, 0, 0);
INSERT INTO `area_code` VALUES (1589, '霞浦县', 243, 350921, 0, 0);
INSERT INTO `area_code` VALUES (1590, '古田县', 243, 350922, 0, 0);
INSERT INTO `area_code` VALUES (1591, '屏南县', 243, 350923, 0, 0);
INSERT INTO `area_code` VALUES (1592, '寿宁县', 243, 350924, 0, 0);
INSERT INTO `area_code` VALUES (1593, '周宁县', 243, 350925, 0, 0);
INSERT INTO `area_code` VALUES (1594, '柘荣县', 243, 350926, 0, 0);
INSERT INTO `area_code` VALUES (1595, '福安市', 243, 350981, 0, 0);
INSERT INTO `area_code` VALUES (1596, '福鼎市', 243, 350982, 0, 0);
INSERT INTO `area_code` VALUES (1597, '东湖区', 244, 360102, 0, 0);
INSERT INTO `area_code` VALUES (1598, '西湖区', 244, 360103, 0, 0);
INSERT INTO `area_code` VALUES (1599, '青云谱区', 244, 360104, 0, 0);
INSERT INTO `area_code` VALUES (1600, '红谷滩区', 244, 360113, 0, 0);
INSERT INTO `area_code` VALUES (1601, '青山湖区', 244, 360111, 0, 0);
INSERT INTO `area_code` VALUES (1602, '南昌县', 244, 360121, 0, 0);
INSERT INTO `area_code` VALUES (1603, '新建区', 244, 360112, 0, 0);
INSERT INTO `area_code` VALUES (1604, '安义县', 244, 360123, 0, 0);
INSERT INTO `area_code` VALUES (1605, '进贤县', 244, 360124, 0, 0);
INSERT INTO `area_code` VALUES (1606, '昌江区', 245, 360202, 0, 0);
INSERT INTO `area_code` VALUES (1607, '珠山区', 245, 360203, 0, 0);
INSERT INTO `area_code` VALUES (1608, '浮梁县', 245, 360222, 0, 0);
INSERT INTO `area_code` VALUES (1609, '乐平市', 245, 360281, 0, 0);
INSERT INTO `area_code` VALUES (1610, '安源区', 246, 360302, 0, 0);
INSERT INTO `area_code` VALUES (1611, '湘东区', 246, 360313, 0, 0);
INSERT INTO `area_code` VALUES (1612, '莲花县', 246, 360321, 0, 0);
INSERT INTO `area_code` VALUES (1613, '上栗县', 246, 360322, 0, 0);
INSERT INTO `area_code` VALUES (1614, '芦溪县', 246, 360323, 0, 0);
INSERT INTO `area_code` VALUES (1615, '濂溪区', 247, 360402, 0, 0);
INSERT INTO `area_code` VALUES (1616, '浔阳区', 247, 360403, 0, 0);
INSERT INTO `area_code` VALUES (1617, '柴桑区', 247, 360404, 0, 0);
INSERT INTO `area_code` VALUES (1618, '武宁县', 247, 360423, 0, 0);
INSERT INTO `area_code` VALUES (1619, '修水县', 247, 360424, 0, 0);
INSERT INTO `area_code` VALUES (1620, '永修县', 247, 360425, 0, 0);
INSERT INTO `area_code` VALUES (1621, '德安县', 247, 360426, 0, 0);
INSERT INTO `area_code` VALUES (1622, '庐山市', 247, 360483, 0, 0);
INSERT INTO `area_code` VALUES (1623, '都昌县', 247, 360428, 0, 0);
INSERT INTO `area_code` VALUES (1624, '湖口县', 247, 360429, 0, 0);
INSERT INTO `area_code` VALUES (1625, '彭泽县', 247, 360430, 0, 0);
INSERT INTO `area_code` VALUES (1626, '瑞昌市', 247, 360481, 0, 0);
INSERT INTO `area_code` VALUES (1627, '共青城市', 247, 360482, 0, 0);
INSERT INTO `area_code` VALUES (1628, '渝水区', 248, 360502, 0, 0);
INSERT INTO `area_code` VALUES (1629, '分宜县', 248, 360521, 0, 0);
INSERT INTO `area_code` VALUES (1630, '月湖区', 249, 360602, 0, 0);
INSERT INTO `area_code` VALUES (1631, '余江区', 249, 360603, 0, 0);
INSERT INTO `area_code` VALUES (1632, '贵溪市', 249, 360681, 0, 0);
INSERT INTO `area_code` VALUES (1633, '章贡区', 250, 360702, 0, 0);
INSERT INTO `area_code` VALUES (1634, '赣县区', 250, 360704, 0, 0);
INSERT INTO `area_code` VALUES (1635, '信丰县', 250, 360722, 0, 0);
INSERT INTO `area_code` VALUES (1636, '大余县', 250, 360723, 0, 0);
INSERT INTO `area_code` VALUES (1637, '上犹县', 250, 360724, 0, 0);
INSERT INTO `area_code` VALUES (1638, '崇义县', 250, 360725, 0, 0);
INSERT INTO `area_code` VALUES (1639, '安远县', 250, 360726, 0, 0);
INSERT INTO `area_code` VALUES (1640, '龙南县', 250, 360727, 0, 0);
INSERT INTO `area_code` VALUES (1641, '定南县', 250, 360728, 0, 0);
INSERT INTO `area_code` VALUES (1642, '全南县', 250, 360729, 0, 0);
INSERT INTO `area_code` VALUES (1643, '宁都县', 250, 360730, 0, 0);
INSERT INTO `area_code` VALUES (1644, '于都县', 250, 360731, 0, 0);
INSERT INTO `area_code` VALUES (1645, '兴国县', 250, 360732, 0, 0);
INSERT INTO `area_code` VALUES (1646, '会昌县', 250, 360733, 0, 0);
INSERT INTO `area_code` VALUES (1647, '寻乌县', 250, 360734, 0, 0);
INSERT INTO `area_code` VALUES (1648, '石城县', 250, 360735, 0, 0);
INSERT INTO `area_code` VALUES (1649, '瑞金市', 250, 360781, 0, 0);
INSERT INTO `area_code` VALUES (1650, '南康区', 250, 360782, 0, 0);
INSERT INTO `area_code` VALUES (1651, '吉州区', 251, 360802, 0, 0);
INSERT INTO `area_code` VALUES (1652, '青原区', 251, 360803, 0, 0);
INSERT INTO `area_code` VALUES (1653, '吉安县', 251, 360821, 0, 0);
INSERT INTO `area_code` VALUES (1654, '吉水县', 251, 360822, 0, 0);
INSERT INTO `area_code` VALUES (1655, '峡江县', 251, 360823, 0, 0);
INSERT INTO `area_code` VALUES (1656, '新干县', 251, 360824, 0, 0);
INSERT INTO `area_code` VALUES (1657, '永丰县', 251, 360825, 0, 0);
INSERT INTO `area_code` VALUES (1658, '泰和县', 251, 360826, 0, 0);
INSERT INTO `area_code` VALUES (1659, '遂川县', 251, 360827, 0, 0);
INSERT INTO `area_code` VALUES (1660, '万安县', 251, 360828, 0, 0);
INSERT INTO `area_code` VALUES (1661, '安福县', 251, 360829, 0, 0);
INSERT INTO `area_code` VALUES (1662, '永新县', 251, 360830, 0, 0);
INSERT INTO `area_code` VALUES (1663, '井冈山市', 251, 360881, 0, 0);
INSERT INTO `area_code` VALUES (1664, '袁州区', 252, 360902, 0, 0);
INSERT INTO `area_code` VALUES (1665, '奉新县', 252, 360921, 0, 0);
INSERT INTO `area_code` VALUES (1666, '万载县', 252, 360922, 0, 0);
INSERT INTO `area_code` VALUES (1667, '上高县', 252, 360923, 0, 0);
INSERT INTO `area_code` VALUES (1668, '宜丰县', 252, 360924, 0, 0);
INSERT INTO `area_code` VALUES (1669, '靖安县', 252, 360925, 0, 0);
INSERT INTO `area_code` VALUES (1670, '铜鼓县', 252, 360926, 0, 0);
INSERT INTO `area_code` VALUES (1671, '丰城市', 252, 360981, 0, 0);
INSERT INTO `area_code` VALUES (1672, '樟树市', 252, 360982, 0, 0);
INSERT INTO `area_code` VALUES (1673, '高安市', 252, 360983, 0, 0);
INSERT INTO `area_code` VALUES (1674, '临川区', 253, 361002, 0, 0);
INSERT INTO `area_code` VALUES (1675, '南城县', 253, 361021, 0, 0);
INSERT INTO `area_code` VALUES (1676, '黎川县', 253, 361022, 0, 0);
INSERT INTO `area_code` VALUES (1677, '南丰县', 253, 361023, 0, 0);
INSERT INTO `area_code` VALUES (1678, '崇仁县', 253, 361024, 0, 0);
INSERT INTO `area_code` VALUES (1679, '乐安县', 253, 361025, 0, 0);
INSERT INTO `area_code` VALUES (1680, '宜黄县', 253, 361026, 0, 0);
INSERT INTO `area_code` VALUES (1681, '金溪县', 253, 361027, 0, 0);
INSERT INTO `area_code` VALUES (1682, '资溪县', 253, 361028, 0, 0);
INSERT INTO `area_code` VALUES (1683, '东乡区', 253, 361003, 0, 0);
INSERT INTO `area_code` VALUES (1684, '广昌县', 253, 361030, 0, 0);
INSERT INTO `area_code` VALUES (1685, '信州区', 254, 361102, 0, 0);
INSERT INTO `area_code` VALUES (1686, '广信区', 254, 361104, 0, 0);
INSERT INTO `area_code` VALUES (1687, '广丰区', 254, 361103, 0, 0);
INSERT INTO `area_code` VALUES (1688, '玉山县', 254, 361123, 0, 0);
INSERT INTO `area_code` VALUES (1689, '铅山县', 254, 361124, 0, 0);
INSERT INTO `area_code` VALUES (1690, '横峰县', 254, 361125, 0, 0);
INSERT INTO `area_code` VALUES (1691, '弋阳县', 254, 361126, 0, 0);
INSERT INTO `area_code` VALUES (1692, '余干县', 254, 361127, 0, 0);
INSERT INTO `area_code` VALUES (1693, '鄱阳县', 254, 361128, 0, 0);
INSERT INTO `area_code` VALUES (1694, '万年县', 254, 361129, 0, 0);
INSERT INTO `area_code` VALUES (1695, '婺源县', 254, 361130, 0, 0);
INSERT INTO `area_code` VALUES (1696, '德兴市', 254, 361181, 0, 0);
INSERT INTO `area_code` VALUES (1697, '历下区', 255, 370102, 0, 0);
INSERT INTO `area_code` VALUES (1698, '市中区', 255, 370103, 0, 0);
INSERT INTO `area_code` VALUES (1699, '槐荫区', 255, 370104, 0, 0);
INSERT INTO `area_code` VALUES (1700, '天桥区', 255, 370105, 0, 0);
INSERT INTO `area_code` VALUES (1701, '历城区', 255, 370112, 0, 0);
INSERT INTO `area_code` VALUES (1702, '长清区', 255, 370113, 0, 0);
INSERT INTO `area_code` VALUES (1703, '平阴县', 255, 370124, 0, 0);
INSERT INTO `area_code` VALUES (1704, '济阳区', 255, 370115, 0, 0);
INSERT INTO `area_code` VALUES (1705, '商河县', 255, 370126, 0, 0);
INSERT INTO `area_code` VALUES (1706, '章丘区', 255, 370114, 0, 0);
INSERT INTO `area_code` VALUES (1707, '市南区', 256, 370202, 0, 0);
INSERT INTO `area_code` VALUES (1708, '市北区', 256, 370203, 0, 0);
INSERT INTO `area_code` VALUES (1709, '黄岛区', 256, 370211, 0, 0);
INSERT INTO `area_code` VALUES (1710, '崂山区', 256, 370212, 0, 0);
INSERT INTO `area_code` VALUES (1711, '李沧区', 256, 370213, 0, 0);
INSERT INTO `area_code` VALUES (1712, '城阳区', 256, 370214, 0, 0);
INSERT INTO `area_code` VALUES (1713, '胶州市', 256, 370281, 0, 0);
INSERT INTO `area_code` VALUES (1714, '即墨区', 256, 370215, 0, 0);
INSERT INTO `area_code` VALUES (1715, '平度市', 256, 370283, 0, 0);
INSERT INTO `area_code` VALUES (1716, '莱西市', 256, 370285, 0, 0);
INSERT INTO `area_code` VALUES (1717, '淄川区', 257, 370302, 0, 0);
INSERT INTO `area_code` VALUES (1718, '张店区', 257, 370303, 0, 0);
INSERT INTO `area_code` VALUES (1719, '博山区', 257, 370304, 0, 0);
INSERT INTO `area_code` VALUES (1720, '临淄区', 257, 370305, 0, 0);
INSERT INTO `area_code` VALUES (1721, '周村区', 257, 370306, 0, 0);
INSERT INTO `area_code` VALUES (1722, '桓台县', 257, 370321, 0, 0);
INSERT INTO `area_code` VALUES (1723, '高青县', 257, 370322, 0, 0);
INSERT INTO `area_code` VALUES (1724, '沂源县', 257, 370323, 0, 0);
INSERT INTO `area_code` VALUES (1725, '市中区', 258, 370402, 0, 0);
INSERT INTO `area_code` VALUES (1726, '薛城区', 258, 370403, 0, 0);
INSERT INTO `area_code` VALUES (1727, '峄城区', 258, 370404, 0, 0);
INSERT INTO `area_code` VALUES (1728, '台儿庄区', 258, 370405, 0, 0);
INSERT INTO `area_code` VALUES (1729, '山亭区', 258, 370406, 0, 0);
INSERT INTO `area_code` VALUES (1730, '滕州市', 258, 370481, 0, 0);
INSERT INTO `area_code` VALUES (1731, '东营区', 259, 370502, 0, 0);
INSERT INTO `area_code` VALUES (1732, '河口区', 259, 370503, 0, 0);
INSERT INTO `area_code` VALUES (1733, '垦利区', 259, 370505, 0, 0);
INSERT INTO `area_code` VALUES (1734, '利津县', 259, 370522, 0, 0);
INSERT INTO `area_code` VALUES (1735, '广饶县', 259, 370523, 0, 0);
INSERT INTO `area_code` VALUES (1736, '芝罘区', 260, 370602, 0, 0);
INSERT INTO `area_code` VALUES (1737, '福山区', 260, 370611, 0, 0);
INSERT INTO `area_code` VALUES (1738, '牟平区', 260, 370612, 0, 0);
INSERT INTO `area_code` VALUES (1739, '莱山区', 260, 370613, 0, 0);
INSERT INTO `area_code` VALUES (1740, '长岛县', 260, 370634, 0, 0);
INSERT INTO `area_code` VALUES (1741, '龙口市', 260, 370681, 0, 0);
INSERT INTO `area_code` VALUES (1742, '莱阳市', 260, 370682, 0, 0);
INSERT INTO `area_code` VALUES (1743, '莱州市', 260, 370683, 0, 0);
INSERT INTO `area_code` VALUES (1744, '蓬莱市', 260, 370684, 0, 0);
INSERT INTO `area_code` VALUES (1745, '招远市', 260, 370685, 0, 0);
INSERT INTO `area_code` VALUES (1746, '栖霞市', 260, 370686, 0, 0);
INSERT INTO `area_code` VALUES (1747, '海阳市', 260, 370687, 0, 0);
INSERT INTO `area_code` VALUES (1748, '潍城区', 261, 370702, 0, 0);
INSERT INTO `area_code` VALUES (1749, '寒亭区', 261, 370703, 0, 0);
INSERT INTO `area_code` VALUES (1750, '坊子区', 261, 370704, 0, 0);
INSERT INTO `area_code` VALUES (1751, '奎文区', 261, 370705, 0, 0);
INSERT INTO `area_code` VALUES (1752, '临朐县', 261, 370724, 0, 0);
INSERT INTO `area_code` VALUES (1753, '昌乐县', 261, 370725, 0, 0);
INSERT INTO `area_code` VALUES (1754, '青州市', 261, 370781, 0, 0);
INSERT INTO `area_code` VALUES (1755, '诸城市', 261, 370782, 0, 0);
INSERT INTO `area_code` VALUES (1756, '寿光市', 261, 370783, 0, 0);
INSERT INTO `area_code` VALUES (1757, '安丘市', 261, 370784, 0, 0);
INSERT INTO `area_code` VALUES (1758, '高密市', 261, 370785, 0, 0);
INSERT INTO `area_code` VALUES (1759, '昌邑市', 261, 370786, 0, 0);
INSERT INTO `area_code` VALUES (1761, '任城区', 262, 370811, 0, 0);
INSERT INTO `area_code` VALUES (1762, '微山县', 262, 370826, 0, 0);
INSERT INTO `area_code` VALUES (1763, '鱼台县', 262, 370827, 0, 0);
INSERT INTO `area_code` VALUES (1764, '金乡县', 262, 370828, 0, 0);
INSERT INTO `area_code` VALUES (1765, '嘉祥县', 262, 370829, 0, 0);
INSERT INTO `area_code` VALUES (1766, '汶上县', 262, 370830, 0, 0);
INSERT INTO `area_code` VALUES (1767, '泗水县', 262, 370831, 0, 0);
INSERT INTO `area_code` VALUES (1768, '梁山县', 262, 370832, 0, 0);
INSERT INTO `area_code` VALUES (1769, '曲阜市', 262, 370881, 0, 0);
INSERT INTO `area_code` VALUES (1770, '兖州区', 262, 370812, 0, 0);
INSERT INTO `area_code` VALUES (1771, '邹城市', 262, 370883, 0, 0);
INSERT INTO `area_code` VALUES (1772, '泰山区', 263, 370902, 0, 0);
INSERT INTO `area_code` VALUES (1773, '岱岳区', 263, 370911, 0, 0);
INSERT INTO `area_code` VALUES (1774, '宁阳县', 263, 370921, 0, 0);
INSERT INTO `area_code` VALUES (1775, '东平县', 263, 370923, 0, 0);
INSERT INTO `area_code` VALUES (1776, '新泰市', 263, 370982, 0, 0);
INSERT INTO `area_code` VALUES (1777, '肥城市', 263, 370983, 0, 0);
INSERT INTO `area_code` VALUES (1778, '环翠区', 264, 371002, 0, 0);
INSERT INTO `area_code` VALUES (1779, '文登区', 264, 371003, 0, 0);
INSERT INTO `area_code` VALUES (1780, '荣成市', 264, 371082, 0, 0);
INSERT INTO `area_code` VALUES (1781, '乳山市', 264, 371083, 0, 0);
INSERT INTO `area_code` VALUES (1782, '东港区', 265, 371102, 0, 0);
INSERT INTO `area_code` VALUES (1783, '岚山区', 265, 371103, 0, 0);
INSERT INTO `area_code` VALUES (1784, '五莲县', 265, 371121, 0, 0);
INSERT INTO `area_code` VALUES (1785, '莒县', 265, 371122, 0, 0);
INSERT INTO `area_code` VALUES (1786, '莱芜区', 255, 370116, 0, 0);
INSERT INTO `area_code` VALUES (1787, '钢城区', 255, 370117, 0, 0);
INSERT INTO `area_code` VALUES (1788, '兰山区', 267, 371302, 0, 0);
INSERT INTO `area_code` VALUES (1789, '罗庄区', 267, 371311, 0, 0);
INSERT INTO `area_code` VALUES (1790, '河东区', 267, 371312, 0, 0);
INSERT INTO `area_code` VALUES (1791, '沂南县', 267, 371321, 0, 0);
INSERT INTO `area_code` VALUES (1792, '郯城县', 267, 371322, 0, 0);
INSERT INTO `area_code` VALUES (1793, '沂水县', 267, 371323, 0, 0);
INSERT INTO `area_code` VALUES (1794, '兰陵县', 267, 371324, 0, 0);
INSERT INTO `area_code` VALUES (1795, '费县', 267, 371325, 0, 0);
INSERT INTO `area_code` VALUES (1796, '平邑县', 267, 371326, 0, 0);
INSERT INTO `area_code` VALUES (1797, '莒南县', 267, 371327, 0, 0);
INSERT INTO `area_code` VALUES (1798, '蒙阴县', 267, 371328, 0, 0);
INSERT INTO `area_code` VALUES (1799, '临沭县', 267, 371329, 0, 0);
INSERT INTO `area_code` VALUES (1800, '德城区', 268, 371402, 0, 0);
INSERT INTO `area_code` VALUES (1801, '陵城区', 268, 371403, 0, 0);
INSERT INTO `area_code` VALUES (1802, '宁津县', 268, 371422, 0, 0);
INSERT INTO `area_code` VALUES (1803, '庆云县', 268, 371423, 0, 0);
INSERT INTO `area_code` VALUES (1804, '临邑县', 268, 371424, 0, 0);
INSERT INTO `area_code` VALUES (1805, '齐河县', 268, 371425, 0, 0);
INSERT INTO `area_code` VALUES (1806, '平原县', 268, 371426, 0, 0);
INSERT INTO `area_code` VALUES (1807, '夏津县', 268, 371427, 0, 0);
INSERT INTO `area_code` VALUES (1808, '武城县', 268, 371428, 0, 0);
INSERT INTO `area_code` VALUES (1809, '乐陵市', 268, 371481, 0, 0);
INSERT INTO `area_code` VALUES (1810, '禹城市', 268, 371482, 0, 0);
INSERT INTO `area_code` VALUES (1811, '东昌府区', 269, 371502, 0, 0);
INSERT INTO `area_code` VALUES (1812, '阳谷县', 269, 371521, 0, 0);
INSERT INTO `area_code` VALUES (1813, '莘县', 269, 371522, 0, 0);
INSERT INTO `area_code` VALUES (1814, '茌平区', 269, 371503, 0, 0);
INSERT INTO `area_code` VALUES (1815, '东阿县', 269, 371524, 0, 0);
INSERT INTO `area_code` VALUES (1816, '冠县', 269, 371525, 0, 0);
INSERT INTO `area_code` VALUES (1817, '高唐县', 269, 371526, 0, 0);
INSERT INTO `area_code` VALUES (1818, '临清市', 269, 371581, 0, 0);
INSERT INTO `area_code` VALUES (1819, '滨城区', 270, 371602, 0, 0);
INSERT INTO `area_code` VALUES (1820, '惠民县', 270, 371621, 0, 0);
INSERT INTO `area_code` VALUES (1821, '阳信县', 270, 371622, 0, 0);
INSERT INTO `area_code` VALUES (1822, '无棣县', 270, 371623, 0, 0);
INSERT INTO `area_code` VALUES (1823, '沾化区', 270, 371624, 0, 0);
INSERT INTO `area_code` VALUES (1824, '博兴县', 270, 371625, 0, 0);
INSERT INTO `area_code` VALUES (1825, '邹平市', 270, 371626, 0, 0);
INSERT INTO `area_code` VALUES (1826, '牡丹区', 271, 371702, 0, 0);
INSERT INTO `area_code` VALUES (1827, '曹县', 271, 371721, 0, 0);
INSERT INTO `area_code` VALUES (1828, '单县', 271, 371722, 0, 0);
INSERT INTO `area_code` VALUES (1829, '成武县', 271, 371723, 0, 0);
INSERT INTO `area_code` VALUES (1830, '巨野县', 271, 371724, 0, 0);
INSERT INTO `area_code` VALUES (1831, '郓城县', 271, 371725, 0, 0);
INSERT INTO `area_code` VALUES (1832, '鄄城县', 271, 371726, 0, 0);
INSERT INTO `area_code` VALUES (1833, '定陶区', 271, 371703, 0, 0);
INSERT INTO `area_code` VALUES (1834, '东明县', 271, 371728, 0, 0);
INSERT INTO `area_code` VALUES (1835, '中原区', 272, 410102, 0, 0);
INSERT INTO `area_code` VALUES (1836, '二七区', 272, 410103, 0, 0);
INSERT INTO `area_code` VALUES (1837, '管城区', 272, 410104, 0, 0);
INSERT INTO `area_code` VALUES (1838, '金水区', 272, 410105, 0, 0);
INSERT INTO `area_code` VALUES (1839, '上街区', 272, 410106, 0, 0);
INSERT INTO `area_code` VALUES (1840, '惠济区', 272, 410108, 0, 0);
INSERT INTO `area_code` VALUES (1841, '中牟县', 272, 410122, 0, 0);
INSERT INTO `area_code` VALUES (1842, '巩义市', 272, 410181, 0, 0);
INSERT INTO `area_code` VALUES (1843, '荥阳市', 272, 410182, 0, 0);
INSERT INTO `area_code` VALUES (1844, '新密市', 272, 410183, 0, 0);
INSERT INTO `area_code` VALUES (1845, '新郑市', 272, 410184, 0, 0);
INSERT INTO `area_code` VALUES (1846, '登封市', 272, 410185, 0, 0);
INSERT INTO `area_code` VALUES (1847, '龙亭区', 273, 410202, 0, 0);
INSERT INTO `area_code` VALUES (1848, '顺河区', 273, 410203, 0, 0);
INSERT INTO `area_code` VALUES (1849, '鼓楼区', 273, 410204, 0, 0);
INSERT INTO `area_code` VALUES (1850, '禹王台区', 273, 410205, 0, 0);
INSERT INTO `area_code` VALUES (1852, '杞县', 273, 410221, 0, 0);
INSERT INTO `area_code` VALUES (1853, '通许县', 273, 410222, 0, 0);
INSERT INTO `area_code` VALUES (1854, '尉氏县', 273, 410223, 0, 0);
INSERT INTO `area_code` VALUES (1855, '祥符区', 273, 410212, 0, 0);
INSERT INTO `area_code` VALUES (1856, '兰考县', 273, 410225, 0, 0);
INSERT INTO `area_code` VALUES (1857, '老城区', 274, 410302, 0, 0);
INSERT INTO `area_code` VALUES (1858, '西工区', 274, 410303, 0, 0);
INSERT INTO `area_code` VALUES (1859, '瀍河区', 274, 410304, 0, 0);
INSERT INTO `area_code` VALUES (1860, '涧西区', 274, 410305, 0, 0);
INSERT INTO `area_code` VALUES (1861, '吉利区', 274, 410306, 0, 0);
INSERT INTO `area_code` VALUES (1862, '洛龙区', 274, 410311, 0, 0);
INSERT INTO `area_code` VALUES (1863, '孟津县', 274, 410322, 0, 0);
INSERT INTO `area_code` VALUES (1864, '新安县', 274, 410323, 0, 0);
INSERT INTO `area_code` VALUES (1865, '栾川县', 274, 410324, 0, 0);
INSERT INTO `area_code` VALUES (1866, '嵩县', 274, 410325, 0, 0);
INSERT INTO `area_code` VALUES (1867, '汝阳县', 274, 410326, 0, 0);
INSERT INTO `area_code` VALUES (1868, '宜阳县', 274, 410327, 0, 0);
INSERT INTO `area_code` VALUES (1869, '洛宁县', 274, 410328, 0, 0);
INSERT INTO `area_code` VALUES (1870, '伊川县', 274, 410329, 0, 0);
INSERT INTO `area_code` VALUES (1871, '偃师市', 274, 410381, 0, 0);
INSERT INTO `area_code` VALUES (1872, '新华区', 275, 410402, 0, 0);
INSERT INTO `area_code` VALUES (1873, '卫东区', 275, 410403, 0, 0);
INSERT INTO `area_code` VALUES (1874, '石龙区', 275, 410404, 0, 0);
INSERT INTO `area_code` VALUES (1875, '湛河区', 275, 410411, 0, 0);
INSERT INTO `area_code` VALUES (1876, '宝丰县', 275, 410421, 0, 0);
INSERT INTO `area_code` VALUES (1877, '叶县', 275, 410422, 0, 0);
INSERT INTO `area_code` VALUES (1878, '鲁山县', 275, 410423, 0, 0);
INSERT INTO `area_code` VALUES (1879, '郏县', 275, 410425, 0, 0);
INSERT INTO `area_code` VALUES (1880, '舞钢市', 275, 410481, 0, 0);
INSERT INTO `area_code` VALUES (1881, '汝州市', 275, 410482, 0, 0);
INSERT INTO `area_code` VALUES (1882, '文峰区', 276, 410502, 0, 0);
INSERT INTO `area_code` VALUES (1883, '北关区', 276, 410503, 0, 0);
INSERT INTO `area_code` VALUES (1884, '殷都区', 276, 410505, 0, 0);
INSERT INTO `area_code` VALUES (1885, '龙安区', 276, 410506, 0, 0);
INSERT INTO `area_code` VALUES (1886, '安阳县', 276, 410522, 0, 0);
INSERT INTO `area_code` VALUES (1887, '汤阴县', 276, 410523, 0, 0);
INSERT INTO `area_code` VALUES (1888, '滑县', 276, 410526, 0, 0);
INSERT INTO `area_code` VALUES (1889, '内黄县', 276, 410527, 0, 0);
INSERT INTO `area_code` VALUES (1890, '林州市', 276, 410581, 0, 0);
INSERT INTO `area_code` VALUES (1891, '鹤山区', 277, 410602, 0, 0);
INSERT INTO `area_code` VALUES (1892, '山城区', 277, 410603, 0, 0);
INSERT INTO `area_code` VALUES (1893, '淇滨区', 277, 410611, 0, 0);
INSERT INTO `area_code` VALUES (1894, '浚县', 277, 410621, 0, 0);
INSERT INTO `area_code` VALUES (1895, '淇县', 277, 410622, 0, 0);
INSERT INTO `area_code` VALUES (1896, '红旗区', 278, 410702, 0, 0);
INSERT INTO `area_code` VALUES (1897, '卫滨区', 278, 410703, 0, 0);
INSERT INTO `area_code` VALUES (1898, '凤泉区', 278, 410704, 0, 0);
INSERT INTO `area_code` VALUES (1899, '牧野区', 278, 410711, 0, 0);
INSERT INTO `area_code` VALUES (1900, '新乡县', 278, 410721, 0, 0);
INSERT INTO `area_code` VALUES (1901, '获嘉县', 278, 410724, 0, 0);
INSERT INTO `area_code` VALUES (1902, '原阳县', 278, 410725, 0, 0);
INSERT INTO `area_code` VALUES (1903, '延津县', 278, 410726, 0, 0);
INSERT INTO `area_code` VALUES (1904, '封丘县', 278, 410727, 0, 0);
INSERT INTO `area_code` VALUES (1905, '长垣市', 278, 410783, 0, 0);
INSERT INTO `area_code` VALUES (1906, '卫辉市', 278, 410781, 0, 0);
INSERT INTO `area_code` VALUES (1907, '辉县市', 278, 410782, 0, 0);
INSERT INTO `area_code` VALUES (1908, '解放区', 279, 410802, 0, 0);
INSERT INTO `area_code` VALUES (1909, '中站区', 279, 410803, 0, 0);
INSERT INTO `area_code` VALUES (1910, '马村区', 279, 410804, 0, 0);
INSERT INTO `area_code` VALUES (1911, '山阳区', 279, 410811, 0, 0);
INSERT INTO `area_code` VALUES (1912, '修武县', 279, 410821, 0, 0);
INSERT INTO `area_code` VALUES (1913, '博爱县', 279, 410822, 0, 0);
INSERT INTO `area_code` VALUES (1914, '武陟县', 279, 410823, 0, 0);
INSERT INTO `area_code` VALUES (1915, '温县', 279, 410825, 0, 0);
INSERT INTO `area_code` VALUES (1916, '沁阳市', 279, 410882, 0, 0);
INSERT INTO `area_code` VALUES (1917, '孟州市', 279, 410883, 0, 0);
INSERT INTO `area_code` VALUES (1918, '华龙区', 280, 410902, 0, 0);
INSERT INTO `area_code` VALUES (1919, '清丰县', 280, 410922, 0, 0);
INSERT INTO `area_code` VALUES (1920, '南乐县', 280, 410923, 0, 0);
INSERT INTO `area_code` VALUES (1921, '范县', 280, 410926, 0, 0);
INSERT INTO `area_code` VALUES (1922, '台前县', 280, 410927, 0, 0);
INSERT INTO `area_code` VALUES (1923, '濮阳县', 280, 410928, 0, 0);
INSERT INTO `area_code` VALUES (1924, '魏都区', 281, 411002, 0, 0);
INSERT INTO `area_code` VALUES (1925, '建安区', 281, 411003, 0, 0);
INSERT INTO `area_code` VALUES (1926, '鄢陵县', 281, 411024, 0, 0);
INSERT INTO `area_code` VALUES (1927, '襄城县', 281, 411025, 0, 0);
INSERT INTO `area_code` VALUES (1928, '禹州市', 281, 411081, 0, 0);
INSERT INTO `area_code` VALUES (1929, '长葛市', 281, 411082, 0, 0);
INSERT INTO `area_code` VALUES (1930, '源汇区', 282, 411102, 0, 0);
INSERT INTO `area_code` VALUES (1931, '郾城区', 282, 411103, 0, 0);
INSERT INTO `area_code` VALUES (1932, '召陵区', 282, 411104, 0, 0);
INSERT INTO `area_code` VALUES (1933, '舞阳县', 282, 411121, 0, 0);
INSERT INTO `area_code` VALUES (1934, '临颍县', 282, 411122, 0, 0);
INSERT INTO `area_code` VALUES (1935, '湖滨区', 283, 411202, 0, 0);
INSERT INTO `area_code` VALUES (1936, '渑池县', 283, 411221, 0, 0);
INSERT INTO `area_code` VALUES (1937, '陕州区', 283, 411222, 0, 0);
INSERT INTO `area_code` VALUES (1938, '卢氏县', 283, 411224, 0, 0);
INSERT INTO `area_code` VALUES (1939, '义马市', 283, 411281, 0, 0);
INSERT INTO `area_code` VALUES (1940, '灵宝市', 283, 411282, 0, 0);
INSERT INTO `area_code` VALUES (1941, '宛城区', 284, 411302, 0, 0);
INSERT INTO `area_code` VALUES (1942, '卧龙区', 284, 411303, 0, 0);
INSERT INTO `area_code` VALUES (1943, '南召县', 284, 411321, 0, 0);
INSERT INTO `area_code` VALUES (1944, '方城县', 284, 411322, 0, 0);
INSERT INTO `area_code` VALUES (1945, '西峡县', 284, 411323, 0, 0);
INSERT INTO `area_code` VALUES (1946, '镇平县', 284, 411324, 0, 0);
INSERT INTO `area_code` VALUES (1947, '内乡县', 284, 411325, 0, 0);
INSERT INTO `area_code` VALUES (1948, '淅川县', 284, 411326, 0, 0);
INSERT INTO `area_code` VALUES (1949, '社旗县', 284, 411327, 0, 0);
INSERT INTO `area_code` VALUES (1950, '唐河县', 284, 411328, 0, 0);
INSERT INTO `area_code` VALUES (1951, '新野县', 284, 411329, 0, 0);
INSERT INTO `area_code` VALUES (1952, '桐柏县', 284, 411330, 0, 0);
INSERT INTO `area_code` VALUES (1953, '邓州市', 284, 411381, 0, 0);
INSERT INTO `area_code` VALUES (1954, '粱园区', 285, 411402, 0, 0);
INSERT INTO `area_code` VALUES (1955, '睢阳区', 285, 411403, 0, 0);
INSERT INTO `area_code` VALUES (1956, '民权县', 285, 411421, 0, 0);
INSERT INTO `area_code` VALUES (1957, '睢县', 285, 411422, 0, 0);
INSERT INTO `area_code` VALUES (1958, '宁陵县', 285, 411423, 0, 0);
INSERT INTO `area_code` VALUES (1959, '柘城县', 285, 411424, 0, 0);
INSERT INTO `area_code` VALUES (1960, '虞城县', 285, 411425, 0, 0);
INSERT INTO `area_code` VALUES (1961, '夏邑县', 285, 411426, 0, 0);
INSERT INTO `area_code` VALUES (1962, '永城市', 285, 411481, 0, 0);
INSERT INTO `area_code` VALUES (1963, '浉河区', 286, 411502, 0, 0);
INSERT INTO `area_code` VALUES (1964, '平桥区', 286, 411503, 0, 0);
INSERT INTO `area_code` VALUES (1965, '罗山县', 286, 411521, 0, 0);
INSERT INTO `area_code` VALUES (1966, '光山县', 286, 411522, 0, 0);
INSERT INTO `area_code` VALUES (1967, '新县', 286, 411523, 0, 0);
INSERT INTO `area_code` VALUES (1968, '商城县', 286, 411524, 0, 0);
INSERT INTO `area_code` VALUES (1969, '固始县', 286, 411525, 0, 0);
INSERT INTO `area_code` VALUES (1970, '潢川县', 286, 411526, 0, 0);
INSERT INTO `area_code` VALUES (1971, '淮滨县', 286, 411527, 0, 0);
INSERT INTO `area_code` VALUES (1972, '息县', 286, 411528, 0, 0);
INSERT INTO `area_code` VALUES (1973, '川汇区', 287, 411602, 0, 0);
INSERT INTO `area_code` VALUES (1974, '扶沟县', 287, 411621, 0, 0);
INSERT INTO `area_code` VALUES (1975, '西华县', 287, 411622, 0, 0);
INSERT INTO `area_code` VALUES (1976, '商水县', 287, 411623, 0, 0);
INSERT INTO `area_code` VALUES (1977, '沈丘县', 287, 411624, 0, 0);
INSERT INTO `area_code` VALUES (1978, '郸城县', 287, 411625, 0, 0);
INSERT INTO `area_code` VALUES (1979, '淮阳区', 287, 411603, 0, 0);
INSERT INTO `area_code` VALUES (1980, '太康县', 287, 411627, 0, 0);
INSERT INTO `area_code` VALUES (1981, '鹿邑县', 287, 411628, 0, 0);
INSERT INTO `area_code` VALUES (1982, '项城市', 287, 411681, 0, 0);
INSERT INTO `area_code` VALUES (1983, '驿城区', 288, 411702, 0, 0);
INSERT INTO `area_code` VALUES (1984, '西平县', 288, 411721, 0, 0);
INSERT INTO `area_code` VALUES (1985, '上蔡县', 288, 411722, 0, 0);
INSERT INTO `area_code` VALUES (1986, '平舆县', 288, 411723, 0, 0);
INSERT INTO `area_code` VALUES (1987, '正阳县', 288, 411724, 0, 0);
INSERT INTO `area_code` VALUES (1988, '确山县', 288, 411725, 0, 0);
INSERT INTO `area_code` VALUES (1989, '泌阳县', 288, 411726, 0, 0);
INSERT INTO `area_code` VALUES (1990, '汝南县', 288, 411727, 0, 0);
INSERT INTO `area_code` VALUES (1991, '遂平县', 288, 411728, 0, 0);
INSERT INTO `area_code` VALUES (1992, '新蔡县', 288, 411729, 0, 0);
INSERT INTO `area_code` VALUES (1993, '江岸区', 290, 420102, 0, 0);
INSERT INTO `area_code` VALUES (1994, '江汉区', 290, 420103, 0, 0);
INSERT INTO `area_code` VALUES (1995, '硚口区', 290, 420104, 0, 0);
INSERT INTO `area_code` VALUES (1996, '汉阳区', 290, 420105, 0, 0);
INSERT INTO `area_code` VALUES (1997, '武昌区', 290, 420106, 0, 0);
INSERT INTO `area_code` VALUES (1998, '青山区', 290, 420107, 0, 0);
INSERT INTO `area_code` VALUES (1999, '洪山区', 290, 420111, 0, 0);
INSERT INTO `area_code` VALUES (2000, '东西湖区', 290, 420112, 0, 0);
INSERT INTO `area_code` VALUES (2001, '汉南区', 290, 420113, 0, 0);
INSERT INTO `area_code` VALUES (2002, '蔡甸区', 290, 420114, 0, 0);
INSERT INTO `area_code` VALUES (2003, '江夏区', 290, 420115, 0, 0);
INSERT INTO `area_code` VALUES (2004, '黄陂区', 290, 420116, 0, 0);
INSERT INTO `area_code` VALUES (2005, '新洲区', 290, 420117, 0, 0);
INSERT INTO `area_code` VALUES (2006, '黄石港区', 291, 420202, 0, 0);
INSERT INTO `area_code` VALUES (2007, '西塞山区', 291, 420203, 0, 0);
INSERT INTO `area_code` VALUES (2008, '下陆区', 291, 420204, 0, 0);
INSERT INTO `area_code` VALUES (2009, '铁山区', 291, 420205, 0, 0);
INSERT INTO `area_code` VALUES (2010, '阳新县', 291, 420222, 0, 0);
INSERT INTO `area_code` VALUES (2011, '大冶市', 291, 420281, 0, 0);
INSERT INTO `area_code` VALUES (2012, '茅箭区', 292, 420302, 0, 0);
INSERT INTO `area_code` VALUES (2013, '张湾区', 292, 420303, 0, 0);
INSERT INTO `area_code` VALUES (2014, '郧阳区', 292, 420304, 0, 0);
INSERT INTO `area_code` VALUES (2015, '郧西县', 292, 420322, 0, 0);
INSERT INTO `area_code` VALUES (2016, '竹山县', 292, 420323, 0, 0);
INSERT INTO `area_code` VALUES (2017, '竹溪县', 292, 420324, 0, 0);
INSERT INTO `area_code` VALUES (2018, '房县', 292, 420325, 0, 0);
INSERT INTO `area_code` VALUES (2019, '丹江口市', 292, 420381, 0, 0);
INSERT INTO `area_code` VALUES (2020, '西陵区', 293, 420502, 0, 0);
INSERT INTO `area_code` VALUES (2021, '伍家岗区', 293, 420503, 0, 0);
INSERT INTO `area_code` VALUES (2022, '点军区', 293, 420504, 0, 0);
INSERT INTO `area_code` VALUES (2023, '虢亭区', 293, 420505, 0, 0);
INSERT INTO `area_code` VALUES (2024, '夷陵区', 293, 420506, 0, 0);
INSERT INTO `area_code` VALUES (2025, '远安县', 293, 420525, 0, 0);
INSERT INTO `area_code` VALUES (2026, '兴山县', 293, 420526, 0, 0);
INSERT INTO `area_code` VALUES (2027, '秭归县', 293, 420527, 0, 0);
INSERT INTO `area_code` VALUES (2028, '长阳自治县', 293, 420528, 0, 0);
INSERT INTO `area_code` VALUES (2029, '五峰自治县', 293, 420529, 0, 0);
INSERT INTO `area_code` VALUES (2030, '宜都市', 293, 420581, 0, 0);
INSERT INTO `area_code` VALUES (2031, '当阳市', 293, 420582, 0, 0);
INSERT INTO `area_code` VALUES (2032, '枝江市', 293, 420583, 0, 0);
INSERT INTO `area_code` VALUES (2033, '襄城区', 294, 420602, 0, 0);
INSERT INTO `area_code` VALUES (2034, '樊城区', 294, 420606, 0, 0);
INSERT INTO `area_code` VALUES (2035, '襄州区', 294, 420607, 0, 0);
INSERT INTO `area_code` VALUES (2036, '南漳县', 294, 420624, 0, 0);
INSERT INTO `area_code` VALUES (2037, '谷城县', 294, 420625, 0, 0);
INSERT INTO `area_code` VALUES (2038, '保康县', 294, 420626, 0, 0);
INSERT INTO `area_code` VALUES (2039, '老河口市', 294, 420682, 0, 0);
INSERT INTO `area_code` VALUES (2040, '枣阳市', 294, 420683, 0, 0);
INSERT INTO `area_code` VALUES (2041, '宜城市', 294, 420684, 0, 0);
INSERT INTO `area_code` VALUES (2042, '粱子湖区', 295, 420702, 0, 0);
INSERT INTO `area_code` VALUES (2043, '华容区', 295, 420703, 0, 0);
INSERT INTO `area_code` VALUES (2044, '鄂城区', 295, 420704, 0, 0);
INSERT INTO `area_code` VALUES (2045, '东宝区', 296, 420802, 0, 0);
INSERT INTO `area_code` VALUES (2046, '掇刀区', 296, 420804, 0, 0);
INSERT INTO `area_code` VALUES (2047, '京山市', 296, 420882, 0, 0);
INSERT INTO `area_code` VALUES (2048, '沙洋县', 296, 420822, 0, 0);
INSERT INTO `area_code` VALUES (2049, '钟祥市', 296, 420881, 0, 0);
INSERT INTO `area_code` VALUES (2050, '孝南区', 297, 420902, 0, 0);
INSERT INTO `area_code` VALUES (2051, '大悟县', 297, 420922, 0, 0);
INSERT INTO `area_code` VALUES (2052, '云梦县', 297, 420923, 0, 0);
INSERT INTO `area_code` VALUES (2053, '应城市', 297, 420981, 0, 0);
INSERT INTO `area_code` VALUES (2054, '安陆市', 297, 420982, 0, 0);
INSERT INTO `area_code` VALUES (2055, '汉川市', 297, 420984, 0, 0);
INSERT INTO `area_code` VALUES (2056, '沙市区', 298, 421002, 0, 0);
INSERT INTO `area_code` VALUES (2057, '荆州区', 298, 421003, 0, 0);
INSERT INTO `area_code` VALUES (2058, '公安县', 298, 421022, 0, 0);
INSERT INTO `area_code` VALUES (2059, '监利县', 298, 421023, 0, 0);
INSERT INTO `area_code` VALUES (2060, '江陵县', 298, 421024, 0, 0);
INSERT INTO `area_code` VALUES (2061, '石首市', 298, 421081, 0, 0);
INSERT INTO `area_code` VALUES (2062, '洪湖市', 298, 421083, 0, 0);
INSERT INTO `area_code` VALUES (2063, '松滋市', 298, 421087, 0, 0);
INSERT INTO `area_code` VALUES (2064, '黄州区', 299, 421102, 0, 0);
INSERT INTO `area_code` VALUES (2065, '团风县', 299, 421121, 0, 0);
INSERT INTO `area_code` VALUES (2066, '红安县', 299, 421122, 0, 0);
INSERT INTO `area_code` VALUES (2067, '罗田县', 299, 421123, 0, 0);
INSERT INTO `area_code` VALUES (2068, '英山县', 299, 421124, 0, 0);
INSERT INTO `area_code` VALUES (2069, '浠水县', 299, 421125, 0, 0);
INSERT INTO `area_code` VALUES (2070, '蕲春县', 299, 421126, 0, 0);
INSERT INTO `area_code` VALUES (2071, '黄梅县', 299, 421127, 0, 0);
INSERT INTO `area_code` VALUES (2072, '麻城市', 299, 421181, 0, 0);
INSERT INTO `area_code` VALUES (2073, '武穴市', 299, 421182, 0, 0);
INSERT INTO `area_code` VALUES (2074, '咸安区', 300, 421202, 0, 0);
INSERT INTO `area_code` VALUES (2075, '嘉鱼县', 300, 421221, 0, 0);
INSERT INTO `area_code` VALUES (2076, '通城县', 300, 421222, 0, 0);
INSERT INTO `area_code` VALUES (2077, '崇阳县', 300, 421223, 0, 0);
INSERT INTO `area_code` VALUES (2078, '通山县', 300, 421224, 0, 0);
INSERT INTO `area_code` VALUES (2079, '赤壁市', 300, 421281, 0, 0);
INSERT INTO `area_code` VALUES (2080, '曾都区', 301, 421303, 0, 0);
INSERT INTO `area_code` VALUES (2081, '随县', 301, 421321, 0, 0);
INSERT INTO `area_code` VALUES (2082, '广水市', 301, 421381, 0, 0);
INSERT INTO `area_code` VALUES (2083, '恩施市', 302, 422801, 0, 0);
INSERT INTO `area_code` VALUES (2084, '利川市', 302, 422802, 0, 0);
INSERT INTO `area_code` VALUES (2085, '建始县', 302, 422822, 0, 0);
INSERT INTO `area_code` VALUES (2086, '巴东县', 302, 422823, 0, 0);
INSERT INTO `area_code` VALUES (2087, '宣恩县', 302, 422825, 0, 0);
INSERT INTO `area_code` VALUES (2088, '咸丰县', 302, 422826, 0, 0);
INSERT INTO `area_code` VALUES (2089, '来凤县', 302, 422827, 0, 0);
INSERT INTO `area_code` VALUES (2090, '鹤峰县', 302, 422828, 0, 0);
INSERT INTO `area_code` VALUES (2091, '芙蓉区', 307, 430102, 0, 0);
INSERT INTO `area_code` VALUES (2092, '天心区', 307, 430103, 0, 0);
INSERT INTO `area_code` VALUES (2093, '岳麓区', 307, 430104, 0, 0);
INSERT INTO `area_code` VALUES (2094, '开福区', 307, 430105, 0, 0);
INSERT INTO `area_code` VALUES (2095, '雨花区', 307, 430111, 0, 0);
INSERT INTO `area_code` VALUES (2096, '望城区', 307, 430112, 0, 0);
INSERT INTO `area_code` VALUES (2097, '长沙县', 307, 430121, 0, 0);
INSERT INTO `area_code` VALUES (2098, '宁乡市', 307, 430182, 0, 0);
INSERT INTO `area_code` VALUES (2099, '浏阳市', 307, 430181, 0, 0);
INSERT INTO `area_code` VALUES (2100, '荷塘区', 308, 430202, 0, 0);
INSERT INTO `area_code` VALUES (2101, '芦淞区', 308, 430203, 0, 0);
INSERT INTO `area_code` VALUES (2102, '石峰区', 308, 430204, 0, 0);
INSERT INTO `area_code` VALUES (2103, '天元区', 308, 430211, 0, 0);
INSERT INTO `area_code` VALUES (2104, '渌口区', 308, 430212, 0, 0);
INSERT INTO `area_code` VALUES (2105, '攸县', 308, 430223, 0, 0);
INSERT INTO `area_code` VALUES (2106, '茶陵县', 308, 430224, 0, 0);
INSERT INTO `area_code` VALUES (2107, '炎陵县', 308, 430225, 0, 0);
INSERT INTO `area_code` VALUES (2108, '醴陵市', 308, 430281, 0, 0);
INSERT INTO `area_code` VALUES (2109, '雨湖区', 309, 430302, 0, 0);
INSERT INTO `area_code` VALUES (2110, '岳塘区', 309, 430304, 0, 0);
INSERT INTO `area_code` VALUES (2111, '湘潭县', 309, 430321, 0, 0);
INSERT INTO `area_code` VALUES (2112, '湘乡市', 309, 430381, 0, 0);
INSERT INTO `area_code` VALUES (2113, '韶山市', 309, 430382, 0, 0);
INSERT INTO `area_code` VALUES (2114, '珠晖区', 310, 430405, 0, 0);
INSERT INTO `area_code` VALUES (2115, '雁峰区', 310, 430406, 0, 0);
INSERT INTO `area_code` VALUES (2116, '石鼓区', 310, 430407, 0, 0);
INSERT INTO `area_code` VALUES (2117, '蒸湘区', 310, 430408, 0, 0);
INSERT INTO `area_code` VALUES (2118, '南岳区', 310, 430412, 0, 0);
INSERT INTO `area_code` VALUES (2119, '衡阳县', 310, 430421, 0, 0);
INSERT INTO `area_code` VALUES (2120, '衡南县', 310, 430422, 0, 0);
INSERT INTO `area_code` VALUES (2121, '衡山县', 310, 430423, 0, 0);
INSERT INTO `area_code` VALUES (2122, '衡东县', 310, 430424, 0, 0);
INSERT INTO `area_code` VALUES (2123, '祁东县', 310, 430426, 0, 0);
INSERT INTO `area_code` VALUES (2124, '耒阳市', 310, 430481, 0, 0);
INSERT INTO `area_code` VALUES (2125, '常宁市', 310, 430482, 0, 0);
INSERT INTO `area_code` VALUES (2126, '双清区', 311, 430502, 0, 0);
INSERT INTO `area_code` VALUES (2127, '大祥区', 311, 430503, 0, 0);
INSERT INTO `area_code` VALUES (2128, '北塔区', 311, 430511, 0, 0);
INSERT INTO `area_code` VALUES (2129, '邵东市', 311, 430521, 0, 0);
INSERT INTO `area_code` VALUES (2130, '新邵县', 311, 430582, 0, 0);
INSERT INTO `area_code` VALUES (2131, '邵阳县', 311, 430523, 0, 0);
INSERT INTO `area_code` VALUES (2132, '隆回县', 311, 430524, 0, 0);
INSERT INTO `area_code` VALUES (2133, '洞口县', 311, 430525, 0, 0);
INSERT INTO `area_code` VALUES (2134, '绥宁县', 311, 430527, 0, 0);
INSERT INTO `area_code` VALUES (2135, '新宁县', 311, 430528, 0, 0);
INSERT INTO `area_code` VALUES (2136, '城步自治县', 311, 430529, 0, 0);
INSERT INTO `area_code` VALUES (2137, '武冈市', 311, 430581, 0, 0);
INSERT INTO `area_code` VALUES (2138, '岳阳楼区', 312, 430602, 0, 0);
INSERT INTO `area_code` VALUES (2139, '云溪区', 312, 430603, 0, 0);
INSERT INTO `area_code` VALUES (2140, '君山区', 312, 430611, 0, 0);
INSERT INTO `area_code` VALUES (2141, '岳阳县', 312, 430621, 0, 0);
INSERT INTO `area_code` VALUES (2142, '华容县', 312, 430623, 0, 0);
INSERT INTO `area_code` VALUES (2143, '湘阴县', 312, 430624, 0, 0);
INSERT INTO `area_code` VALUES (2144, '平江县', 312, 430626, 0, 0);
INSERT INTO `area_code` VALUES (2145, '汨罗市', 312, 430681, 0, 0);
INSERT INTO `area_code` VALUES (2146, '临湘市', 312, 430682, 0, 0);
INSERT INTO `area_code` VALUES (2147, '武陵区', 313, 430702, 0, 0);
INSERT INTO `area_code` VALUES (2148, '鼎城区', 313, 430703, 0, 0);
INSERT INTO `area_code` VALUES (2149, '安乡县', 313, 430721, 0, 0);
INSERT INTO `area_code` VALUES (2150, '汉寿县', 313, 430722, 0, 0);
INSERT INTO `area_code` VALUES (2151, '澧县', 313, 430723, 0, 0);
INSERT INTO `area_code` VALUES (2152, '临澧县', 313, 430724, 0, 0);
INSERT INTO `area_code` VALUES (2153, '桃源县', 313, 430725, 0, 0);
INSERT INTO `area_code` VALUES (2154, '石门县', 313, 430726, 0, 0);
INSERT INTO `area_code` VALUES (2155, '津市市', 313, 430781, 0, 0);
INSERT INTO `area_code` VALUES (2156, '永定区', 314, 430802, 0, 0);
INSERT INTO `area_code` VALUES (2157, '武陵源区', 314, 430811, 0, 0);
INSERT INTO `area_code` VALUES (2158, '慈利县', 314, 430821, 0, 0);
INSERT INTO `area_code` VALUES (2159, '桑植县', 314, 430822, 0, 0);
INSERT INTO `area_code` VALUES (2160, '资阳区', 315, 430902, 0, 0);
INSERT INTO `area_code` VALUES (2161, '赫山区', 315, 430903, 0, 0);
INSERT INTO `area_code` VALUES (2162, '南县', 315, 430921, 0, 0);
INSERT INTO `area_code` VALUES (2163, '桃江县', 315, 430922, 0, 0);
INSERT INTO `area_code` VALUES (2164, '安化县', 315, 430923, 0, 0);
INSERT INTO `area_code` VALUES (2165, '沅江市', 315, 430981, 0, 0);
INSERT INTO `area_code` VALUES (2166, '北湖区', 316, 431002, 0, 0);
INSERT INTO `area_code` VALUES (2167, '苏仙区', 316, 431003, 0, 0);
INSERT INTO `area_code` VALUES (2168, '桂阳县', 316, 431021, 0, 0);
INSERT INTO `area_code` VALUES (2169, '宜章县', 316, 431022, 0, 0);
INSERT INTO `area_code` VALUES (2170, '永兴县', 316, 431023, 0, 0);
INSERT INTO `area_code` VALUES (2171, '嘉禾县', 316, 431024, 0, 0);
INSERT INTO `area_code` VALUES (2172, '临武县', 316, 431025, 0, 0);
INSERT INTO `area_code` VALUES (2173, '汝城县', 316, 431026, 0, 0);
INSERT INTO `area_code` VALUES (2174, '桂东县', 316, 431027, 0, 0);
INSERT INTO `area_code` VALUES (2175, '安仁县', 316, 431028, 0, 0);
INSERT INTO `area_code` VALUES (2176, '资兴市', 316, 431081, 0, 0);
INSERT INTO `area_code` VALUES (2177, '零陵区', 317, 431102, 0, 0);
INSERT INTO `area_code` VALUES (2178, '冷水滩区', 317, 431103, 0, 0);
INSERT INTO `area_code` VALUES (2179, '祁阳县', 317, 431121, 0, 0);
INSERT INTO `area_code` VALUES (2180, '东安县', 317, 431122, 0, 0);
INSERT INTO `area_code` VALUES (2181, '双牌县', 317, 431123, 0, 0);
INSERT INTO `area_code` VALUES (2182, '道县', 317, 431124, 0, 0);
INSERT INTO `area_code` VALUES (2183, '江永县', 317, 431125, 0, 0);
INSERT INTO `area_code` VALUES (2184, '宁远县', 317, 431126, 0, 0);
INSERT INTO `area_code` VALUES (2185, '蓝山县', 317, 431127, 0, 0);
INSERT INTO `area_code` VALUES (2186, '新田县', 317, 431128, 0, 0);
INSERT INTO `area_code` VALUES (2187, '江华自治县', 317, 431129, 0, 0);
INSERT INTO `area_code` VALUES (2188, '鹤城区', 318, 431202, 0, 0);
INSERT INTO `area_code` VALUES (2189, '中方县', 318, 431221, 0, 0);
INSERT INTO `area_code` VALUES (2190, '沅陵县', 318, 431222, 0, 0);
INSERT INTO `area_code` VALUES (2191, '辰溪县', 318, 431223, 0, 0);
INSERT INTO `area_code` VALUES (2192, '溆浦县', 318, 431224, 0, 0);
INSERT INTO `area_code` VALUES (2193, '会同县', 318, 431225, 0, 0);
INSERT INTO `area_code` VALUES (2194, '麻阳自治县', 318, 431226, 0, 0);
INSERT INTO `area_code` VALUES (2195, '新晃自治县', 318, 431227, 0, 0);
INSERT INTO `area_code` VALUES (2196, '芷江自治县', 318, 431228, 0, 0);
INSERT INTO `area_code` VALUES (2197, '靖州自治县', 318, 431229, 0, 0);
INSERT INTO `area_code` VALUES (2198, '通道自治县', 318, 431230, 0, 0);
INSERT INTO `area_code` VALUES (2199, '洪江市', 318, 431281, 0, 0);
INSERT INTO `area_code` VALUES (2200, '娄星区', 319, 431302, 0, 0);
INSERT INTO `area_code` VALUES (2201, '双峰县', 319, 431321, 0, 0);
INSERT INTO `area_code` VALUES (2202, '新化县', 319, 431322, 0, 0);
INSERT INTO `area_code` VALUES (2203, '冷水江市', 319, 431381, 0, 0);
INSERT INTO `area_code` VALUES (2204, '涟源市', 319, 431382, 0, 0);
INSERT INTO `area_code` VALUES (2205, '吉首市', 320, 433101, 0, 0);
INSERT INTO `area_code` VALUES (2206, '泸溪县', 320, 433122, 0, 0);
INSERT INTO `area_code` VALUES (2207, '凤凰县', 320, 433123, 0, 0);
INSERT INTO `area_code` VALUES (2208, '花垣县', 320, 433124, 0, 0);
INSERT INTO `area_code` VALUES (2209, '保靖县', 320, 433125, 0, 0);
INSERT INTO `area_code` VALUES (2210, '古丈县', 320, 433126, 0, 0);
INSERT INTO `area_code` VALUES (2211, '永顺县', 320, 433127, 0, 0);
INSERT INTO `area_code` VALUES (2212, '龙山县', 320, 433130, 0, 0);
INSERT INTO `area_code` VALUES (2213, '荔湾区', 321, 440103, 0, 0);
INSERT INTO `area_code` VALUES (2214, '越秀区', 321, 440104, 0, 0);
INSERT INTO `area_code` VALUES (2215, '海珠区', 321, 440105, 0, 0);
INSERT INTO `area_code` VALUES (2216, '天河区', 321, 440106, 0, 0);
INSERT INTO `area_code` VALUES (2217, '白云区', 321, 440111, 0, 0);
INSERT INTO `area_code` VALUES (2218, '黄埔区', 321, 440112, 0, 0);
INSERT INTO `area_code` VALUES (2219, '番禺区', 321, 440113, 0, 0);
INSERT INTO `area_code` VALUES (2220, '花都区', 321, 440114, 0, 0);
INSERT INTO `area_code` VALUES (2221, '南沙区', 321, 440115, 0, 0);
INSERT INTO `area_code` VALUES (2223, '增城区', 321, 440118, 0, 0);
INSERT INTO `area_code` VALUES (2224, '从化区', 321, 440117, 0, 0);
INSERT INTO `area_code` VALUES (2225, '武江区', 322, 440203, 0, 0);
INSERT INTO `area_code` VALUES (2226, '浈江区', 322, 440204, 0, 0);
INSERT INTO `area_code` VALUES (2227, '曲江区', 322, 440205, 0, 0);
INSERT INTO `area_code` VALUES (2228, '始兴县', 322, 440222, 0, 0);
INSERT INTO `area_code` VALUES (2229, '仁化县', 322, 440224, 0, 0);
INSERT INTO `area_code` VALUES (2230, '翁源县', 322, 440229, 0, 0);
INSERT INTO `area_code` VALUES (2231, '乳源自治县', 322, 440232, 0, 0);
INSERT INTO `area_code` VALUES (2232, '新丰县', 322, 440233, 0, 0);
INSERT INTO `area_code` VALUES (2233, '乐昌市', 322, 440281, 0, 0);
INSERT INTO `area_code` VALUES (2234, '南雄市', 322, 440282, 0, 0);
INSERT INTO `area_code` VALUES (2235, '罗湖区', 323, 440303, 0, 0);
INSERT INTO `area_code` VALUES (2236, '福田区', 323, 440304, 0, 0);
INSERT INTO `area_code` VALUES (2237, '南山区', 323, 440305, 0, 0);
INSERT INTO `area_code` VALUES (2238, '宝安区', 323, 440306, 0, 0);
INSERT INTO `area_code` VALUES (2239, '龙岗区', 323, 440307, 0, 0);
INSERT INTO `area_code` VALUES (2240, '盐田区', 323, 440308, 0, 0);
INSERT INTO `area_code` VALUES (2241, '香洲区', 324, 440402, 0, 0);
INSERT INTO `area_code` VALUES (2242, '斗门区', 324, 440403, 0, 0);
INSERT INTO `area_code` VALUES (2243, '金湾区', 324, 440404, 0, 0);
INSERT INTO `area_code` VALUES (2244, '龙湖区', 325, 440507, 0, 0);
INSERT INTO `area_code` VALUES (2245, '金平区', 325, 440511, 0, 0);
INSERT INTO `area_code` VALUES (2246, '濠江区', 325, 440512, 0, 0);
INSERT INTO `area_code` VALUES (2247, '潮阳区', 325, 440513, 0, 0);
INSERT INTO `area_code` VALUES (2248, '潮南区', 325, 440514, 0, 0);
INSERT INTO `area_code` VALUES (2249, '澄海区', 325, 440515, 0, 0);
INSERT INTO `area_code` VALUES (2250, '南澳县', 325, 440523, 0, 0);
INSERT INTO `area_code` VALUES (2251, '禅城区', 326, 440604, 0, 0);
INSERT INTO `area_code` VALUES (2252, '南海区', 326, 440605, 0, 0);
INSERT INTO `area_code` VALUES (2253, '顺德区', 326, 440606, 0, 0);
INSERT INTO `area_code` VALUES (2254, '三水区', 326, 440607, 0, 0);
INSERT INTO `area_code` VALUES (2255, '高明区', 326, 440608, 0, 0);
INSERT INTO `area_code` VALUES (2256, '蓬江区', 327, 440703, 0, 0);
INSERT INTO `area_code` VALUES (2257, '江海区', 327, 440704, 0, 0);
INSERT INTO `area_code` VALUES (2258, '新会区', 327, 440705, 0, 0);
INSERT INTO `area_code` VALUES (2259, '台山市', 327, 440781, 0, 0);
INSERT INTO `area_code` VALUES (2260, '开平市', 327, 440783, 0, 0);
INSERT INTO `area_code` VALUES (2261, '鹤山市', 327, 440784, 0, 0);
INSERT INTO `area_code` VALUES (2262, '恩平市', 327, 440785, 0, 0);
INSERT INTO `area_code` VALUES (2263, '赤坎区', 328, 440802, 0, 0);
INSERT INTO `area_code` VALUES (2264, '霞山区', 328, 440803, 0, 0);
INSERT INTO `area_code` VALUES (2265, '坡头区', 328, 440804, 0, 0);
INSERT INTO `area_code` VALUES (2266, '麻章区', 328, 440811, 0, 0);
INSERT INTO `area_code` VALUES (2267, '遂溪县', 328, 440823, 0, 0);
INSERT INTO `area_code` VALUES (2268, '徐闻县', 328, 440825, 0, 0);
INSERT INTO `area_code` VALUES (2269, '廉江市', 328, 440881, 0, 0);
INSERT INTO `area_code` VALUES (2270, '雷州市', 328, 440882, 0, 0);
INSERT INTO `area_code` VALUES (2271, '吴川市', 328, 440883, 0, 0);
INSERT INTO `area_code` VALUES (2272, '茂南区', 329, 440902, 0, 0);
INSERT INTO `area_code` VALUES (2274, '电白区', 329, 440904, 0, 0);
INSERT INTO `area_code` VALUES (2275, '高州市', 329, 440981, 0, 0);
INSERT INTO `area_code` VALUES (2276, '化州市', 329, 440982, 0, 0);
INSERT INTO `area_code` VALUES (2277, '信宜市', 329, 440983, 0, 0);
INSERT INTO `area_code` VALUES (2278, '端州区', 330, 441202, 0, 0);
INSERT INTO `area_code` VALUES (2279, '鼎湖区', 330, 441203, 0, 0);
INSERT INTO `area_code` VALUES (2280, '广宁县', 330, 441223, 0, 0);
INSERT INTO `area_code` VALUES (2281, '怀集县', 330, 441224, 0, 0);
INSERT INTO `area_code` VALUES (2282, '封开县', 330, 441225, 0, 0);
INSERT INTO `area_code` VALUES (2283, '德庆县', 330, 441226, 0, 0);
INSERT INTO `area_code` VALUES (2284, '高要区', 330, 441283, 0, 0);
INSERT INTO `area_code` VALUES (2285, '四会市', 330, 441284, 0, 0);
INSERT INTO `area_code` VALUES (2286, '惠城区', 331, 441302, 0, 0);
INSERT INTO `area_code` VALUES (2287, '惠阳区', 331, 441303, 0, 0);
INSERT INTO `area_code` VALUES (2288, '博罗县', 331, 441322, 0, 0);
INSERT INTO `area_code` VALUES (2289, '惠东县', 331, 441323, 0, 0);
INSERT INTO `area_code` VALUES (2290, '龙门县', 331, 441324, 0, 0);
INSERT INTO `area_code` VALUES (2291, '梅江区', 332, 441402, 0, 0);
INSERT INTO `area_code` VALUES (2292, '梅县区', 332, 441403, 0, 0);
INSERT INTO `area_code` VALUES (2293, '大埔县', 332, 441422, 0, 0);
INSERT INTO `area_code` VALUES (2294, '丰顺县', 332, 441423, 0, 0);
INSERT INTO `area_code` VALUES (2295, '五华县', 332, 441424, 0, 0);
INSERT INTO `area_code` VALUES (2296, '平远县', 332, 441426, 0, 0);
INSERT INTO `area_code` VALUES (2297, '蕉岭县', 332, 441427, 0, 0);
INSERT INTO `area_code` VALUES (2298, '兴宁市', 332, 441481, 0, 0);
INSERT INTO `area_code` VALUES (2299, '城区区', 333, 441502, 0, 0);
INSERT INTO `area_code` VALUES (2300, '海丰县', 333, 441521, 0, 0);
INSERT INTO `area_code` VALUES (2301, '陆河县', 333, 441523, 0, 0);
INSERT INTO `area_code` VALUES (2302, '陆丰市', 333, 441581, 0, 0);
INSERT INTO `area_code` VALUES (2303, '源城区', 334, 441602, 0, 0);
INSERT INTO `area_code` VALUES (2304, '紫金县', 334, 441621, 0, 0);
INSERT INTO `area_code` VALUES (2305, '龙川县', 334, 441622, 0, 0);
INSERT INTO `area_code` VALUES (2306, '连平县', 334, 441623, 0, 0);
INSERT INTO `area_code` VALUES (2307, '和平县', 334, 441624, 0, 0);
INSERT INTO `area_code` VALUES (2308, '东源县', 334, 441625, 0, 0);
INSERT INTO `area_code` VALUES (2309, '江城区', 335, 441702, 0, 0);
INSERT INTO `area_code` VALUES (2310, '阳西县', 335, 441721, 0, 0);
INSERT INTO `area_code` VALUES (2311, '阳东区', 335, 441723, 0, 0);
INSERT INTO `area_code` VALUES (2312, '阳春市', 335, 441781, 0, 0);
INSERT INTO `area_code` VALUES (2313, '清城区', 336, 441802, 0, 0);
INSERT INTO `area_code` VALUES (2314, '佛冈县', 336, 441821, 0, 0);
INSERT INTO `area_code` VALUES (2315, '阳山县', 336, 441823, 0, 0);
INSERT INTO `area_code` VALUES (2316, '连山自治县', 336, 441825, 0, 0);
INSERT INTO `area_code` VALUES (2317, '连南自治县', 336, 441826, 0, 0);
INSERT INTO `area_code` VALUES (2318, '清新县', 336, 441827, 0, 0);
INSERT INTO `area_code` VALUES (2319, '英德市', 336, 441881, 0, 0);
INSERT INTO `area_code` VALUES (2320, '连州市', 336, 441882, 0, 0);
INSERT INTO `area_code` VALUES (2321, '湘桥区', 339, 445102, 0, 0);
INSERT INTO `area_code` VALUES (2322, '潮安区', 339, 445121, 0, 0);
INSERT INTO `area_code` VALUES (2323, '饶平县', 339, 445122, 0, 0);
INSERT INTO `area_code` VALUES (2324, '榕城区', 340, 445202, 0, 0);
INSERT INTO `area_code` VALUES (2325, '揭东县', 340, 445221, 0, 0);
INSERT INTO `area_code` VALUES (2326, '揭西县', 340, 445222, 0, 0);
INSERT INTO `area_code` VALUES (2327, '惠来县', 340, 445224, 0, 0);
INSERT INTO `area_code` VALUES (2328, '普宁市', 340, 445281, 0, 0);
INSERT INTO `area_code` VALUES (2329, '云城区', 341, 445302, 0, 0);
INSERT INTO `area_code` VALUES (2330, '新兴县', 341, 445321, 0, 0);
INSERT INTO `area_code` VALUES (2331, '郁南县', 341, 445322, 0, 0);
INSERT INTO `area_code` VALUES (2332, '云安区', 341, 445302, 0, 0);
INSERT INTO `area_code` VALUES (2333, '罗定市', 341, 445381, 0, 0);
INSERT INTO `area_code` VALUES (2334, '兴宁区', 342, 450102, 0, 0);
INSERT INTO `area_code` VALUES (2335, '青秀区', 342, 450103, 0, 0);
INSERT INTO `area_code` VALUES (2336, '江南区', 342, 450105, 0, 0);
INSERT INTO `area_code` VALUES (2337, '西乡塘区', 342, 450107, 0, 0);
INSERT INTO `area_code` VALUES (2338, '良庆区', 342, 450108, 0, 0);
INSERT INTO `area_code` VALUES (2339, '邕宁区', 342, 450109, 0, 0);
INSERT INTO `area_code` VALUES (2340, '武鸣区', 342, 450122, 0, 0);
INSERT INTO `area_code` VALUES (2341, '隆安县', 342, 450123, 0, 0);
INSERT INTO `area_code` VALUES (2342, '马山县', 342, 450124, 0, 0);
INSERT INTO `area_code` VALUES (2343, '上林县', 342, 450125, 0, 0);
INSERT INTO `area_code` VALUES (2344, '宾阳县', 342, 450126, 0, 0);
INSERT INTO `area_code` VALUES (2345, '横县', 342, 450127, 0, 0);
INSERT INTO `area_code` VALUES (2346, '城中区', 343, 450202, 0, 0);
INSERT INTO `area_code` VALUES (2347, '鱼峰区', 343, 450203, 0, 0);
INSERT INTO `area_code` VALUES (2348, '柳南区', 343, 450204, 0, 0);
INSERT INTO `area_code` VALUES (2349, '柳北区', 343, 450205, 0, 0);
INSERT INTO `area_code` VALUES (2350, '柳江区', 343, 450206, 0, 0);
INSERT INTO `area_code` VALUES (2351, '柳城县', 343, 450222, 0, 0);
INSERT INTO `area_code` VALUES (2352, '鹿寨县', 343, 450223, 0, 0);
INSERT INTO `area_code` VALUES (2353, '融安县', 343, 450224, 0, 0);
INSERT INTO `area_code` VALUES (2354, '融水自治县', 343, 450225, 0, 0);
INSERT INTO `area_code` VALUES (2355, '三江自治县', 343, 450226, 0, 0);
INSERT INTO `area_code` VALUES (2356, '秀峰区', 344, 450302, 0, 0);
INSERT INTO `area_code` VALUES (2357, '叠彩区', 344, 450303, 0, 0);
INSERT INTO `area_code` VALUES (2358, '象山区', 344, 450304, 0, 0);
INSERT INTO `area_code` VALUES (2359, '七星区', 344, 450305, 0, 0);
INSERT INTO `area_code` VALUES (2360, '雁山区', 344, 450311, 0, 0);
INSERT INTO `area_code` VALUES (2361, '阳朔县', 344, 450321, 0, 0);
INSERT INTO `area_code` VALUES (2362, '临桂区', 344, 450322, 0, 0);
INSERT INTO `area_code` VALUES (2363, '灵川县', 344, 450323, 0, 0);
INSERT INTO `area_code` VALUES (2364, '全州县', 344, 450324, 0, 0);
INSERT INTO `area_code` VALUES (2365, '兴安县', 344, 450325, 0, 0);
INSERT INTO `area_code` VALUES (2366, '永福县', 344, 450326, 0, 0);
INSERT INTO `area_code` VALUES (2367, '灌阳县', 344, 450327, 0, 0);
INSERT INTO `area_code` VALUES (2368, '龙胜自治县', 344, 450328, 0, 0);
INSERT INTO `area_code` VALUES (2369, '资源县', 344, 450329, 0, 0);
INSERT INTO `area_code` VALUES (2370, '平乐县', 344, 450330, 0, 0);
INSERT INTO `area_code` VALUES (2371, '荔浦市', 344, 450331, 0, 0);
INSERT INTO `area_code` VALUES (2372, '恭城自治县', 344, 450332, 0, 0);
INSERT INTO `area_code` VALUES (2373, '龙圩区', 345, NULL, 0, 0);
INSERT INTO `area_code` VALUES (2374, '万秀区', 345, 450403, 0, 0);
INSERT INTO `area_code` VALUES (2375, '长洲区', 345, 450405, 0, 0);
INSERT INTO `area_code` VALUES (2376, '苍梧县', 345, 450421, 0, 0);
INSERT INTO `area_code` VALUES (2377, '藤县', 345, 450422, 0, 0);
INSERT INTO `area_code` VALUES (2378, '蒙山县', 345, 450423, 0, 0);
INSERT INTO `area_code` VALUES (2379, '岑溪市', 345, 450481, 0, 0);
INSERT INTO `area_code` VALUES (2380, '海城区', 346, 450502, 0, 0);
INSERT INTO `area_code` VALUES (2381, '银海区', 346, 450503, 0, 0);
INSERT INTO `area_code` VALUES (2382, '铁山港区', 346, 450512, 0, 0);
INSERT INTO `area_code` VALUES (2383, '合浦县', 346, 450521, 0, 0);
INSERT INTO `area_code` VALUES (2384, '港口区', 347, 450602, 0, 0);
INSERT INTO `area_code` VALUES (2385, '防城区', 347, 450603, 0, 0);
INSERT INTO `area_code` VALUES (2386, '上思县', 347, 450621, 0, 0);
INSERT INTO `area_code` VALUES (2387, '东兴市', 347, 450681, 0, 0);
INSERT INTO `area_code` VALUES (2388, '钦南区', 348, 450702, 0, 0);
INSERT INTO `area_code` VALUES (2389, '钦北区', 348, 450703, 0, 0);
INSERT INTO `area_code` VALUES (2390, '灵山县', 348, 450721, 0, 0);
INSERT INTO `area_code` VALUES (2391, '浦北县', 348, 450722, 0, 0);
INSERT INTO `area_code` VALUES (2392, '港北区', 349, 450802, 0, 0);
INSERT INTO `area_code` VALUES (2393, '港南区', 349, 450803, 0, 0);
INSERT INTO `area_code` VALUES (2394, '覃塘区', 349, 450804, 0, 0);
INSERT INTO `area_code` VALUES (2395, '桂平市', 349, 450821, 0, 0);
INSERT INTO `area_code` VALUES (2396, '平南县', 349, 450881, 0, 0);
INSERT INTO `area_code` VALUES (2397, '玉州区', 350, 450902, 0, 0);
INSERT INTO `area_code` VALUES (2398, '容县', 350, 450921, 0, 0);
INSERT INTO `area_code` VALUES (2399, '陆川县', 350, 450922, 0, 0);
INSERT INTO `area_code` VALUES (2400, '博白县', 350, 450923, 0, 0);
INSERT INTO `area_code` VALUES (2401, '兴业县', 350, 450924, 0, 0);
INSERT INTO `area_code` VALUES (2402, '北流市', 350, 450981, 0, 0);
INSERT INTO `area_code` VALUES (2403, '右江区', 351, 451002, 0, 0);
INSERT INTO `area_code` VALUES (2404, '田阳区', 351, 451003, 0, 0);
INSERT INTO `area_code` VALUES (2405, '田东县', 351, 451022, 0, 0);
INSERT INTO `area_code` VALUES (2406, '平果市', 351, 451082, 0, 0);
INSERT INTO `area_code` VALUES (2407, '德保县', 351, 451024, 0, 0);
INSERT INTO `area_code` VALUES (2408, '靖西市', 351, 451081, 0, 0);
INSERT INTO `area_code` VALUES (2409, '那坡县', 351, 451026, 0, 0);
INSERT INTO `area_code` VALUES (2410, '凌云县', 351, 451027, 0, 0);
INSERT INTO `area_code` VALUES (2411, '乐业县', 351, 451028, 0, 0);
INSERT INTO `area_code` VALUES (2412, '田林县', 351, 451029, 0, 0);
INSERT INTO `area_code` VALUES (2413, '西林县', 351, 451030, 0, 0);
INSERT INTO `area_code` VALUES (2414, '隆林自治县', 351, 451031, 0, 0);
INSERT INTO `area_code` VALUES (2415, '八步区', 352, 451102, 0, 0);
INSERT INTO `area_code` VALUES (2416, '昭平县', 352, 451121, 0, 0);
INSERT INTO `area_code` VALUES (2417, '钟山县', 352, 451122, 0, 0);
INSERT INTO `area_code` VALUES (2418, '富川自治县', 352, 451123, 0, 0);
INSERT INTO `area_code` VALUES (2419, '金城江区', 353, 451202, 0, 0);
INSERT INTO `area_code` VALUES (2420, '南丹县', 353, 451221, 0, 0);
INSERT INTO `area_code` VALUES (2421, '天峨县', 353, 451222, 0, 0);
INSERT INTO `area_code` VALUES (2422, '凤山县', 353, 451223, 0, 0);
INSERT INTO `area_code` VALUES (2423, '东兰县', 353, 451224, 0, 0);
INSERT INTO `area_code` VALUES (2424, '罗城自治县', 353, 451225, 0, 0);
INSERT INTO `area_code` VALUES (2425, '环江自治县', 353, 451226, 0, 0);
INSERT INTO `area_code` VALUES (2426, '巴马自治县', 353, 451227, 0, 0);
INSERT INTO `area_code` VALUES (2427, '都安自治县', 353, 451228, 0, 0);
INSERT INTO `area_code` VALUES (2428, '大化自治县', 353, 451229, 0, 0);
INSERT INTO `area_code` VALUES (2429, '宜州区', 353, 451203, 0, 0);
INSERT INTO `area_code` VALUES (2430, '兴宾区', 354, 451302, 0, 0);
INSERT INTO `area_code` VALUES (2431, '忻城县', 354, 451321, 0, 0);
INSERT INTO `area_code` VALUES (2432, '象州县', 354, 451322, 0, 0);
INSERT INTO `area_code` VALUES (2433, '武宣县', 354, 451323, 0, 0);
INSERT INTO `area_code` VALUES (2434, '金秀自治县', 354, 451324, 0, 0);
INSERT INTO `area_code` VALUES (2435, '合山市', 354, 451381, 0, 0);
INSERT INTO `area_code` VALUES (2436, '江州区', 355, 451402, 0, 0);
INSERT INTO `area_code` VALUES (2437, '扶绥县', 355, 451421, 0, 0);
INSERT INTO `area_code` VALUES (2438, '宁明县', 355, 451422, 0, 0);
INSERT INTO `area_code` VALUES (2439, '龙州县', 355, 451423, 0, 0);
INSERT INTO `area_code` VALUES (2440, '大新县', 355, 451424, 0, 0);
INSERT INTO `area_code` VALUES (2441, '天等县', 355, 451425, 0, 0);
INSERT INTO `area_code` VALUES (2442, '凭祥市', 355, 451481, 0, 0);
INSERT INTO `area_code` VALUES (2443, '秀英区', 356, 460105, 0, 0);
INSERT INTO `area_code` VALUES (2444, '龙华区', 356, 460106, 0, 0);
INSERT INTO `area_code` VALUES (2445, '琼山区', 356, 460107, 0, 0);
INSERT INTO `area_code` VALUES (2446, '美兰区', 356, 460108, 0, 0);
INSERT INTO `area_code` VALUES (2447, '锦江区', 375, 510104, 0, 0);
INSERT INTO `area_code` VALUES (2448, '青羊区', 375, 510105, 0, 0);
INSERT INTO `area_code` VALUES (2449, '金牛区', 375, 510106, 0, 0);
INSERT INTO `area_code` VALUES (2450, '武侯区', 375, 510107, 0, 0);
INSERT INTO `area_code` VALUES (2451, '成华区', 375, 510108, 0, 0);
INSERT INTO `area_code` VALUES (2452, '龙泉驿区', 375, 510112, 0, 0);
INSERT INTO `area_code` VALUES (2453, '青白江区', 375, 510113, 0, 0);
INSERT INTO `area_code` VALUES (2454, '新都区', 375, 510114, 0, 0);
INSERT INTO `area_code` VALUES (2455, '温江区', 375, 510115, 0, 0);
INSERT INTO `area_code` VALUES (2456, '金堂县', 375, 510121, 0, 0);
INSERT INTO `area_code` VALUES (2457, '双流区', 375, 510116, 0, 0);
INSERT INTO `area_code` VALUES (2458, '郫都区', 375, 510117, 0, 0);
INSERT INTO `area_code` VALUES (2459, '大邑县', 375, 510129, 0, 0);
INSERT INTO `area_code` VALUES (2460, '蒲江县', 375, 510131, 0, 0);
INSERT INTO `area_code` VALUES (2461, '新津县', 375, 510132, 0, 0);
INSERT INTO `area_code` VALUES (2462, '都江堰市', 375, 510181, 0, 0);
INSERT INTO `area_code` VALUES (2463, '彭州市', 375, 510182, 0, 0);
INSERT INTO `area_code` VALUES (2464, '邛崃市', 375, 510183, 0, 0);
INSERT INTO `area_code` VALUES (2465, '崇州市', 375, 510184, 0, 0);
INSERT INTO `area_code` VALUES (2466, '自流井区', 376, 510302, 0, 0);
INSERT INTO `area_code` VALUES (2467, '贡井区', 376, 510303, 0, 0);
INSERT INTO `area_code` VALUES (2468, '大安区', 376, 510304, 0, 0);
INSERT INTO `area_code` VALUES (2469, '沿滩区', 376, 510311, 0, 0);
INSERT INTO `area_code` VALUES (2470, '荣县', 376, 510321, 0, 0);
INSERT INTO `area_code` VALUES (2471, '富顺县', 376, 510322, 0, 0);
INSERT INTO `area_code` VALUES (2472, '东区', 377, 510402, 0, 0);
INSERT INTO `area_code` VALUES (2473, '西区', 377, 510403, 0, 0);
INSERT INTO `area_code` VALUES (2474, '仁和区', 377, 510411, 0, 0);
INSERT INTO `area_code` VALUES (2475, '米易县', 377, 510421, 0, 0);
INSERT INTO `area_code` VALUES (2476, '盐边县', 377, 510422, 0, 0);
INSERT INTO `area_code` VALUES (2477, '江阳区', 378, 510502, 0, 0);
INSERT INTO `area_code` VALUES (2478, '纳溪区', 378, 510503, 0, 0);
INSERT INTO `area_code` VALUES (2479, '龙马潭区', 378, 510504, 0, 0);
INSERT INTO `area_code` VALUES (2480, '泸县', 378, 510521, 0, 0);
INSERT INTO `area_code` VALUES (2481, '合江县', 378, 510522, 0, 0);
INSERT INTO `area_code` VALUES (2482, '叙永县', 378, 510524, 0, 0);
INSERT INTO `area_code` VALUES (2483, '古蔺县', 378, 510525, 0, 0);
INSERT INTO `area_code` VALUES (2484, '旌阳区', 379, 510603, 0, 0);
INSERT INTO `area_code` VALUES (2485, '中江县', 379, 510623, 0, 0);
INSERT INTO `area_code` VALUES (2486, '罗江区', 379, 510604, 0, 0);
INSERT INTO `area_code` VALUES (2487, '广汉市', 379, 510681, 0, 0);
INSERT INTO `area_code` VALUES (2488, '什邡市', 379, 510682, 0, 0);
INSERT INTO `area_code` VALUES (2489, '绵竹市', 379, 510683, 0, 0);
INSERT INTO `area_code` VALUES (2490, '涪城区', 380, 510703, 0, 0);
INSERT INTO `area_code` VALUES (2491, '游仙区', 380, 510704, 0, 0);
INSERT INTO `area_code` VALUES (2492, '三台县', 380, 510722, 0, 0);
INSERT INTO `area_code` VALUES (2493, '盐亭县', 380, 510723, 0, 0);
INSERT INTO `area_code` VALUES (2494, '安州区', 380, 510705, 0, 0);
INSERT INTO `area_code` VALUES (2495, '梓潼县', 380, 510725, 0, 0);
INSERT INTO `area_code` VALUES (2496, '北川自治县', 380, 510726, 0, 0);
INSERT INTO `area_code` VALUES (2497, '平武县', 380, 510727, 0, 0);
INSERT INTO `area_code` VALUES (2498, '江油市', 380, 510781, 0, 0);
INSERT INTO `area_code` VALUES (2499, '利州区', 381, 510802, 0, 0);
INSERT INTO `area_code` VALUES (2500, '昭化区', 381, 510811, 0, 0);
INSERT INTO `area_code` VALUES (2501, '朝天区', 381, 510812, 0, 0);
INSERT INTO `area_code` VALUES (2502, '旺苍县', 381, 510821, 0, 0);
INSERT INTO `area_code` VALUES (2503, '青川县', 381, 510822, 0, 0);
INSERT INTO `area_code` VALUES (2504, '剑阁县', 381, 510823, 0, 0);
INSERT INTO `area_code` VALUES (2505, '苍溪县', 381, 510824, 0, 0);
INSERT INTO `area_code` VALUES (2506, '船山区', 382, 510903, 0, 0);
INSERT INTO `area_code` VALUES (2507, '安居区', 382, 510904, 0, 0);
INSERT INTO `area_code` VALUES (2508, '蓬溪县', 382, 510921, 0, 0);
INSERT INTO `area_code` VALUES (2509, '射洪市', 382, 510981, 0, 0);
INSERT INTO `area_code` VALUES (2510, '大英县', 382, 510923, 0, 0);
INSERT INTO `area_code` VALUES (2511, '市中区', 383, 511002, 0, 0);
INSERT INTO `area_code` VALUES (2512, '东兴区', 383, 511011, 0, 0);
INSERT INTO `area_code` VALUES (2513, '威远县', 383, 511024, 0, 0);
INSERT INTO `area_code` VALUES (2514, '资中县', 383, 511025, 0, 0);
INSERT INTO `area_code` VALUES (2515, '隆昌市', 383, 511083, 0, 0);
INSERT INTO `area_code` VALUES (2516, '市中区', 384, 511102, 0, 0);
INSERT INTO `area_code` VALUES (2517, '沙湾区', 384, 511111, 0, 0);
INSERT INTO `area_code` VALUES (2518, '五通桥区', 384, 511112, 0, 0);
INSERT INTO `area_code` VALUES (2519, '金口河区', 384, 511113, 0, 0);
INSERT INTO `area_code` VALUES (2520, '犍为县', 384, 511123, 0, 0);
INSERT INTO `area_code` VALUES (2521, '井研县', 384, 511124, 0, 0);
INSERT INTO `area_code` VALUES (2522, '夹江县', 384, 511126, 0, 0);
INSERT INTO `area_code` VALUES (2523, '沐川县', 384, 511129, 0, 0);
INSERT INTO `area_code` VALUES (2524, '峨边自治县', 384, 511132, 0, 0);
INSERT INTO `area_code` VALUES (2525, '马边自治县', 384, 511133, 0, 0);
INSERT INTO `area_code` VALUES (2526, '峨眉山市', 384, 511181, 0, 0);
INSERT INTO `area_code` VALUES (2527, '顺庆区', 385, 511302, 0, 0);
INSERT INTO `area_code` VALUES (2528, '高坪区', 385, 511303, 0, 0);
INSERT INTO `area_code` VALUES (2529, '嘉陵区', 385, 511304, 0, 0);
INSERT INTO `area_code` VALUES (2530, '南部县', 385, 511321, 0, 0);
INSERT INTO `area_code` VALUES (2531, '营山县', 385, 511322, 0, 0);
INSERT INTO `area_code` VALUES (2532, '蓬安县', 385, 511323, 0, 0);
INSERT INTO `area_code` VALUES (2533, '仪陇县', 385, 511324, 0, 0);
INSERT INTO `area_code` VALUES (2534, '西充县', 385, 511325, 0, 0);
INSERT INTO `area_code` VALUES (2535, '阆中市', 385, 511381, 0, 0);
INSERT INTO `area_code` VALUES (2536, '东坡区', 386, 511402, 0, 0);
INSERT INTO `area_code` VALUES (2537, '仁寿县', 386, 511421, 0, 0);
INSERT INTO `area_code` VALUES (2538, '彭山区', 386, 511422, 0, 0);
INSERT INTO `area_code` VALUES (2539, '洪雅县', 386, 511423, 0, 0);
INSERT INTO `area_code` VALUES (2540, '丹棱县', 386, 511424, 0, 0);
INSERT INTO `area_code` VALUES (2541, '青神县', 386, 511425, 0, 0);
INSERT INTO `area_code` VALUES (2542, '翠屏区', 387, 511502, 0, 0);
INSERT INTO `area_code` VALUES (2543, '南溪区', 387, 511503, 0, 0);
INSERT INTO `area_code` VALUES (2544, '叙州区', 387, 511504, 0, 0);
INSERT INTO `area_code` VALUES (2545, '江安县', 387, 511523, 0, 0);
INSERT INTO `area_code` VALUES (2546, '长宁县', 387, 511524, 0, 0);
INSERT INTO `area_code` VALUES (2547, '高县', 387, 511525, 0, 0);
INSERT INTO `area_code` VALUES (2548, '珙县', 387, 511526, 0, 0);
INSERT INTO `area_code` VALUES (2549, '筠连县', 387, 511527, 0, 0);
INSERT INTO `area_code` VALUES (2550, '兴文县', 387, 511528, 0, 0);
INSERT INTO `area_code` VALUES (2551, '屏山县', 387, 511529, 0, 0);
INSERT INTO `area_code` VALUES (2552, '广安区', 388, 511602, 0, 0);
INSERT INTO `area_code` VALUES (2553, '岳池县', 388, 511621, 0, 0);
INSERT INTO `area_code` VALUES (2554, '武胜县', 388, 511622, 0, 0);
INSERT INTO `area_code` VALUES (2555, '邻水县', 388, 511623, 0, 0);
INSERT INTO `area_code` VALUES (2556, '华蓥市', 388, 511681, 0, 0);
INSERT INTO `area_code` VALUES (2557, '通川区', 389, 511702, 0, 0);
INSERT INTO `area_code` VALUES (2558, '达川区', 389, 511721, 0, 0);
INSERT INTO `area_code` VALUES (2559, '宣汉县', 389, 511722, 0, 0);
INSERT INTO `area_code` VALUES (2560, '开江县', 389, 511723, 0, 0);
INSERT INTO `area_code` VALUES (2561, '大竹县', 389, 511724, 0, 0);
INSERT INTO `area_code` VALUES (2562, '渠县', 389, 511725, 0, 0);
INSERT INTO `area_code` VALUES (2563, '万源市', 389, 511781, 0, 0);
INSERT INTO `area_code` VALUES (2564, '雨城区', 390, 511802, 0, 0);
INSERT INTO `area_code` VALUES (2565, '名山区', 390, 511803, 0, 0);
INSERT INTO `area_code` VALUES (2566, '荥经县', 390, 511822, 0, 0);
INSERT INTO `area_code` VALUES (2567, '汉源县', 390, 511823, 0, 0);
INSERT INTO `area_code` VALUES (2568, '石棉县', 390, 511824, 0, 0);
INSERT INTO `area_code` VALUES (2569, '天全县', 390, 511825, 0, 0);
INSERT INTO `area_code` VALUES (2570, '芦山县', 390, 511826, 0, 0);
INSERT INTO `area_code` VALUES (2571, '宝兴县', 390, 511827, 0, 0);
INSERT INTO `area_code` VALUES (2572, '巴州区', 391, 511902, 0, 0);
INSERT INTO `area_code` VALUES (2573, '通江县', 391, 511921, 0, 0);
INSERT INTO `area_code` VALUES (2574, '南江县', 391, 511922, 0, 0);
INSERT INTO `area_code` VALUES (2575, '平昌县', 391, 511923, 0, 0);
INSERT INTO `area_code` VALUES (2576, '雁江区', 392, 512002, 0, 0);
INSERT INTO `area_code` VALUES (2577, '安岳县', 392, 512021, 0, 0);
INSERT INTO `area_code` VALUES (2578, '乐至县', 392, 512022, 0, 0);
INSERT INTO `area_code` VALUES (2579, '简阳市', 375, 510185, 0, 0);
INSERT INTO `area_code` VALUES (2580, '马尔康市', 393, 513229, 0, 0);
INSERT INTO `area_code` VALUES (2581, '汶川县', 393, 513221, 0, 0);
INSERT INTO `area_code` VALUES (2582, '理县', 393, 513222, 0, 0);
INSERT INTO `area_code` VALUES (2583, '茂县', 393, 513223, 0, 0);
INSERT INTO `area_code` VALUES (2584, '松潘县', 393, 513224, 0, 0);
INSERT INTO `area_code` VALUES (2585, '九寨沟县', 393, 513225, 0, 0);
INSERT INTO `area_code` VALUES (2586, '金川县', 393, 513226, 0, 0);
INSERT INTO `area_code` VALUES (2587, '小金县', 393, 513227, 0, 0);
INSERT INTO `area_code` VALUES (2588, '黑水县', 393, 513228, 0, 0);
INSERT INTO `area_code` VALUES (2589, '壤塘县', 393, 513230, 0, 0);
INSERT INTO `area_code` VALUES (2590, '阿坝县', 393, 513231, 0, 0);
INSERT INTO `area_code` VALUES (2591, '若尔盖县', 393, 513232, 0, 0);
INSERT INTO `area_code` VALUES (2592, '红原县', 393, 513233, 0, 0);
INSERT INTO `area_code` VALUES (2593, '康定市', 394, 513301, 0, 0);
INSERT INTO `area_code` VALUES (2594, '泸定县', 394, 513322, 0, 0);
INSERT INTO `area_code` VALUES (2595, '丹巴县', 394, 513323, 0, 0);
INSERT INTO `area_code` VALUES (2596, '九龙县', 394, 513324, 0, 0);
INSERT INTO `area_code` VALUES (2597, '雅江县', 394, 513325, 0, 0);
INSERT INTO `area_code` VALUES (2598, '道孚县', 394, 513326, 0, 0);
INSERT INTO `area_code` VALUES (2599, '炉霍县', 394, 513327, 0, 0);
INSERT INTO `area_code` VALUES (2600, '甘孜县', 394, 513328, 0, 0);
INSERT INTO `area_code` VALUES (2601, '新龙县', 394, 513329, 0, 0);
INSERT INTO `area_code` VALUES (2602, '德格县', 394, 513330, 0, 0);
INSERT INTO `area_code` VALUES (2603, '白玉县', 394, 513331, 0, 0);
INSERT INTO `area_code` VALUES (2604, '石渠县', 394, 513332, 0, 0);
INSERT INTO `area_code` VALUES (2605, '色达县', 394, 513333, 0, 0);
INSERT INTO `area_code` VALUES (2606, '理塘县', 394, 513334, 0, 0);
INSERT INTO `area_code` VALUES (2607, '巴塘县', 394, 513335, 0, 0);
INSERT INTO `area_code` VALUES (2608, '乡城县', 394, 513336, 0, 0);
INSERT INTO `area_code` VALUES (2609, '稻城县', 394, 513337, 0, 0);
INSERT INTO `area_code` VALUES (2610, '得荣县', 394, 513338, 0, 0);
INSERT INTO `area_code` VALUES (2611, '西昌市', 395, 513401, 0, 0);
INSERT INTO `area_code` VALUES (2612, '木里自治县', 395, 513422, 0, 0);
INSERT INTO `area_code` VALUES (2613, '盐源县', 395, 513423, 0, 0);
INSERT INTO `area_code` VALUES (2614, '德昌县', 395, 513424, 0, 0);
INSERT INTO `area_code` VALUES (2615, '会理县', 395, 513425, 0, 0);
INSERT INTO `area_code` VALUES (2616, '会东县', 395, 513426, 0, 0);
INSERT INTO `area_code` VALUES (2617, '宁南县', 395, 513427, 0, 0);
INSERT INTO `area_code` VALUES (2618, '普格县', 395, 513428, 0, 0);
INSERT INTO `area_code` VALUES (2619, '布拖县', 395, 513429, 0, 0);
INSERT INTO `area_code` VALUES (2620, '金阳县', 395, 513430, 0, 0);
INSERT INTO `area_code` VALUES (2621, '昭觉县', 395, 513431, 0, 0);
INSERT INTO `area_code` VALUES (2622, '喜德县', 395, 513432, 0, 0);
INSERT INTO `area_code` VALUES (2623, '冕宁县', 395, 513433, 0, 0);
INSERT INTO `area_code` VALUES (2624, '越西县', 395, 513434, 0, 0);
INSERT INTO `area_code` VALUES (2625, '甘洛县', 395, 513435, 0, 0);
INSERT INTO `area_code` VALUES (2626, '美姑县', 395, 513436, 0, 0);
INSERT INTO `area_code` VALUES (2627, '雷波县', 395, 513437, 0, 0);
INSERT INTO `area_code` VALUES (2628, '观山湖区', 396, NULL, 0, 0);
INSERT INTO `area_code` VALUES (2629, '南明区', 396, 520102, 0, 0);
INSERT INTO `area_code` VALUES (2630, '云岩区', 396, 520103, 0, 0);
INSERT INTO `area_code` VALUES (2631, '花溪区', 396, 520111, 0, 0);
INSERT INTO `area_code` VALUES (2632, '乌当区', 396, 520112, 0, 0);
INSERT INTO `area_code` VALUES (2633, '白云区', 396, 520113, 0, 0);
INSERT INTO `area_code` VALUES (2634, '开阳县', 396, 520121, 0, 0);
INSERT INTO `area_code` VALUES (2635, '息烽县', 396, 520122, 0, 0);
INSERT INTO `area_code` VALUES (2636, '修文县', 396, 520123, 0, 0);
INSERT INTO `area_code` VALUES (2637, '清镇市', 396, 520181, 0, 0);
INSERT INTO `area_code` VALUES (2638, '钟山区', 397, 520201, 0, 0);
INSERT INTO `area_code` VALUES (2639, '六枝特区', 397, 520203, 0, 0);
INSERT INTO `area_code` VALUES (2640, '水城县', 397, 520221, 0, 0);
INSERT INTO `area_code` VALUES (2641, '盘州市', 397, 520281, 0, 0);
INSERT INTO `area_code` VALUES (2642, '红花岗区', 398, 520302, 0, 0);
INSERT INTO `area_code` VALUES (2643, '汇川区', 398, 520303, 0, 0);
INSERT INTO `area_code` VALUES (2644, '播州区', 398, 520304, 0, 0);
INSERT INTO `area_code` VALUES (2645, '桐梓县', 398, 520322, 0, 0);
INSERT INTO `area_code` VALUES (2646, '绥阳县', 398, 520323, 0, 0);
INSERT INTO `area_code` VALUES (2647, '正安县', 398, 520324, 0, 0);
INSERT INTO `area_code` VALUES (2648, '道真自治县', 398, 520325, 0, 0);
INSERT INTO `area_code` VALUES (2649, '务川自治县', 398, 520326, 0, 0);
INSERT INTO `area_code` VALUES (2650, '凤冈县', 398, 520327, 0, 0);
INSERT INTO `area_code` VALUES (2651, '湄潭县', 398, 520328, 0, 0);
INSERT INTO `area_code` VALUES (2652, '余庆县', 398, 520329, 0, 0);
INSERT INTO `area_code` VALUES (2653, '习水县', 398, 520330, 0, 0);
INSERT INTO `area_code` VALUES (2654, '赤水市', 398, 520381, 0, 0);
INSERT INTO `area_code` VALUES (2655, '仁怀市', 398, 520382, 0, 0);
INSERT INTO `area_code` VALUES (2656, '西秀区', 399, 520402, 0, 0);
INSERT INTO `area_code` VALUES (2657, '平坝区', 399, 520403, 0, 0);
INSERT INTO `area_code` VALUES (2658, '普定县', 399, 520422, 0, 0);
INSERT INTO `area_code` VALUES (2659, '镇宁自治县', 399, 520423, 0, 0);
INSERT INTO `area_code` VALUES (2660, '关岭自治县', 399, 520424, 0, 0);
INSERT INTO `area_code` VALUES (2661, '紫云自治县', 399, 520425, 0, 0);
INSERT INTO `area_code` VALUES (2662, '七星关区', 400, 520502, 0, 0);
INSERT INTO `area_code` VALUES (2663, '大方县', 400, 520521, 0, 0);
INSERT INTO `area_code` VALUES (2664, '黔西县', 400, 520522, 0, 0);
INSERT INTO `area_code` VALUES (2665, '金沙县', 400, 520523, 0, 0);
INSERT INTO `area_code` VALUES (2666, '织金县', 400, 520524, 0, 0);
INSERT INTO `area_code` VALUES (2667, '纳雍县', 400, 520525, 0, 0);
INSERT INTO `area_code` VALUES (2668, '威宁自治县', 400, 520526, 0, 0);
INSERT INTO `area_code` VALUES (2669, '赫章县', 400, 520527, 0, 0);
INSERT INTO `area_code` VALUES (2670, '碧江区', 401, 520602, 0, 0);
INSERT INTO `area_code` VALUES (2671, '万山区', 401, 520603, 0, 0);
INSERT INTO `area_code` VALUES (2672, '江口县', 401, 520621, 0, 0);
INSERT INTO `area_code` VALUES (2673, '玉屏自治县', 401, 520622, 0, 0);
INSERT INTO `area_code` VALUES (2674, '石阡县', 401, 520623, 0, 0);
INSERT INTO `area_code` VALUES (2675, '思南县', 401, 520624, 0, 0);
INSERT INTO `area_code` VALUES (2676, '印江自治县', 401, 520625, 0, 0);
INSERT INTO `area_code` VALUES (2677, '德江县', 401, 520626, 0, 0);
INSERT INTO `area_code` VALUES (2678, '沿河自治县', 401, 520627, 0, 0);
INSERT INTO `area_code` VALUES (2679, '松桃自治县', 401, 520628, 0, 0);
INSERT INTO `area_code` VALUES (2680, '兴义市', 402, 522301, 0, 0);
INSERT INTO `area_code` VALUES (2681, '兴仁市', 402, 522322, 0, 0);
INSERT INTO `area_code` VALUES (2682, '普安县', 402, 522323, 0, 0);
INSERT INTO `area_code` VALUES (2683, '晴隆县', 402, 522324, 0, 0);
INSERT INTO `area_code` VALUES (2684, '贞丰县', 402, 522325, 0, 0);
INSERT INTO `area_code` VALUES (2685, '望谟县', 402, 522326, 0, 0);
INSERT INTO `area_code` VALUES (2686, '册亨县', 402, 522327, 0, 0);
INSERT INTO `area_code` VALUES (2687, '安龙县', 402, 522328, 0, 0);
INSERT INTO `area_code` VALUES (2688, '凯里市', 403, 522601, 0, 0);
INSERT INTO `area_code` VALUES (2689, '黄平县', 403, 522622, 0, 0);
INSERT INTO `area_code` VALUES (2690, '施秉县', 403, 522623, 0, 0);
INSERT INTO `area_code` VALUES (2691, '三穗县', 403, 522624, 0, 0);
INSERT INTO `area_code` VALUES (2692, '镇远县', 403, 522625, 0, 0);
INSERT INTO `area_code` VALUES (2693, '岑巩县', 403, 522626, 0, 0);
INSERT INTO `area_code` VALUES (2694, '天柱县', 403, 522627, 0, 0);
INSERT INTO `area_code` VALUES (2695, '锦屏县', 403, 522628, 0, 0);
INSERT INTO `area_code` VALUES (2696, '剑河县', 403, 522629, 0, 0);
INSERT INTO `area_code` VALUES (2697, '台江县', 403, 522630, 0, 0);
INSERT INTO `area_code` VALUES (2698, '黎平县', 403, 522631, 0, 0);
INSERT INTO `area_code` VALUES (2699, '榕江县', 403, 522632, 0, 0);
INSERT INTO `area_code` VALUES (2700, '从江县', 403, 522633, 0, 0);
INSERT INTO `area_code` VALUES (2701, '雷山县', 403, 522634, 0, 0);
INSERT INTO `area_code` VALUES (2702, '麻江县', 403, 522635, 0, 0);
INSERT INTO `area_code` VALUES (2703, '丹寨县', 403, 522636, 0, 0);
INSERT INTO `area_code` VALUES (2704, '都匀市', 404, 522701, 0, 0);
INSERT INTO `area_code` VALUES (2705, '福泉市', 404, 522702, 0, 0);
INSERT INTO `area_code` VALUES (2706, '荔波县', 404, 522722, 0, 0);
INSERT INTO `area_code` VALUES (2707, '贵定县', 404, 522723, 0, 0);
INSERT INTO `area_code` VALUES (2708, '瓮安县', 404, 522725, 0, 0);
INSERT INTO `area_code` VALUES (2709, '独山县', 404, 522726, 0, 0);
INSERT INTO `area_code` VALUES (2710, '平塘县', 404, 522727, 0, 0);
INSERT INTO `area_code` VALUES (2711, '罗甸县', 404, 522728, 0, 0);
INSERT INTO `area_code` VALUES (2712, '长顺县', 404, 522729, 0, 0);
INSERT INTO `area_code` VALUES (2713, '龙里县', 404, 522730, 0, 0);
INSERT INTO `area_code` VALUES (2714, '惠水县', 404, 522731, 0, 0);
INSERT INTO `area_code` VALUES (2715, '三都自治县', 404, 522732, 0, 0);
INSERT INTO `area_code` VALUES (2716, '五华区', 405, 530102, 0, 0);
INSERT INTO `area_code` VALUES (2717, '盘龙区', 405, 530103, 0, 0);
INSERT INTO `area_code` VALUES (2718, '官渡区', 405, 530111, 0, 0);
INSERT INTO `area_code` VALUES (2719, '西山区', 405, 530112, 0, 0);
INSERT INTO `area_code` VALUES (2720, '东川区', 405, 530113, 0, 0);
INSERT INTO `area_code` VALUES (2721, '呈贡区', 405, 530114, 0, 0);
INSERT INTO `area_code` VALUES (2722, '晋宁区', 405, 530115, 0, 0);
INSERT INTO `area_code` VALUES (2723, '富民县', 405, 530124, 0, 0);
INSERT INTO `area_code` VALUES (2724, '宜良县', 405, 530125, 0, 0);
INSERT INTO `area_code` VALUES (2725, '石林自治县', 405, 530126, 0, 0);
INSERT INTO `area_code` VALUES (2726, '嵩明县', 405, 530127, 0, 0);
INSERT INTO `area_code` VALUES (2727, '禄劝自治县', 405, 530128, 0, 0);
INSERT INTO `area_code` VALUES (2728, '寻甸自治县', 405, 530129, 0, 0);
INSERT INTO `area_code` VALUES (2729, '安宁市', 405, 530181, 0, 0);
INSERT INTO `area_code` VALUES (2730, '麒麟区', 406, 530302, 0, 0);
INSERT INTO `area_code` VALUES (2731, '马龙区', 406, 530304, 0, 0);
INSERT INTO `area_code` VALUES (2732, '陆良县', 406, 530322, 0, 0);
INSERT INTO `area_code` VALUES (2733, '师宗县', 406, 530323, 0, 0);
INSERT INTO `area_code` VALUES (2734, '罗平县', 406, 530324, 0, 0);
INSERT INTO `area_code` VALUES (2735, '富源县', 406, 530325, 0, 0);
INSERT INTO `area_code` VALUES (2736, '会泽县', 406, 530326, 0, 0);
INSERT INTO `area_code` VALUES (2737, '沾益区', 406, 530303, 0, 0);
INSERT INTO `area_code` VALUES (2738, '宣威市', 406, 530381, 0, 0);
INSERT INTO `area_code` VALUES (2739, '红塔区', 407, 530402, 0, 0);
INSERT INTO `area_code` VALUES (2740, '江川区', 407, 530421, 0, 0);
INSERT INTO `area_code` VALUES (2741, '澄江市', 407, 530481, 0, 0);
INSERT INTO `area_code` VALUES (2742, '通海县', 407, 530423, 0, 0);
INSERT INTO `area_code` VALUES (2743, '华宁县', 407, 530424, 0, 0);
INSERT INTO `area_code` VALUES (2744, '易门县', 407, 530425, 0, 0);
INSERT INTO `area_code` VALUES (2745, '峨山自治县', 407, 530426, 0, 0);
INSERT INTO `area_code` VALUES (2746, '新平自治县', 407, 530427, 0, 0);
INSERT INTO `area_code` VALUES (2747, '元江自治县', 407, 530428, 0, 0);
INSERT INTO `area_code` VALUES (2748, '昭阳区', 408, 530602, 0, 0);
INSERT INTO `area_code` VALUES (2749, '鲁甸县', 408, 530621, 0, 0);
INSERT INTO `area_code` VALUES (2750, '巧家县', 408, 530622, 0, 0);
INSERT INTO `area_code` VALUES (2751, '盐津县', 408, 530623, 0, 0);
INSERT INTO `area_code` VALUES (2752, '大关县', 408, 530624, 0, 0);
INSERT INTO `area_code` VALUES (2753, '永善县', 408, 530625, 0, 0);
INSERT INTO `area_code` VALUES (2754, '绥江县', 408, 530626, 0, 0);
INSERT INTO `area_code` VALUES (2755, '镇雄县', 408, 530627, 0, 0);
INSERT INTO `area_code` VALUES (2756, '彝良县', 408, 530628, 0, 0);
INSERT INTO `area_code` VALUES (2757, '威信县', 408, 530629, 0, 0);
INSERT INTO `area_code` VALUES (2758, '水富市', 408, 530630, 0, 0);
INSERT INTO `area_code` VALUES (2759, '古城区', 409, 530702, 0, 0);
INSERT INTO `area_code` VALUES (2760, '玉龙自治县', 409, 530721, 0, 0);
INSERT INTO `area_code` VALUES (2761, '永胜县', 409, 530722, 0, 0);
INSERT INTO `area_code` VALUES (2762, '华坪县', 409, 530723, 0, 0);
INSERT INTO `area_code` VALUES (2763, '宁蒗自治县', 409, 530724, 0, 0);
INSERT INTO `area_code` VALUES (2764, '思茅区', 410, 530802, 0, 0);
INSERT INTO `area_code` VALUES (2765, '宁洱县', 410, 530821, 0, 0);
INSERT INTO `area_code` VALUES (2766, '墨江县', 410, 530822, 0, 0);
INSERT INTO `area_code` VALUES (2767, '景东县', 410, 530823, 0, 0);
INSERT INTO `area_code` VALUES (2768, '景谷县', 410, 530824, 0, 0);
INSERT INTO `area_code` VALUES (2769, '镇沅县', 410, 530825, 0, 0);
INSERT INTO `area_code` VALUES (2770, '江城县', 410, 530826, 0, 0);
INSERT INTO `area_code` VALUES (2771, '孟连县', 410, 530827, 0, 0);
INSERT INTO `area_code` VALUES (2772, '澜沧县', 410, 530828, 0, 0);
INSERT INTO `area_code` VALUES (2773, '西盟县', 410, 530829, 0, 0);
INSERT INTO `area_code` VALUES (2774, '临翔区', 411, 530902, 0, 0);
INSERT INTO `area_code` VALUES (2775, '凤庆县', 411, 530921, 0, 0);
INSERT INTO `area_code` VALUES (2776, '云县', 411, 530922, 0, 0);
INSERT INTO `area_code` VALUES (2777, '永德县', 411, 530923, 0, 0);
INSERT INTO `area_code` VALUES (2778, '镇康县', 411, 530924, 0, 0);
INSERT INTO `area_code` VALUES (2779, '双江自治县', 411, 530925, 0, 0);
INSERT INTO `area_code` VALUES (2780, '耿马自治县', 411, 530926, 0, 0);
INSERT INTO `area_code` VALUES (2781, '沧源自治县', 411, 530927, 0, 0);
INSERT INTO `area_code` VALUES (2782, '楚雄市', 412, 532301, 0, 0);
INSERT INTO `area_code` VALUES (2783, '双柏县', 412, 532322, 0, 0);
INSERT INTO `area_code` VALUES (2784, '牟定县', 412, 532323, 0, 0);
INSERT INTO `area_code` VALUES (2785, '南华县', 412, 532324, 0, 0);
INSERT INTO `area_code` VALUES (2786, '姚安县', 412, 532325, 0, 0);
INSERT INTO `area_code` VALUES (2787, '大姚县', 412, 532326, 0, 0);
INSERT INTO `area_code` VALUES (2788, '永仁县', 412, 532327, 0, 0);
INSERT INTO `area_code` VALUES (2789, '元谋县', 412, 532328, 0, 0);
INSERT INTO `area_code` VALUES (2790, '武定县', 412, 532329, 0, 0);
INSERT INTO `area_code` VALUES (2791, '禄丰县', 412, 532331, 0, 0);
INSERT INTO `area_code` VALUES (2792, '个旧市', 413, 532501, 0, 0);
INSERT INTO `area_code` VALUES (2793, '开远市', 413, 532502, 0, 0);
INSERT INTO `area_code` VALUES (2794, '蒙自市', 413, 532503, 0, 0);
INSERT INTO `area_code` VALUES (2795, '屏边自治县', 413, 532523, 0, 0);
INSERT INTO `area_code` VALUES (2796, '建水县', 413, 532524, 0, 0);
INSERT INTO `area_code` VALUES (2797, '石屏县', 413, 532525, 0, 0);
INSERT INTO `area_code` VALUES (2798, '弥勒市', 413, 532526, 0, 0);
INSERT INTO `area_code` VALUES (2799, '泸西县', 413, 532527, 0, 0);
INSERT INTO `area_code` VALUES (2800, '元阳县', 413, 532528, 0, 0);
INSERT INTO `area_code` VALUES (2801, '红河县', 413, 532529, 0, 0);
INSERT INTO `area_code` VALUES (2802, '金平自治县', 413, 532530, 0, 0);
INSERT INTO `area_code` VALUES (2803, '绿春县', 413, 532531, 0, 0);
INSERT INTO `area_code` VALUES (2804, '河口自治县', 413, 532532, 0, 0);
INSERT INTO `area_code` VALUES (2805, '文山县', 414, 532601, 0, 0);
INSERT INTO `area_code` VALUES (2806, '砚山县', 414, 532622, 0, 0);
INSERT INTO `area_code` VALUES (2807, '西畴县', 414, 532623, 0, 0);
INSERT INTO `area_code` VALUES (2808, '麻栗坡县', 414, 532624, 0, 0);
INSERT INTO `area_code` VALUES (2809, '马关县', 414, 532625, 0, 0);
INSERT INTO `area_code` VALUES (2810, '丘北县', 414, 532626, 0, 0);
INSERT INTO `area_code` VALUES (2811, '广南县', 414, 532627, 0, 0);
INSERT INTO `area_code` VALUES (2812, '富宁县', 414, 532628, 0, 0);
INSERT INTO `area_code` VALUES (2813, '景洪市', 415, 532801, 0, 0);
INSERT INTO `area_code` VALUES (2814, '勐海县', 415, 532822, 0, 0);
INSERT INTO `area_code` VALUES (2815, '勐腊县', 415, 532823, 0, 0);
INSERT INTO `area_code` VALUES (2816, '大理市', 416, 532901, 0, 0);
INSERT INTO `area_code` VALUES (2817, '漾濞自治县', 416, 532922, 0, 0);
INSERT INTO `area_code` VALUES (2818, '祥云县', 416, 532923, 0, 0);
INSERT INTO `area_code` VALUES (2819, '宾川县', 416, 532924, 0, 0);
INSERT INTO `area_code` VALUES (2820, '弥渡县', 416, 532925, 0, 0);
INSERT INTO `area_code` VALUES (2821, '南涧自治县', 416, 532926, 0, 0);
INSERT INTO `area_code` VALUES (2822, '巍山自治县', 416, 532927, 0, 0);
INSERT INTO `area_code` VALUES (2823, '永平县', 416, 532928, 0, 0);
INSERT INTO `area_code` VALUES (2824, '云龙县', 416, 532929, 0, 0);
INSERT INTO `area_code` VALUES (2825, '洱源县', 416, 532930, 0, 0);
INSERT INTO `area_code` VALUES (2826, '剑川县', 416, 532931, 0, 0);
INSERT INTO `area_code` VALUES (2827, '鹤庆县', 416, 532932, 0, 0);
INSERT INTO `area_code` VALUES (2828, '瑞丽市', 417, 533102, 0, 0);
INSERT INTO `area_code` VALUES (2829, '芒市', 417, 533103, 0, 0);
INSERT INTO `area_code` VALUES (2830, '梁河县', 417, 533122, 0, 0);
INSERT INTO `area_code` VALUES (2831, '盈江县', 417, 533123, 0, 0);
INSERT INTO `area_code` VALUES (2832, '陇川县', 417, 533124, 0, 0);
INSERT INTO `area_code` VALUES (2833, '泸水市', 418, 533301, 0, 0);
INSERT INTO `area_code` VALUES (2834, '福贡县', 418, 533323, 0, 0);
INSERT INTO `area_code` VALUES (2835, '贡山县', 418, 533324, 0, 0);
INSERT INTO `area_code` VALUES (2836, '兰坪县', 418, 533325, 0, 0);
INSERT INTO `area_code` VALUES (2837, '香格里拉市', 419, 533421, 0, 0);
INSERT INTO `area_code` VALUES (2838, '德钦县', 419, 533422, 0, 0);
INSERT INTO `area_code` VALUES (2839, '维西县', 419, 533423, 0, 0);
INSERT INTO `area_code` VALUES (2840, '隆阳区', 420, 530502, 0, 0);
INSERT INTO `area_code` VALUES (2841, '施甸县', 420, 530521, 0, 0);
INSERT INTO `area_code` VALUES (2842, '腾冲市', 420, 530522, 0, 0);
INSERT INTO `area_code` VALUES (2843, '龙陵县', 420, 530523, 0, 0);
INSERT INTO `area_code` VALUES (2844, '昌宁县', 420, 530524, 0, 0);
INSERT INTO `area_code` VALUES (2845, '城关区', 421, 540102, 0, 0);
INSERT INTO `area_code` VALUES (2846, '林周县', 421, 540121, 0, 0);
INSERT INTO `area_code` VALUES (2847, '当雄县', 421, 540122, 0, 0);
INSERT INTO `area_code` VALUES (2848, '尼木县', 421, 540123, 0, 0);
INSERT INTO `area_code` VALUES (2849, '曲水县', 421, 540124, 0, 0);
INSERT INTO `area_code` VALUES (2850, '堆龙德庆区', 421, 540125, 0, 0);
INSERT INTO `area_code` VALUES (2851, '达孜区', 421, 540104, 0, 0);
INSERT INTO `area_code` VALUES (2852, '墨竹工卡县', 421, 540127, 0, 0);
INSERT INTO `area_code` VALUES (2853, '卡若区', 422, 542121, 0, 0);
INSERT INTO `area_code` VALUES (2854, '江达县', 422, 542122, 0, 0);
INSERT INTO `area_code` VALUES (2855, '贡觉县', 422, 542123, 0, 0);
INSERT INTO `area_code` VALUES (2856, '类乌齐县', 422, 542124, 0, 0);
INSERT INTO `area_code` VALUES (2857, '丁青县', 422, 542125, 0, 0);
INSERT INTO `area_code` VALUES (2858, '察雅县', 422, 542126, 0, 0);
INSERT INTO `area_code` VALUES (2859, '八宿县', 422, 542127, 0, 0);
INSERT INTO `area_code` VALUES (2860, '左贡县', 422, 542128, 0, 0);
INSERT INTO `area_code` VALUES (2861, '芒康县', 422, 542129, 0, 0);
INSERT INTO `area_code` VALUES (2862, '洛隆县', 422, 542132, 0, 0);
INSERT INTO `area_code` VALUES (2863, '边坝县', 422, 542133, 0, 0);
INSERT INTO `area_code` VALUES (2864, '乃东区', 423, 540502, 0, 0);
INSERT INTO `area_code` VALUES (2865, '扎囊县', 423, 540521, 0, 0);
INSERT INTO `area_code` VALUES (2866, '贡嘎县', 423, 540522, 0, 0);
INSERT INTO `area_code` VALUES (2867, '桑日县', 423, 540523, 0, 0);
INSERT INTO `area_code` VALUES (2868, '琼结县', 423, 540524, 0, 0);
INSERT INTO `area_code` VALUES (2869, '曲松县', 423, 540525, 0, 0);
INSERT INTO `area_code` VALUES (2870, '措美县', 423, 540526, 0, 0);
INSERT INTO `area_code` VALUES (2871, '洛扎县', 423, 540527, 0, 0);
INSERT INTO `area_code` VALUES (2872, '加查县', 423, 540528, 0, 0);
INSERT INTO `area_code` VALUES (2873, '隆子县', 423, 540529, 0, 0);
INSERT INTO `area_code` VALUES (2874, '错那县', 423, 540530, 0, 0);
INSERT INTO `area_code` VALUES (2875, '浪卡子县', 423, 540531, 0, 0);
INSERT INTO `area_code` VALUES (2876, '桑珠孜区', 424, 542301, 0, 0);
INSERT INTO `area_code` VALUES (2877, '南木林县', 424, 542322, 0, 0);
INSERT INTO `area_code` VALUES (2878, '江孜县', 424, 542323, 0, 0);
INSERT INTO `area_code` VALUES (2879, '定日县', 424, 542324, 0, 0);
INSERT INTO `area_code` VALUES (2880, '萨迦县', 424, 542325, 0, 0);
INSERT INTO `area_code` VALUES (2881, '拉孜县', 424, 542326, 0, 0);
INSERT INTO `area_code` VALUES (2882, '昂仁县', 424, 542327, 0, 0);
INSERT INTO `area_code` VALUES (2883, '谢通门县', 424, 542328, 0, 0);
INSERT INTO `area_code` VALUES (2884, '白朗县', 424, 542329, 0, 0);
INSERT INTO `area_code` VALUES (2885, '仁布县', 424, 542330, 0, 0);
INSERT INTO `area_code` VALUES (2886, '康马县', 424, 542331, 0, 0);
INSERT INTO `area_code` VALUES (2887, '定结县', 424, 542332, 0, 0);
INSERT INTO `area_code` VALUES (2888, '仲巴县', 424, 542333, 0, 0);
INSERT INTO `area_code` VALUES (2889, '亚东县', 424, 542334, 0, 0);
INSERT INTO `area_code` VALUES (2890, '吉隆县', 424, 542335, 0, 0);
INSERT INTO `area_code` VALUES (2891, '聂拉木县', 424, 542336, 0, 0);
INSERT INTO `area_code` VALUES (2892, '萨嘎县', 424, 542337, 0, 0);
INSERT INTO `area_code` VALUES (2893, '岗巴县', 424, 542338, 0, 0);
INSERT INTO `area_code` VALUES (2894, '双湖县', 425, 540630, 0, 0);
INSERT INTO `area_code` VALUES (2895, '色尼区', 425, 540602, 0, 0);
INSERT INTO `area_code` VALUES (2896, '嘉黎县', 425, 540621, 0, 0);
INSERT INTO `area_code` VALUES (2897, '比如县', 425, 540622, 0, 0);
INSERT INTO `area_code` VALUES (2898, '聂荣县', 425, 540623, 0, 0);
INSERT INTO `area_code` VALUES (2899, '安多县', 425, 540624, 0, 0);
INSERT INTO `area_code` VALUES (2900, '申扎县', 425, 540625, 0, 0);
INSERT INTO `area_code` VALUES (2901, '索县', 425, 540626, 0, 0);
INSERT INTO `area_code` VALUES (2902, '班戈县', 425, 540627, 0, 0);
INSERT INTO `area_code` VALUES (2903, '巴青县', 425, 540628, 0, 0);
INSERT INTO `area_code` VALUES (2904, '尼玛县', 425, 540629, 0, 0);
INSERT INTO `area_code` VALUES (2905, '普兰县', 426, 542521, 0, 0);
INSERT INTO `area_code` VALUES (2906, '札达县', 426, 542522, 0, 0);
INSERT INTO `area_code` VALUES (2907, '噶尔县', 426, 542523, 0, 0);
INSERT INTO `area_code` VALUES (2908, '日土县', 426, 542524, 0, 0);
INSERT INTO `area_code` VALUES (2909, '革吉县', 426, 542525, 0, 0);
INSERT INTO `area_code` VALUES (2910, '改则县', 426, 542526, 0, 0);
INSERT INTO `area_code` VALUES (2911, '措勤县', 426, 542527, 0, 0);
INSERT INTO `area_code` VALUES (2912, '巴宜区', 427, 540402, 0, 0);
INSERT INTO `area_code` VALUES (2913, '工布江达县', 427, 542621, 0, 0);
INSERT INTO `area_code` VALUES (2914, '米林县', 427, 542621, 0, 0);
INSERT INTO `area_code` VALUES (2915, '墨脱县', 427, 542621, 0, 0);
INSERT INTO `area_code` VALUES (2916, '波密县', 427, 542621, 0, 0);
INSERT INTO `area_code` VALUES (2917, '察隅县', 427, 542621, 0, 0);
INSERT INTO `area_code` VALUES (2918, '朗县', 427, 542621, 0, 0);
INSERT INTO `area_code` VALUES (2919, '新城区', 428, 610102, 0, 0);
INSERT INTO `area_code` VALUES (2920, '碑林区', 428, 610103, 0, 0);
INSERT INTO `area_code` VALUES (2921, '莲湖区', 428, 610104, 0, 0);
INSERT INTO `area_code` VALUES (2922, '灞桥区', 428, 610111, 0, 0);
INSERT INTO `area_code` VALUES (2923, '未央区', 428, 610112, 0, 0);
INSERT INTO `area_code` VALUES (2924, '雁塔区', 428, 610113, 0, 0);
INSERT INTO `area_code` VALUES (2925, '阎良区', 428, 610114, 0, 0);
INSERT INTO `area_code` VALUES (2926, '临潼区', 428, 610115, 0, 0);
INSERT INTO `area_code` VALUES (2927, '长安区', 428, 610116, 0, 0);
INSERT INTO `area_code` VALUES (2928, '蓝田县', 428, 610122, 0, 0);
INSERT INTO `area_code` VALUES (2929, '周至县', 428, 610124, 0, 0);
INSERT INTO `area_code` VALUES (2930, '鄠邑区', 428, 610118, 0, 0);
INSERT INTO `area_code` VALUES (2931, '高陵区', 428, 610117, 0, 0);
INSERT INTO `area_code` VALUES (2932, '王益区', 429, 610202, 0, 0);
INSERT INTO `area_code` VALUES (2933, '印台区', 429, 610203, 0, 0);
INSERT INTO `area_code` VALUES (2934, '耀州区', 429, 610204, 0, 0);
INSERT INTO `area_code` VALUES (2935, '宜君县', 429, 610222, 0, 0);
INSERT INTO `area_code` VALUES (2936, '渭滨区', 430, 610302, 0, 0);
INSERT INTO `area_code` VALUES (2937, '金台区', 430, 610303, 0, 0);
INSERT INTO `area_code` VALUES (2938, '陈仓区', 430, 610304, 0, 0);
INSERT INTO `area_code` VALUES (2939, '凤翔县', 430, 610322, 0, 0);
INSERT INTO `area_code` VALUES (2940, '岐山县', 430, 610323, 0, 0);
INSERT INTO `area_code` VALUES (2941, '扶风县', 430, 610324, 0, 0);
INSERT INTO `area_code` VALUES (2942, '眉县', 430, 610326, 0, 0);
INSERT INTO `area_code` VALUES (2943, '陇县', 430, 610327, 0, 0);
INSERT INTO `area_code` VALUES (2944, '千阳县', 430, 610328, 0, 0);
INSERT INTO `area_code` VALUES (2945, '麟游县', 430, 610329, 0, 0);
INSERT INTO `area_code` VALUES (2946, '凤县', 430, 610330, 0, 0);
INSERT INTO `area_code` VALUES (2947, '太白县', 430, 610331, 0, 0);
INSERT INTO `area_code` VALUES (2948, '秦都区', 431, 610402, 0, 0);
INSERT INTO `area_code` VALUES (2949, '杨陵区', 431, 610403, 0, 0);
INSERT INTO `area_code` VALUES (2950, '渭城区', 431, 610404, 0, 0);
INSERT INTO `area_code` VALUES (2951, '三原县', 431, 610422, 0, 0);
INSERT INTO `area_code` VALUES (2952, '泾阳县', 431, 610423, 0, 0);
INSERT INTO `area_code` VALUES (2953, '乾县', 431, 610424, 0, 0);
INSERT INTO `area_code` VALUES (2954, '礼泉县', 431, 610425, 0, 0);
INSERT INTO `area_code` VALUES (2955, '永寿县', 431, 610426, 0, 0);
INSERT INTO `area_code` VALUES (2956, '彬州市', 431, 610482, 0, 0);
INSERT INTO `area_code` VALUES (2957, '长武县', 431, 610428, 0, 0);
INSERT INTO `area_code` VALUES (2958, '旬邑县', 431, 610429, 0, 0);
INSERT INTO `area_code` VALUES (2959, '淳化县', 431, 610430, 0, 0);
INSERT INTO `area_code` VALUES (2960, '武功县', 431, 610431, 0, 0);
INSERT INTO `area_code` VALUES (2961, '兴平市', 431, 610481, 0, 0);
INSERT INTO `area_code` VALUES (2962, '临渭区', 432, 610502, 0, 0);
INSERT INTO `area_code` VALUES (2963, '华州区', 432, 610521, 0, 0);
INSERT INTO `area_code` VALUES (2964, '潼关县', 432, 610522, 0, 0);
INSERT INTO `area_code` VALUES (2965, '大荔县', 432, 610523, 0, 0);
INSERT INTO `area_code` VALUES (2966, '合阳县', 432, 610524, 0, 0);
INSERT INTO `area_code` VALUES (2967, '澄城县', 432, 610525, 0, 0);
INSERT INTO `area_code` VALUES (2968, '蒲城县', 432, 610526, 0, 0);
INSERT INTO `area_code` VALUES (2969, '白水县', 432, 610527, 0, 0);
INSERT INTO `area_code` VALUES (2970, '富平县', 432, 610528, 0, 0);
INSERT INTO `area_code` VALUES (2971, '韩城市', 432, 610581, 0, 0);
INSERT INTO `area_code` VALUES (2972, '华阴市', 432, 610582, 0, 0);
INSERT INTO `area_code` VALUES (2973, '宝塔区', 433, 610602, 0, 0);
INSERT INTO `area_code` VALUES (2974, '延长县', 433, 610621, 0, 0);
INSERT INTO `area_code` VALUES (2975, '延川县', 433, 610622, 0, 0);
INSERT INTO `area_code` VALUES (2976, '子长市', 433, 610681, 0, 0);
INSERT INTO `area_code` VALUES (2977, '安塞区', 433, 610603, 0, 0);
INSERT INTO `area_code` VALUES (2978, '志丹县', 433, 610625, 0, 0);
INSERT INTO `area_code` VALUES (2979, '吴起县', 433, 610626, 0, 0);
INSERT INTO `area_code` VALUES (2980, '甘泉县', 433, 610627, 0, 0);
INSERT INTO `area_code` VALUES (2981, '富县', 433, 610628, 0, 0);
INSERT INTO `area_code` VALUES (2982, '洛川县', 433, 610629, 0, 0);
INSERT INTO `area_code` VALUES (2983, '宜川县', 433, 610630, 0, 0);
INSERT INTO `area_code` VALUES (2984, '黄龙县', 433, 610631, 0, 0);
INSERT INTO `area_code` VALUES (2985, '黄陵县', 433, 610632, 0, 0);
INSERT INTO `area_code` VALUES (2986, '汉台区', 434, 610702, 0, 0);
INSERT INTO `area_code` VALUES (2987, '南郑区', 434, 610703, 0, 0);
INSERT INTO `area_code` VALUES (2988, '城固县', 434, 610722, 0, 0);
INSERT INTO `area_code` VALUES (2989, '洋县', 434, 610723, 0, 0);
INSERT INTO `area_code` VALUES (2990, '西乡县', 434, 610724, 0, 0);
INSERT INTO `area_code` VALUES (2991, '勉县', 434, 610725, 0, 0);
INSERT INTO `area_code` VALUES (2992, '宁强县', 434, 610726, 0, 0);
INSERT INTO `area_code` VALUES (2993, '略阳县', 434, 610727, 0, 0);
INSERT INTO `area_code` VALUES (2994, '镇巴县', 434, 610728, 0, 0);
INSERT INTO `area_code` VALUES (2995, '留坝县', 434, 610729, 0, 0);
INSERT INTO `area_code` VALUES (2996, '佛坪县', 434, 610730, 0, 0);
INSERT INTO `area_code` VALUES (2997, '榆阳区', 435, 610802, 0, 0);
INSERT INTO `area_code` VALUES (2998, '神木市', 435, 610881, 0, 0);
INSERT INTO `area_code` VALUES (2999, '府谷县', 435, 610822, 0, 0);
INSERT INTO `area_code` VALUES (3000, '横山区', 435, 610823, 0, 0);
INSERT INTO `area_code` VALUES (3001, '靖边县', 435, 610824, 0, 0);
INSERT INTO `area_code` VALUES (3002, '定边县', 435, 610825, 0, 0);
INSERT INTO `area_code` VALUES (3003, '绥德县', 435, 610826, 0, 0);
INSERT INTO `area_code` VALUES (3004, '米脂县', 435, 610827, 0, 0);
INSERT INTO `area_code` VALUES (3005, '佳县', 435, 610828, 0, 0);
INSERT INTO `area_code` VALUES (3006, '吴堡县', 435, 610829, 0, 0);
INSERT INTO `area_code` VALUES (3007, '清涧县', 435, 610830, 0, 0);
INSERT INTO `area_code` VALUES (3008, '子洲县', 435, 610831, 0, 0);
INSERT INTO `area_code` VALUES (3009, '汉滨区', 436, 610902, 0, 0);
INSERT INTO `area_code` VALUES (3010, '汉阴县', 436, 610921, 0, 0);
INSERT INTO `area_code` VALUES (3011, '石泉县', 436, 610922, 0, 0);
INSERT INTO `area_code` VALUES (3012, '宁陕县', 436, 610923, 0, 0);
INSERT INTO `area_code` VALUES (3013, '紫阳县', 436, 610924, 0, 0);
INSERT INTO `area_code` VALUES (3014, '岚皋县', 436, 610925, 0, 0);
INSERT INTO `area_code` VALUES (3015, '平利县', 436, 610926, 0, 0);
INSERT INTO `area_code` VALUES (3016, '镇坪县', 436, 610927, 0, 0);
INSERT INTO `area_code` VALUES (3017, '旬阳县', 436, 610928, 0, 0);
INSERT INTO `area_code` VALUES (3018, '白河县', 436, 610929, 0, 0);
INSERT INTO `area_code` VALUES (3019, '商州区', 437, 611002, 0, 0);
INSERT INTO `area_code` VALUES (3020, '洛南县', 437, 611021, 0, 0);
INSERT INTO `area_code` VALUES (3021, '丹凤县', 437, 611022, 0, 0);
INSERT INTO `area_code` VALUES (3022, '商南县', 437, 611023, 0, 0);
INSERT INTO `area_code` VALUES (3023, '山阳县', 437, 611024, 0, 0);
INSERT INTO `area_code` VALUES (3024, '镇安县', 437, 611025, 0, 0);
INSERT INTO `area_code` VALUES (3025, '柞水县', 437, 611026, 0, 0);
INSERT INTO `area_code` VALUES (3026, '城关区', 438, 620102, 0, 0);
INSERT INTO `area_code` VALUES (3027, '七里河区', 438, 620103, 0, 0);
INSERT INTO `area_code` VALUES (3028, '西固区', 438, 620104, 0, 0);
INSERT INTO `area_code` VALUES (3029, '安宁区', 438, 620105, 0, 0);
INSERT INTO `area_code` VALUES (3030, '红古区', 438, 620111, 0, 0);
INSERT INTO `area_code` VALUES (3031, '永登县', 438, 620121, 0, 0);
INSERT INTO `area_code` VALUES (3032, '皋兰县', 438, 620122, 0, 0);
INSERT INTO `area_code` VALUES (3033, '榆中县', 438, 620123, 0, 0);
INSERT INTO `area_code` VALUES (3034, '镜铁区', 439, 620201, 0, 0);
INSERT INTO `area_code` VALUES (3035, '长城区', 439, 620201, 0, 0);
INSERT INTO `area_code` VALUES (3036, '雄关区', 439, 620201, 0, 0);
INSERT INTO `area_code` VALUES (3037, '金川区', 440, 620302, 0, 0);
INSERT INTO `area_code` VALUES (3038, '永昌县', 440, 620321, 0, 0);
INSERT INTO `area_code` VALUES (3039, '白银区', 441, 620402, 0, 0);
INSERT INTO `area_code` VALUES (3040, '平川区', 441, 620403, 0, 0);
INSERT INTO `area_code` VALUES (3041, '靖远县', 441, 620421, 0, 0);
INSERT INTO `area_code` VALUES (3042, '会宁县', 441, 620422, 0, 0);
INSERT INTO `area_code` VALUES (3043, '景泰县', 441, 620423, 0, 0);
INSERT INTO `area_code` VALUES (3044, '秦州区', 442, 620502, 0, 0);
INSERT INTO `area_code` VALUES (3045, '麦积区', 442, 620503, 0, 0);
INSERT INTO `area_code` VALUES (3046, '清水县', 442, 620521, 0, 0);
INSERT INTO `area_code` VALUES (3047, '秦安县', 442, 620522, 0, 0);
INSERT INTO `area_code` VALUES (3048, '甘谷县', 442, 620523, 0, 0);
INSERT INTO `area_code` VALUES (3049, '武山县', 442, 620524, 0, 0);
INSERT INTO `area_code` VALUES (3050, '张家川自治县', 442, 620525, 0, 0);
INSERT INTO `area_code` VALUES (3051, '凉州区', 443, 620602, 0, 0);
INSERT INTO `area_code` VALUES (3052, '民勤县', 443, 620621, 0, 0);
INSERT INTO `area_code` VALUES (3053, '古浪县', 443, 620622, 0, 0);
INSERT INTO `area_code` VALUES (3054, '天祝自治县', 443, 620623, 0, 0);
INSERT INTO `area_code` VALUES (3055, '甘州区', 444, 620702, 0, 0);
INSERT INTO `area_code` VALUES (3056, '肃南自治县', 444, 620721, 0, 0);
INSERT INTO `area_code` VALUES (3057, '民乐县', 444, 620722, 0, 0);
INSERT INTO `area_code` VALUES (3058, '临泽县', 444, 620723, 0, 0);
INSERT INTO `area_code` VALUES (3059, '高台县', 444, 620724, 0, 0);
INSERT INTO `area_code` VALUES (3060, '山丹县', 444, 620725, 0, 0);
INSERT INTO `area_code` VALUES (3061, '崆峒区', 445, 620802, 0, 0);
INSERT INTO `area_code` VALUES (3062, '泾川县', 445, 620821, 0, 0);
INSERT INTO `area_code` VALUES (3063, '灵台县', 445, 620822, 0, 0);
INSERT INTO `area_code` VALUES (3064, '崇信县', 445, 620823, 0, 0);
INSERT INTO `area_code` VALUES (3065, '华亭市', 445, 620881, 0, 0);
INSERT INTO `area_code` VALUES (3066, '庄浪县', 445, 620825, 0, 0);
INSERT INTO `area_code` VALUES (3067, '静宁县', 445, 620826, 0, 0);
INSERT INTO `area_code` VALUES (3068, '肃州区', 446, 620902, 0, 0);
INSERT INTO `area_code` VALUES (3069, '金塔县', 446, 620921, 0, 0);
INSERT INTO `area_code` VALUES (3070, '瓜州县', 446, 620922, 0, 0);
INSERT INTO `area_code` VALUES (3071, '肃北自治县', 446, 620923, 0, 0);
INSERT INTO `area_code` VALUES (3072, '阿克塞自治县', 446, 620924, 0, 0);
INSERT INTO `area_code` VALUES (3073, '玉门市', 446, 620981, 0, 0);
INSERT INTO `area_code` VALUES (3074, '敦煌市', 446, 620982, 0, 0);
INSERT INTO `area_code` VALUES (3075, '西峰区', 447, 621002, 0, 0);
INSERT INTO `area_code` VALUES (3076, '庆城县', 447, 621021, 0, 0);
INSERT INTO `area_code` VALUES (3077, '环县', 447, 621022, 0, 0);
INSERT INTO `area_code` VALUES (3078, '华池县', 447, 621023, 0, 0);
INSERT INTO `area_code` VALUES (3079, '合水县', 447, 621024, 0, 0);
INSERT INTO `area_code` VALUES (3080, '正宁县', 447, 621025, 0, 0);
INSERT INTO `area_code` VALUES (3081, '宁县', 447, 621026, 0, 0);
INSERT INTO `area_code` VALUES (3082, '镇原县', 447, 621027, 0, 0);
INSERT INTO `area_code` VALUES (3083, '安定区', 448, 621102, 0, 0);
INSERT INTO `area_code` VALUES (3084, '通渭县', 448, 621121, 0, 0);
INSERT INTO `area_code` VALUES (3085, '陇西县', 448, 621122, 0, 0);
INSERT INTO `area_code` VALUES (3086, '渭源县', 448, 621123, 0, 0);
INSERT INTO `area_code` VALUES (3087, '临洮县', 448, 621124, 0, 0);
INSERT INTO `area_code` VALUES (3088, '漳县', 448, 621125, 0, 0);
INSERT INTO `area_code` VALUES (3089, '岷县', 448, 621126, 0, 0);
INSERT INTO `area_code` VALUES (3090, '武都区', 449, 621202, 0, 0);
INSERT INTO `area_code` VALUES (3091, '成县', 449, 621221, 0, 0);
INSERT INTO `area_code` VALUES (3092, '文县', 449, 621222, 0, 0);
INSERT INTO `area_code` VALUES (3093, '宕昌县', 449, 621223, 0, 0);
INSERT INTO `area_code` VALUES (3094, '康县', 449, 621224, 0, 0);
INSERT INTO `area_code` VALUES (3095, '西和县', 449, 621225, 0, 0);
INSERT INTO `area_code` VALUES (3096, '礼县', 449, 621226, 0, 0);
INSERT INTO `area_code` VALUES (3097, '徽县', 449, 621227, 0, 0);
INSERT INTO `area_code` VALUES (3098, '两当县', 449, 621228, 0, 0);
INSERT INTO `area_code` VALUES (3099, '临夏市', 450, 622901, 0, 0);
INSERT INTO `area_code` VALUES (3100, '临夏县', 450, 622921, 0, 0);
INSERT INTO `area_code` VALUES (3101, '康乐县', 450, 622922, 0, 0);
INSERT INTO `area_code` VALUES (3102, '永靖县', 450, 622923, 0, 0);
INSERT INTO `area_code` VALUES (3103, '广河县', 450, 622924, 0, 0);
INSERT INTO `area_code` VALUES (3104, '和政县', 450, 622925, 0, 0);
INSERT INTO `area_code` VALUES (3105, '东乡族自治县', 450, 622926, 0, 0);
INSERT INTO `area_code` VALUES (3106, '积石山自治县', 450, 622927, 0, 0);
INSERT INTO `area_code` VALUES (3107, '合作市', 451, 623001, 0, 0);
INSERT INTO `area_code` VALUES (3108, '临潭县', 451, 623021, 0, 0);
INSERT INTO `area_code` VALUES (3109, '卓尼县', 451, 623022, 0, 0);
INSERT INTO `area_code` VALUES (3110, '舟曲县', 451, 623023, 0, 0);
INSERT INTO `area_code` VALUES (3111, '迭部县', 451, 623024, 0, 0);
INSERT INTO `area_code` VALUES (3112, '玛曲县', 451, 623025, 0, 0);
INSERT INTO `area_code` VALUES (3113, '碌曲县', 451, 623026, 0, 0);
INSERT INTO `area_code` VALUES (3114, '夏河县', 451, 623027, 0, 0);
INSERT INTO `area_code` VALUES (3115, '城东区', 452, 630102, 0, 0);
INSERT INTO `area_code` VALUES (3116, '城中区', 452, 630103, 0, 0);
INSERT INTO `area_code` VALUES (3117, '城西区', 452, 630104, 0, 0);
INSERT INTO `area_code` VALUES (3118, '城北区', 452, 630105, 0, 0);
INSERT INTO `area_code` VALUES (3119, '大通自治县', 452, 630121, 0, 0);
INSERT INTO `area_code` VALUES (3120, '湟中区', 452, 630106, 0, 0);
INSERT INTO `area_code` VALUES (3121, '湟源县', 452, 630123, 0, 0);
INSERT INTO `area_code` VALUES (3122, '乐都区', 453, 630202, 0, 0);
INSERT INTO `area_code` VALUES (3123, '平安区', 453, 632121, 0, 0);
INSERT INTO `area_code` VALUES (3124, '民和自治县', 453, 632122, 0, 0);
INSERT INTO `area_code` VALUES (3125, '互助自治县', 453, 632126, 0, 0);
INSERT INTO `area_code` VALUES (3126, '化隆自治县', 453, 632127, 0, 0);
INSERT INTO `area_code` VALUES (3127, '循化自治县', 453, 632128, 0, 0);
INSERT INTO `area_code` VALUES (3128, '门源自治县', 454, 632221, 0, 0);
INSERT INTO `area_code` VALUES (3129, '祁连县', 454, 632222, 0, 0);
INSERT INTO `area_code` VALUES (3130, '海晏县', 454, 632223, 0, 0);
INSERT INTO `area_code` VALUES (3131, '刚察县', 454, 632224, 0, 0);
INSERT INTO `area_code` VALUES (3132, '同仁县', 455, 632321, 0, 0);
INSERT INTO `area_code` VALUES (3133, '尖扎县', 455, 632322, 0, 0);
INSERT INTO `area_code` VALUES (3134, '泽库县', 455, 632323, 0, 0);
INSERT INTO `area_code` VALUES (3135, '河南自治县', 455, 632324, 0, 0);
INSERT INTO `area_code` VALUES (3136, '共和县', 456, 632521, 0, 0);
INSERT INTO `area_code` VALUES (3137, '同德县', 456, 632522, 0, 0);
INSERT INTO `area_code` VALUES (3138, '贵德县', 456, 632523, 0, 0);
INSERT INTO `area_code` VALUES (3139, '兴海县', 456, 632524, 0, 0);
INSERT INTO `area_code` VALUES (3140, '贵南县', 456, 632525, 0, 0);
INSERT INTO `area_code` VALUES (3141, '玛沁县', 457, 632621, 0, 0);
INSERT INTO `area_code` VALUES (3142, '班玛县', 457, 632622, 0, 0);
INSERT INTO `area_code` VALUES (3143, '甘德县', 457, 632623, 0, 0);
INSERT INTO `area_code` VALUES (3144, '达日县', 457, 632624, 0, 0);
INSERT INTO `area_code` VALUES (3145, '久治县', 457, 632625, 0, 0);
INSERT INTO `area_code` VALUES (3146, '玛多县', 457, 632626, 0, 0);
INSERT INTO `area_code` VALUES (3147, '玉树市', 458, 632721, 0, 0);
INSERT INTO `area_code` VALUES (3148, '杂多县', 458, 632722, 0, 0);
INSERT INTO `area_code` VALUES (3149, '治多县', 458, 632724, 0, 0);
INSERT INTO `area_code` VALUES (3150, '囊谦县', 458, 632725, 0, 0);
INSERT INTO `area_code` VALUES (3151, '曲麻莱县', 458, 632726, 0, 0);
INSERT INTO `area_code` VALUES (3154, '茫崖市', 459, 632803, 0, 0);
INSERT INTO `area_code` VALUES (3155, '格尔木市', 459, 632801, 0, 0);
INSERT INTO `area_code` VALUES (3156, '德令哈市', 459, 632802, 0, 0);
INSERT INTO `area_code` VALUES (3157, '乌兰县', 459, 632821, 0, 0);
INSERT INTO `area_code` VALUES (3158, '都兰县', 459, 632822, 0, 0);
INSERT INTO `area_code` VALUES (3159, '天峻县', 459, 632823, 0, 0);
INSERT INTO `area_code` VALUES (3160, '兴庆区', 460, 640104, 0, 0);
INSERT INTO `area_code` VALUES (3161, '西夏区', 460, 640105, 0, 0);
INSERT INTO `area_code` VALUES (3162, '金凤区', 460, 640106, 0, 0);
INSERT INTO `area_code` VALUES (3163, '永宁县', 460, 640121, 0, 0);
INSERT INTO `area_code` VALUES (3164, '贺兰县', 460, 640122, 0, 0);
INSERT INTO `area_code` VALUES (3165, '灵武市', 460, 640181, 0, 0);
INSERT INTO `area_code` VALUES (3166, '大武口区', 461, 640202, 0, 0);
INSERT INTO `area_code` VALUES (3167, '惠农区', 461, 640205, 0, 0);
INSERT INTO `area_code` VALUES (3168, '平罗县', 461, 640221, 0, 0);
INSERT INTO `area_code` VALUES (3169, '红寺堡区', 462, NULL, 0, 0);
INSERT INTO `area_code` VALUES (3170, '利通区', 462, 640302, 0, 0);
INSERT INTO `area_code` VALUES (3171, '盐池县', 462, 640323, 0, 0);
INSERT INTO `area_code` VALUES (3172, '同心县', 462, 640324, 0, 0);
INSERT INTO `area_code` VALUES (3173, '青铜峡市', 462, 640381, 0, 0);
INSERT INTO `area_code` VALUES (3174, '原州区', 463, 640402, 0, 0);
INSERT INTO `area_code` VALUES (3175, '西吉县', 463, 640422, 0, 0);
INSERT INTO `area_code` VALUES (3176, '隆德县', 463, 640423, 0, 0);
INSERT INTO `area_code` VALUES (3177, '泾源县', 463, 640424, 0, 0);
INSERT INTO `area_code` VALUES (3178, '彭阳县', 463, 640425, 0, 0);
INSERT INTO `area_code` VALUES (3179, '沙坡头区', 464, 640502, 0, 0);
INSERT INTO `area_code` VALUES (3180, '中宁县', 464, 640521, 0, 0);
INSERT INTO `area_code` VALUES (3181, '海原县', 464, 640522, 0, 0);
INSERT INTO `area_code` VALUES (3182, '天山区', 465, 650102, 0, 0);
INSERT INTO `area_code` VALUES (3183, '沙依巴克区', 465, 650103, 0, 0);
INSERT INTO `area_code` VALUES (3184, '新市区', 465, 650104, 0, 0);
INSERT INTO `area_code` VALUES (3185, '水磨沟区', 465, 650105, 0, 0);
INSERT INTO `area_code` VALUES (3186, '头屯河区', 465, 650106, 0, 0);
INSERT INTO `area_code` VALUES (3187, '达坂城区', 465, 650107, 0, 0);
INSERT INTO `area_code` VALUES (3188, '米东区', 465, 650109, 0, 0);
INSERT INTO `area_code` VALUES (3189, '乌鲁木齐县', 465, 650121, 0, 0);
INSERT INTO `area_code` VALUES (3190, '独山子区', 466, 650202, 0, 0);
INSERT INTO `area_code` VALUES (3191, '克拉玛依区', 466, 650203, 0, 0);
INSERT INTO `area_code` VALUES (3192, '白碱滩区', 466, 650204, 0, 0);
INSERT INTO `area_code` VALUES (3193, '乌尔禾区', 466, 650205, 0, 0);
INSERT INTO `area_code` VALUES (3194, '高昌区', 467, 652101, 0, 0);
INSERT INTO `area_code` VALUES (3195, '鄯善县', 467, 652122, 0, 0);
INSERT INTO `area_code` VALUES (3196, '托克逊县', 467, 652123, 0, 0);
INSERT INTO `area_code` VALUES (3197, '伊州区', 468, 650502, 0, 0);
INSERT INTO `area_code` VALUES (3198, '巴里坤自治县', 468, 650521, 0, 0);
INSERT INTO `area_code` VALUES (3199, '伊吾县', 468, 650522, 0, 0);
INSERT INTO `area_code` VALUES (3200, '昌吉市', 469, 652301, 0, 0);
INSERT INTO `area_code` VALUES (3201, '阜康市', 469, 652302, 0, 0);
INSERT INTO `area_code` VALUES (3202, '呼图壁县', 469, 652323, 0, 0);
INSERT INTO `area_code` VALUES (3203, '玛纳斯县', 469, 652324, 0, 0);
INSERT INTO `area_code` VALUES (3204, '奇台县', 469, 652325, 0, 0);
INSERT INTO `area_code` VALUES (3205, '吉木萨尔县', 469, 652327, 0, 0);
INSERT INTO `area_code` VALUES (3206, '木垒自治县', 469, 652328, 0, 0);
INSERT INTO `area_code` VALUES (3207, '阿拉山口市', 470, NULL, 0, 0);
INSERT INTO `area_code` VALUES (3208, '博乐市', 470, 652701, 0, 0);
INSERT INTO `area_code` VALUES (3209, '精河县', 470, 652722, 0, 0);
INSERT INTO `area_code` VALUES (3210, '温泉县', 470, 652723, 0, 0);
INSERT INTO `area_code` VALUES (3211, '库尔勒市', 471, 652801, 0, 0);
INSERT INTO `area_code` VALUES (3212, '轮台县', 471, 652822, 0, 0);
INSERT INTO `area_code` VALUES (3213, '尉犁县', 471, 652823, 0, 0);
INSERT INTO `area_code` VALUES (3214, '若羌县', 471, 652824, 0, 0);
INSERT INTO `area_code` VALUES (3215, '且末县', 471, 652825, 0, 0);
INSERT INTO `area_code` VALUES (3216, '焉耆自治县', 471, 652826, 0, 0);
INSERT INTO `area_code` VALUES (3217, '和静县', 471, 652827, 0, 0);
INSERT INTO `area_code` VALUES (3218, '和硕县', 471, 652828, 0, 0);
INSERT INTO `area_code` VALUES (3219, '博湖县', 471, 652829, 0, 0);
INSERT INTO `area_code` VALUES (3220, '阿克苏市', 472, 652901, 0, 0);
INSERT INTO `area_code` VALUES (3221, '温宿县', 472, 652922, 0, 0);
INSERT INTO `area_code` VALUES (3222, '库车市', 472, 652902, 0, 0);
INSERT INTO `area_code` VALUES (3223, '沙雅县', 472, 652924, 0, 0);
INSERT INTO `area_code` VALUES (3224, '新和县', 472, 652925, 0, 0);
INSERT INTO `area_code` VALUES (3225, '拜城县', 472, 652926, 0, 0);
INSERT INTO `area_code` VALUES (3226, '乌什县', 472, 652927, 0, 0);
INSERT INTO `area_code` VALUES (3227, '阿瓦提县', 472, 652928, 0, 0);
INSERT INTO `area_code` VALUES (3228, '柯坪县', 472, 652929, 0, 0);
INSERT INTO `area_code` VALUES (3229, '阿图什市', 473, 653001, 0, 0);
INSERT INTO `area_code` VALUES (3230, '阿克陶县', 473, 653022, 0, 0);
INSERT INTO `area_code` VALUES (3231, '阿合奇县', 473, 653023, 0, 0);
INSERT INTO `area_code` VALUES (3232, '乌恰县', 473, 653024, 0, 0);
INSERT INTO `area_code` VALUES (3233, '喀什市', 474, 653101, 0, 0);
INSERT INTO `area_code` VALUES (3234, '疏附县', 474, 653121, 0, 0);
INSERT INTO `area_code` VALUES (3235, '疏勒县', 474, 653122, 0, 0);
INSERT INTO `area_code` VALUES (3236, '英吉沙县', 474, 653123, 0, 0);
INSERT INTO `area_code` VALUES (3237, '泽普县', 474, 653124, 0, 0);
INSERT INTO `area_code` VALUES (3238, '莎车县', 474, 653125, 0, 0);
INSERT INTO `area_code` VALUES (3239, '叶城县', 474, 653126, 0, 0);
INSERT INTO `area_code` VALUES (3240, '麦盖提县', 474, 653127, 0, 0);
INSERT INTO `area_code` VALUES (3241, '岳普湖县', 474, 653128, 0, 0);
INSERT INTO `area_code` VALUES (3242, '伽师县', 474, 653129, 0, 0);
INSERT INTO `area_code` VALUES (3243, '巴楚县', 474, 653130, 0, 0);
INSERT INTO `area_code` VALUES (3244, '塔什库尔干自治县', 474, 653131, 0, 0);
INSERT INTO `area_code` VALUES (3245, '和田市', 475, 653201, 0, 0);
INSERT INTO `area_code` VALUES (3246, '和田县', 475, 653221, 0, 0);
INSERT INTO `area_code` VALUES (3247, '墨玉县', 475, 653222, 0, 0);
INSERT INTO `area_code` VALUES (3248, '皮山县', 475, 653223, 0, 0);
INSERT INTO `area_code` VALUES (3249, '洛浦县', 475, 653224, 0, 0);
INSERT INTO `area_code` VALUES (3250, '策勒县', 475, 653225, 0, 0);
INSERT INTO `area_code` VALUES (3251, '于田县', 475, 653226, 0, 0);
INSERT INTO `area_code` VALUES (3252, '民丰县', 475, 653227, 0, 0);
INSERT INTO `area_code` VALUES (3253, '伊宁市', 476, 654002, 0, 0);
INSERT INTO `area_code` VALUES (3254, '奎屯市', 476, 654003, 0, 0);
INSERT INTO `area_code` VALUES (3255, '伊宁县', 476, 654021, 0, 0);
INSERT INTO `area_code` VALUES (3256, '察布查尔锡伯自治县', 476, 654022, 0, 0);
INSERT INTO `area_code` VALUES (3257, '霍城县', 476, 654023, 0, 0);
INSERT INTO `area_code` VALUES (3258, '巩留县', 476, 654024, 0, 0);
INSERT INTO `area_code` VALUES (3259, '新源县', 476, 654025, 0, 0);
INSERT INTO `area_code` VALUES (3260, '昭苏县', 476, 654026, 0, 0);
INSERT INTO `area_code` VALUES (3261, '特克斯县', 476, 654027, 0, 0);
INSERT INTO `area_code` VALUES (3262, '尼勒克县', 476, 654028, 0, 0);
INSERT INTO `area_code` VALUES (3263, '塔城市', 477, 654201, 0, 0);
INSERT INTO `area_code` VALUES (3264, '乌苏市', 477, 654202, 0, 0);
INSERT INTO `area_code` VALUES (3265, '额敏县', 477, 654221, 0, 0);
INSERT INTO `area_code` VALUES (3266, '沙湾县', 477, 654223, 0, 0);
INSERT INTO `area_code` VALUES (3267, '托里县', 477, 654224, 0, 0);
INSERT INTO `area_code` VALUES (3268, '裕民县', 477, 654225, 0, 0);
INSERT INTO `area_code` VALUES (3269, '和布克赛尔自治县', 477, 654226, 0, 0);
INSERT INTO `area_code` VALUES (3270, '阿勒泰市', 478, 654301, 0, 0);
INSERT INTO `area_code` VALUES (3271, '布尔津县', 478, 654321, 0, 0);
INSERT INTO `area_code` VALUES (3272, '富蕴县', 478, 654322, 0, 0);
INSERT INTO `area_code` VALUES (3273, '福海县', 478, 654323, 0, 0);
INSERT INTO `area_code` VALUES (3274, '哈巴河县', 478, 654324, 0, 0);
INSERT INTO `area_code` VALUES (3275, '青河县', 478, 654325, 0, 0);
INSERT INTO `area_code` VALUES (3276, '吉木乃县', 478, 654326, 0, 0);
INSERT INTO `area_code` VALUES (3277, '松山区', 485, 6300100, 0, 0);
INSERT INTO `area_code` VALUES (3278, '信义区', 485, 6300200, 0, 0);
INSERT INTO `area_code` VALUES (3279, '大安区', 485, 6300300, 0, 0);
INSERT INTO `area_code` VALUES (3280, '中山区', 485, 6300400, 0, 0);
INSERT INTO `area_code` VALUES (3281, '中正区', 485, 6300500, 0, 0);
INSERT INTO `area_code` VALUES (3282, '大同区', 485, 6300600, 0, 0);
INSERT INTO `area_code` VALUES (3283, '万华区', 485, 6300700, 0, 0);
INSERT INTO `area_code` VALUES (3284, '文山区', 485, 6300800, 0, 0);
INSERT INTO `area_code` VALUES (3285, '南港区', 485, 6300900, 0, 0);
INSERT INTO `area_code` VALUES (3286, '内湖区', 485, 6301000, 0, 0);
INSERT INTO `area_code` VALUES (3287, '士林区', 485, 6301100, 0, 0);
INSERT INTO `area_code` VALUES (3288, '北投区', 485, 6301200, 0, 0);
INSERT INTO `area_code` VALUES (3289, '盐埕区', 486, 6400100, 0, 0);
INSERT INTO `area_code` VALUES (3290, '鼓山区', 486, 6400200, 0, 0);
INSERT INTO `area_code` VALUES (3291, '左营区', 486, 6400300, 0, 0);
INSERT INTO `area_code` VALUES (3292, '楠梓区', 486, 6400400, 0, 0);
INSERT INTO `area_code` VALUES (3293, '三民区', 486, 6400500, 0, 0);
INSERT INTO `area_code` VALUES (3294, '新兴区', 486, 6400600, 0, 0);
INSERT INTO `area_code` VALUES (3295, '前金区', 486, 6400700, 0, 0);
INSERT INTO `area_code` VALUES (3296, '苓雅区', 486, 6400800, 0, 0);
INSERT INTO `area_code` VALUES (3297, '前镇区', 486, 6400900, 0, 0);
INSERT INTO `area_code` VALUES (3298, '旗津区', 486, 6401000, 0, 0);
INSERT INTO `area_code` VALUES (3299, '小港区', 486, 6401100, 0, 0);
INSERT INTO `area_code` VALUES (3300, '中正区', 487, 1001701, 0, 0);
INSERT INTO `area_code` VALUES (3301, '七堵区', 487, 1001702, 0, 0);
INSERT INTO `area_code` VALUES (3302, '暖暖区', 487, 1001703, 0, 0);
INSERT INTO `area_code` VALUES (3303, '仁爱区', 487, 1001704, 0, 0);
INSERT INTO `area_code` VALUES (3304, '中山区', 487, 1001705, 0, 0);
INSERT INTO `area_code` VALUES (3305, '安乐区', 487, 1001706, 0, 0);
INSERT INTO `area_code` VALUES (3306, '信义区', 487, 1001707, 0, 0);
INSERT INTO `area_code` VALUES (3307, '大安区', 488, NULL, 0, 0);
INSERT INTO `area_code` VALUES (3308, '神冈区', 488, NULL, 0, 0);
INSERT INTO `area_code` VALUES (3309, '石冈区', 488, NULL, 0, 0);
INSERT INTO `area_code` VALUES (3310, '东势区', 488, NULL, 0, 0);
INSERT INTO `area_code` VALUES (3311, '新社区', 488, NULL, 0, 0);
INSERT INTO `area_code` VALUES (3312, '和平区', 488, NULL, 0, 0);
INSERT INTO `area_code` VALUES (3313, '大肚区', 488, NULL, 0, 0);
INSERT INTO `area_code` VALUES (3314, '沙鹿区', 488, NULL, 0, 0);
INSERT INTO `area_code` VALUES (3315, '龙井区', 488, NULL, 0, 0);
INSERT INTO `area_code` VALUES (3316, '梧栖区', 488, NULL, 0, 0);
INSERT INTO `area_code` VALUES (3317, '清水区', 488, NULL, 0, 0);
INSERT INTO `area_code` VALUES (3318, '大甲区', 488, NULL, 0, 0);
INSERT INTO `area_code` VALUES (3319, '外埔区', 488, NULL, 0, 0);
INSERT INTO `area_code` VALUES (3320, '大雅区', 488, NULL, 0, 0);
INSERT INTO `area_code` VALUES (3321, '潭子区', 488, NULL, 0, 0);
INSERT INTO `area_code` VALUES (3322, '后里区', 488, NULL, 0, 0);
INSERT INTO `area_code` VALUES (3323, '丰原区', 488, NULL, 0, 0);
INSERT INTO `area_code` VALUES (3324, '乌日区', 488, NULL, 0, 0);
INSERT INTO `area_code` VALUES (3325, '雾峰区', 488, NULL, 0, 0);
INSERT INTO `area_code` VALUES (3326, '大里区', 488, NULL, 0, 0);
INSERT INTO `area_code` VALUES (3327, '太平区', 488, NULL, 0, 0);
INSERT INTO `area_code` VALUES (3328, '中区', 488, 1001901, 0, 0);
INSERT INTO `area_code` VALUES (3329, '东区', 488, 1001902, 0, 0);
INSERT INTO `area_code` VALUES (3330, '南区', 488, 1001903, 0, 0);
INSERT INTO `area_code` VALUES (3331, '西区', 488, 1001904, 0, 0);
INSERT INTO `area_code` VALUES (3332, '北区', 488, 1001905, 0, 0);
INSERT INTO `area_code` VALUES (3333, '西屯区', 488, 1001906, 0, 0);
INSERT INTO `area_code` VALUES (3334, '南屯区', 488, 1001907, 0, 0);
INSERT INTO `area_code` VALUES (3335, '北屯区', 488, 1001908, 0, 0);
INSERT INTO `area_code` VALUES (3336, '东区', 489, 1002101, 0, 0);
INSERT INTO `area_code` VALUES (3337, '南区', 489, 1002102, 0, 0);
INSERT INTO `area_code` VALUES (3338, '北区', 489, 1002104, 0, 0);
INSERT INTO `area_code` VALUES (3339, '安南区', 489, 1002106, 0, 0);
INSERT INTO `area_code` VALUES (3340, '安平区', 489, 1002107, 0, 0);
INSERT INTO `area_code` VALUES (3341, '中西区', 489, 1002108, 0, 0);
INSERT INTO `area_code` VALUES (3342, '东区', 490, 1001801, 0, 0);
INSERT INTO `area_code` VALUES (3343, '北区', 490, 1001802, 0, 0);
INSERT INTO `area_code` VALUES (3344, '香山区', 490, 1001803, 0, 0);
INSERT INTO `area_code` VALUES (3345, '东区', 491, 1002001, 0, 0);
INSERT INTO `area_code` VALUES (3346, '西区', 491, 1002002, 0, 0);
INSERT INTO `area_code` VALUES (3347, '板桥区', 492, NULL, 0, 0);
INSERT INTO `area_code` VALUES (3348, '瑞芳区', 492, NULL, 0, 0);
INSERT INTO `area_code` VALUES (3349, '八里区', 492, NULL, 0, 0);
INSERT INTO `area_code` VALUES (3350, '深坑区', 492, NULL, 0, 0);
INSERT INTO `area_code` VALUES (3351, '三芝区', 492, NULL, 0, 0);
INSERT INTO `area_code` VALUES (3352, '金山区', 492, NULL, 0, 0);
INSERT INTO `area_code` VALUES (3353, '万里区', 492, NULL, 0, 0);
INSERT INTO `area_code` VALUES (3354, '贡寮区', 492, NULL, 0, 0);
INSERT INTO `area_code` VALUES (3355, '石门区', 492, NULL, 0, 0);
INSERT INTO `area_code` VALUES (3356, '双溪区', 492, NULL, 0, 0);
INSERT INTO `area_code` VALUES (3357, '石碇区', 492, NULL, 0, 0);
INSERT INTO `area_code` VALUES (3358, '坪林区', 492, NULL, 0, 0);
INSERT INTO `area_code` VALUES (3359, '乌来区', 492, NULL, 0, 0);
INSERT INTO `area_code` VALUES (3360, '泰山区', 492, NULL, 0, 0);
INSERT INTO `area_code` VALUES (3361, '五股区', 492, NULL, 0, 0);
INSERT INTO `area_code` VALUES (3362, '莺歌区', 492, NULL, 0, 0);
INSERT INTO `area_code` VALUES (3363, '中和区', 492, NULL, 0, 0);
INSERT INTO `area_code` VALUES (3364, '新庄区', 492, NULL, 0, 0);
INSERT INTO `area_code` VALUES (3365, '三重区', 492, NULL, 0, 0);
INSERT INTO `area_code` VALUES (3366, '新店区', 492, NULL, 0, 0);
INSERT INTO `area_code` VALUES (3367, '土城区', 492, NULL, 0, 0);
INSERT INTO `area_code` VALUES (3368, '永和区', 492, NULL, 0, 0);
INSERT INTO `area_code` VALUES (3369, '芦洲区', 492, NULL, 0, 0);
INSERT INTO `area_code` VALUES (3370, '汐止区', 492, NULL, 0, 0);
INSERT INTO `area_code` VALUES (3371, '树林区', 492, NULL, 0, 0);
INSERT INTO `area_code` VALUES (3372, '淡水区', 492, NULL, 0, 0);
INSERT INTO `area_code` VALUES (3373, '三峡区', 492, NULL, 0, 0);
INSERT INTO `area_code` VALUES (3374, '林口区', 492, NULL, 0, 0);
INSERT INTO `area_code` VALUES (3375, '平溪区', 492, NULL, 0, 0);
INSERT INTO `area_code` VALUES (3376, '宜兰市', 493, 1000201, 0, 0);
INSERT INTO `area_code` VALUES (3377, '罗东镇', 493, 1000202, 0, 0);
INSERT INTO `area_code` VALUES (3378, '苏澳镇', 493, 1000203, 0, 0);
INSERT INTO `area_code` VALUES (3379, '头城乡', 493, 1000204, 0, 0);
INSERT INTO `area_code` VALUES (3380, '礁溪乡', 493, 1000205, 0, 0);
INSERT INTO `area_code` VALUES (3381, '壮围乡', 493, 1000206, 0, 0);
INSERT INTO `area_code` VALUES (3382, '员山乡', 493, 1000207, 0, 0);
INSERT INTO `area_code` VALUES (3383, '冬山乡', 493, 1000208, 0, 0);
INSERT INTO `area_code` VALUES (3384, '五结乡', 493, 1000209, 0, 0);
INSERT INTO `area_code` VALUES (3385, '三星乡', 493, 1000210, 0, 0);
INSERT INTO `area_code` VALUES (3386, '大同乡', 493, 1000211, 0, 0);
INSERT INTO `area_code` VALUES (3387, '南澳乡', 493, 1000212, 0, 0);
INSERT INTO `area_code` VALUES (3388, '桃园市', 494, 1000301, 0, 0);
INSERT INTO `area_code` VALUES (3389, '中坜市', 494, 1000302, 0, 0);
INSERT INTO `area_code` VALUES (3390, '大溪镇', 494, 1000303, 0, 0);
INSERT INTO `area_code` VALUES (3391, '杨梅镇', 494, 1000304, 0, 0);
INSERT INTO `area_code` VALUES (3392, '芦竹乡', 494, 1000305, 0, 0);
INSERT INTO `area_code` VALUES (3393, '大园乡', 494, 1000306, 0, 0);
INSERT INTO `area_code` VALUES (3394, '龟山乡', 494, 1000307, 0, 0);
INSERT INTO `area_code` VALUES (3395, '八德市', 494, 1000308, 0, 0);
INSERT INTO `area_code` VALUES (3396, '龙潭乡', 494, 1000309, 0, 0);
INSERT INTO `area_code` VALUES (3397, '平镇市', 494, 1000310, 0, 0);
INSERT INTO `area_code` VALUES (3398, '新屋乡', 494, 1000311, 0, 0);
INSERT INTO `area_code` VALUES (3399, '观音乡', 494, 1000312, 0, 0);
INSERT INTO `area_code` VALUES (3400, '复兴乡', 494, 1000313, 0, 0);
INSERT INTO `area_code` VALUES (3401, '竹北市', 495, 1000401, 0, 0);
INSERT INTO `area_code` VALUES (3402, '竹东镇', 495, 1000402, 0, 0);
INSERT INTO `area_code` VALUES (3403, '新埔镇', 495, 1000403, 0, 0);
INSERT INTO `area_code` VALUES (3404, '关西镇', 495, 1000404, 0, 0);
INSERT INTO `area_code` VALUES (3405, '湖口乡', 495, 1000405, 0, 0);
INSERT INTO `area_code` VALUES (3406, '新丰乡', 495, 1000406, 0, 0);
INSERT INTO `area_code` VALUES (3407, '芎林乡', 495, 1000407, 0, 0);
INSERT INTO `area_code` VALUES (3408, '横山乡', 495, 1000408, 0, 0);
INSERT INTO `area_code` VALUES (3409, '北埔乡', 495, 1000409, 0, 0);
INSERT INTO `area_code` VALUES (3410, '宝山乡', 495, 1000410, 0, 0);
INSERT INTO `area_code` VALUES (3411, '峨眉乡', 495, 1000411, 0, 0);
INSERT INTO `area_code` VALUES (3412, '尖石乡', 495, 1000412, 0, 0);
INSERT INTO `area_code` VALUES (3413, '五峰乡', 495, 1000413, 0, 0);
INSERT INTO `area_code` VALUES (3414, '苗栗市', 496, 1000501, 0, 0);
INSERT INTO `area_code` VALUES (3415, '苑里镇', 496, 1000502, 0, 0);
INSERT INTO `area_code` VALUES (3416, '通霄镇', 496, 1000503, 0, 0);
INSERT INTO `area_code` VALUES (3417, '竹南镇', 496, 1000504, 0, 0);
INSERT INTO `area_code` VALUES (3418, '头份镇', 496, 1000505, 0, 0);
INSERT INTO `area_code` VALUES (3419, '后龙镇', 496, 1000506, 0, 0);
INSERT INTO `area_code` VALUES (3420, '卓兰镇', 496, 1000507, 0, 0);
INSERT INTO `area_code` VALUES (3421, '大湖乡', 496, 1000508, 0, 0);
INSERT INTO `area_code` VALUES (3422, '公馆乡', 496, 1000509, 0, 0);
INSERT INTO `area_code` VALUES (3423, '铜锣乡', 496, 1000510, 0, 0);
INSERT INTO `area_code` VALUES (3424, '南庄乡', 496, 1000511, 0, 0);
INSERT INTO `area_code` VALUES (3425, '头屋乡', 496, 1000512, 0, 0);
INSERT INTO `area_code` VALUES (3426, '三义乡', 496, 1000513, 0, 0);
INSERT INTO `area_code` VALUES (3427, '西湖乡', 496, 1000514, 0, 0);
INSERT INTO `area_code` VALUES (3428, '造桥乡', 496, 1000515, 0, 0);
INSERT INTO `area_code` VALUES (3429, '三湾乡', 496, 1000516, 0, 0);
INSERT INTO `area_code` VALUES (3430, '狮潭乡', 496, 1000517, 0, 0);
INSERT INTO `area_code` VALUES (3431, '泰安乡', 496, 1000518, 0, 0);
INSERT INTO `area_code` VALUES (3432, '彰化市', 497, 1000701, 0, 0);
INSERT INTO `area_code` VALUES (3433, '鹿港镇', 497, 1000702, 0, 0);
INSERT INTO `area_code` VALUES (3434, '和美镇', 497, 1000703, 0, 0);
INSERT INTO `area_code` VALUES (3435, '线西乡', 497, 1000704, 0, 0);
INSERT INTO `area_code` VALUES (3436, '伸港乡', 497, 1000705, 0, 0);
INSERT INTO `area_code` VALUES (3437, '福兴乡', 497, 1000706, 0, 0);
INSERT INTO `area_code` VALUES (3438, '秀水乡', 497, 1000707, 0, 0);
INSERT INTO `area_code` VALUES (3439, '花坛乡', 497, 1000708, 0, 0);
INSERT INTO `area_code` VALUES (3440, '芬园乡', 497, 1000709, 0, 0);
INSERT INTO `area_code` VALUES (3441, '员林镇', 497, 1000710, 0, 0);
INSERT INTO `area_code` VALUES (3442, '溪湖镇', 497, 1000711, 0, 0);
INSERT INTO `area_code` VALUES (3443, '田中镇', 497, 1000712, 0, 0);
INSERT INTO `area_code` VALUES (3444, '大村乡', 497, 1000713, 0, 0);
INSERT INTO `area_code` VALUES (3445, '埔盐乡', 497, 1000714, 0, 0);
INSERT INTO `area_code` VALUES (3446, '埔心乡', 497, 1000715, 0, 0);
INSERT INTO `area_code` VALUES (3447, '永靖乡', 497, 1000716, 0, 0);
INSERT INTO `area_code` VALUES (3448, '社头乡', 497, 1000717, 0, 0);
INSERT INTO `area_code` VALUES (3449, '二水乡', 497, 1000718, 0, 0);
INSERT INTO `area_code` VALUES (3450, '北斗镇', 497, 1000719, 0, 0);
INSERT INTO `area_code` VALUES (3451, '二林镇', 497, 1000720, 0, 0);
INSERT INTO `area_code` VALUES (3452, '田尾乡', 497, 1000721, 0, 0);
INSERT INTO `area_code` VALUES (3453, '埤头乡', 497, 1000722, 0, 0);
INSERT INTO `area_code` VALUES (3454, '芳苑乡', 497, 1000723, 0, 0);
INSERT INTO `area_code` VALUES (3455, '大城乡', 497, 1000724, 0, 0);
INSERT INTO `area_code` VALUES (3456, '竹塘乡', 497, 1000725, 0, 0);
INSERT INTO `area_code` VALUES (3457, '溪州乡', 497, 1000726, 0, 0);
INSERT INTO `area_code` VALUES (3458, '南投市', 498, 1000801, 0, 0);
INSERT INTO `area_code` VALUES (3459, '南投镇', 498, 1000802, 0, 0);
INSERT INTO `area_code` VALUES (3460, '草屯镇', 498, 1000803, 0, 0);
INSERT INTO `area_code` VALUES (3461, '竹山镇', 498, 1000804, 0, 0);
INSERT INTO `area_code` VALUES (3462, '集集镇', 498, 1000805, 0, 0);
INSERT INTO `area_code` VALUES (3463, '名间乡', 498, 1000806, 0, 0);
INSERT INTO `area_code` VALUES (3464, '鹿谷乡', 498, 1000807, 0, 0);
INSERT INTO `area_code` VALUES (3465, '中寮乡', 498, 1000808, 0, 0);
INSERT INTO `area_code` VALUES (3466, '鱼池乡', 498, 1000809, 0, 0);
INSERT INTO `area_code` VALUES (3467, '国姓乡', 498, 1000810, 0, 0);
INSERT INTO `area_code` VALUES (3468, '水里乡', 498, 1000811, 0, 0);
INSERT INTO `area_code` VALUES (3469, '信义乡', 498, 1000812, 0, 0);
INSERT INTO `area_code` VALUES (3470, '仁爱乡', 498, 1000813, 0, 0);
INSERT INTO `area_code` VALUES (3471, '斗六市', 499, 1000901, 0, 0);
INSERT INTO `area_code` VALUES (3472, '斗南镇', 499, 1000902, 0, 0);
INSERT INTO `area_code` VALUES (3473, '虎尾镇', 499, 1000903, 0, 0);
INSERT INTO `area_code` VALUES (3474, '西螺镇', 499, 1000904, 0, 0);
INSERT INTO `area_code` VALUES (3475, '土库镇', 499, 1000905, 0, 0);
INSERT INTO `area_code` VALUES (3476, '北港镇', 499, 1000906, 0, 0);
INSERT INTO `area_code` VALUES (3477, '古坑乡', 499, 1000907, 0, 0);
INSERT INTO `area_code` VALUES (3478, '大埤乡', 499, 1000908, 0, 0);
INSERT INTO `area_code` VALUES (3479, '莿桐乡', 499, 1000909, 0, 0);
INSERT INTO `area_code` VALUES (3480, '林内乡', 499, 1000910, 0, 0);
INSERT INTO `area_code` VALUES (3481, '二仑乡', 499, 1000911, 0, 0);
INSERT INTO `area_code` VALUES (3482, '仑背乡', 499, 1000912, 0, 0);
INSERT INTO `area_code` VALUES (3483, '麦寮乡', 499, 1000913, 0, 0);
INSERT INTO `area_code` VALUES (3484, '东势乡', 499, 1000914, 0, 0);
INSERT INTO `area_code` VALUES (3485, '褒忠乡', 499, 1000915, 0, 0);
INSERT INTO `area_code` VALUES (3486, '台西乡', 499, 1000916, 0, 0);
INSERT INTO `area_code` VALUES (3487, '元长乡', 499, 1000917, 0, 0);
INSERT INTO `area_code` VALUES (3488, '四湖乡', 499, 1000918, 0, 0);
INSERT INTO `area_code` VALUES (3489, '口湖乡', 499, 1000919, 0, 0);
INSERT INTO `area_code` VALUES (3490, '水林乡', 499, 1000920, 0, 0);
INSERT INTO `area_code` VALUES (3491, '太保市', 500, NULL, 0, 0);
INSERT INTO `area_code` VALUES (3492, '朴子市', 500, NULL, 0, 0);
INSERT INTO `area_code` VALUES (3493, '布袋镇', 500, NULL, 0, 0);
INSERT INTO `area_code` VALUES (3494, '大林镇', 500, 10010, 0, 0);
INSERT INTO `area_code` VALUES (3495, '民雄乡', 500, 1001001, 0, 0);
INSERT INTO `area_code` VALUES (3496, '溪口乡', 500, 1001002, 0, 0);
INSERT INTO `area_code` VALUES (3497, '新港乡', 500, 1001003, 0, 0);
INSERT INTO `area_code` VALUES (3498, '六脚乡', 500, 1001004, 0, 0);
INSERT INTO `area_code` VALUES (3499, '东石乡', 500, 1001005, 0, 0);
INSERT INTO `area_code` VALUES (3500, '义竹乡', 500, 1001006, 0, 0);
INSERT INTO `area_code` VALUES (3501, '鹿草乡', 500, 1001007, 0, 0);
INSERT INTO `area_code` VALUES (3502, '水上乡', 500, 1001008, 0, 0);
INSERT INTO `area_code` VALUES (3503, '中埔乡', 500, 1001009, 0, 0);
INSERT INTO `area_code` VALUES (3504, '竹崎乡', 500, 1001010, 0, 0);
INSERT INTO `area_code` VALUES (3505, '梅山乡', 500, 1001011, 0, 0);
INSERT INTO `area_code` VALUES (3506, '番路乡', 500, 1001012, 0, 0);
INSERT INTO `area_code` VALUES (3507, '大埔乡', 500, 1001013, 0, 0);
INSERT INTO `area_code` VALUES (3508, '阿里山乡', 500, 1001014, 0, 0);
INSERT INTO `area_code` VALUES (3509, '屏东市', 501, 1001301, 0, 0);
INSERT INTO `area_code` VALUES (3510, '潮州镇', 501, 1001302, 0, 0);
INSERT INTO `area_code` VALUES (3511, '东港镇', 501, 1001303, 0, 0);
INSERT INTO `area_code` VALUES (3512, '恒春镇', 501, 1001304, 0, 0);
INSERT INTO `area_code` VALUES (3513, '万丹乡', 501, 1001305, 0, 0);
INSERT INTO `area_code` VALUES (3514, '长治乡', 501, 1001306, 0, 0);
INSERT INTO `area_code` VALUES (3515, '麟洛乡', 501, 1001307, 0, 0);
INSERT INTO `area_code` VALUES (3516, '九如乡', 501, 1001308, 0, 0);
INSERT INTO `area_code` VALUES (3517, '里港乡', 501, 1001309, 0, 0);
INSERT INTO `area_code` VALUES (3518, '盐埔乡', 501, 1001310, 0, 0);
INSERT INTO `area_code` VALUES (3519, '高树乡', 501, 1001311, 0, 0);
INSERT INTO `area_code` VALUES (3520, '万峦乡', 501, 1001312, 0, 0);
INSERT INTO `area_code` VALUES (3521, '内埔乡', 501, 1001313, 0, 0);
INSERT INTO `area_code` VALUES (3522, '竹田乡', 501, 1001314, 0, 0);
INSERT INTO `area_code` VALUES (3523, '新埤乡', 501, 1001315, 0, 0);
INSERT INTO `area_code` VALUES (3524, '枋寮乡', 501, 1001316, 0, 0);
INSERT INTO `area_code` VALUES (3525, '新园乡', 501, 1001317, 0, 0);
INSERT INTO `area_code` VALUES (3526, '崁顶乡', 501, 1001318, 0, 0);
INSERT INTO `area_code` VALUES (3527, '林边乡', 501, 1001319, 0, 0);
INSERT INTO `area_code` VALUES (3528, '南州乡', 501, 1001320, 0, 0);
INSERT INTO `area_code` VALUES (3529, '佳冬乡', 501, 1001321, 0, 0);
INSERT INTO `area_code` VALUES (3530, '琉球乡', 501, 1001322, 0, 0);
INSERT INTO `area_code` VALUES (3531, '车城乡', 501, 1001323, 0, 0);
INSERT INTO `area_code` VALUES (3532, '满州乡', 501, 1001324, 0, 0);
INSERT INTO `area_code` VALUES (3533, '枋山乡', 501, 1001325, 0, 0);
INSERT INTO `area_code` VALUES (3534, '三地门乡', 501, 1001326, 0, 0);
INSERT INTO `area_code` VALUES (3535, '雾台乡', 501, 1001327, 0, 0);
INSERT INTO `area_code` VALUES (3536, '玛家乡', 501, 1001328, 0, 0);
INSERT INTO `area_code` VALUES (3537, '泰武乡', 501, 1001329, 0, 0);
INSERT INTO `area_code` VALUES (3538, '来义乡', 501, 1001330, 0, 0);
INSERT INTO `area_code` VALUES (3539, '春日乡', 501, 1001331, 0, 0);
INSERT INTO `area_code` VALUES (3540, '狮子乡', 501, 1001332, 0, 0);
INSERT INTO `area_code` VALUES (3541, '牡丹乡', 501, 1001333, 0, 0);
INSERT INTO `area_code` VALUES (3542, '卑南乡', 502, NULL, 0, 0);
INSERT INTO `area_code` VALUES (3543, '台东市', 502, 1001401, 0, 0);
INSERT INTO `area_code` VALUES (3544, '成功镇', 502, 1001402, 0, 0);
INSERT INTO `area_code` VALUES (3545, '关山镇', 502, 1001403, 0, 0);
INSERT INTO `area_code` VALUES (3546, '鹿野乡', 502, 1001405, 0, 0);
INSERT INTO `area_code` VALUES (3547, '池上乡', 502, 1001406, 0, 0);
INSERT INTO `area_code` VALUES (3548, '东河乡', 502, 1001407, 0, 0);
INSERT INTO `area_code` VALUES (3549, '长滨乡', 502, 1001408, 0, 0);
INSERT INTO `area_code` VALUES (3550, '太麻里乡', 502, 1001409, 0, 0);
INSERT INTO `area_code` VALUES (3551, '大武乡', 502, 1001410, 0, 0);
INSERT INTO `area_code` VALUES (3552, '绿岛乡', 502, 1001411, 0, 0);
INSERT INTO `area_code` VALUES (3553, '海端乡', 502, 1001412, 0, 0);
INSERT INTO `area_code` VALUES (3554, '延平乡', 502, 1001413, 0, 0);
INSERT INTO `area_code` VALUES (3555, '金峰乡', 502, 1001414, 0, 0);
INSERT INTO `area_code` VALUES (3556, '达仁乡', 502, 1001415, 0, 0);
INSERT INTO `area_code` VALUES (3557, '兰屿乡', 502, 1001416, 0, 0);
INSERT INTO `area_code` VALUES (3558, '花莲市', 503, 1001501, 0, 0);
INSERT INTO `area_code` VALUES (3559, '凤林镇', 503, 1001502, 0, 0);
INSERT INTO `area_code` VALUES (3560, '玉里镇', 503, 1001503, 0, 0);
INSERT INTO `area_code` VALUES (3561, '新城乡', 503, 1001504, 0, 0);
INSERT INTO `area_code` VALUES (3562, '吉安乡', 503, 1001505, 0, 0);
INSERT INTO `area_code` VALUES (3563, '寿丰乡', 503, 1001506, 0, 0);
INSERT INTO `area_code` VALUES (3564, '光复乡', 503, 1001507, 0, 0);
INSERT INTO `area_code` VALUES (3565, '丰滨乡', 503, 1001508, 0, 0);
INSERT INTO `area_code` VALUES (3566, '瑞穗乡', 503, 1001509, 0, 0);
INSERT INTO `area_code` VALUES (3567, '富里乡', 503, 1001510, 0, 0);
INSERT INTO `area_code` VALUES (3568, '秀林乡', 503, 1001511, 0, 0);
INSERT INTO `area_code` VALUES (3569, '万荣乡', 503, 1001512, 0, 0);
INSERT INTO `area_code` VALUES (3570, '卓溪乡', 503, 1001513, 0, 0);
INSERT INTO `area_code` VALUES (3571, '马公市', 504, 1001601, 0, 0);
INSERT INTO `area_code` VALUES (3572, '湖西乡', 504, 1001602, 0, 0);
INSERT INTO `area_code` VALUES (3573, '白沙乡', 504, 1001603, 0, 0);
INSERT INTO `area_code` VALUES (3574, '西屿乡', 504, 1001604, 0, 0);
INSERT INTO `area_code` VALUES (3575, '望安乡', 504, 1001605, 0, 0);
INSERT INTO `area_code` VALUES (3576, '七美乡', 504, 1001606, 0, 0);
INSERT INTO `area_code` VALUES (3577, '双河市', 31, 659007, 0, 0);
INSERT INTO `area_code` VALUES (3578, '海棠区', 357, NULL, 0, 0);
INSERT INTO `area_code` VALUES (3579, '吉阳区', 357, NULL, 0, 0);
INSERT INTO `area_code` VALUES (3580, '天涯区', 357, NULL, 0, 0);
INSERT INTO `area_code` VALUES (3581, '崖州区', 357, NULL, 0, 0);
INSERT INTO `area_code` VALUES (3582, '霍尔果斯市', 476, 654004, 0, 0);
INSERT INTO `area_code` VALUES (3583, '前锋区', 388, NULL, 0, 0);
INSERT INTO `area_code` VALUES (3584, '福绵区', 350, 450903, 0, 0);
INSERT INTO `area_code` VALUES (3585, '可克达拉市', 31, 659008, 0, 0);
INSERT INTO `area_code` VALUES (7036, '龙华区', 323, 440309, 0, 0);
INSERT INTO `area_code` VALUES (7037, '坪山区', 323, 440310, 0, 0);
INSERT INTO `area_code` VALUES (7038, '昆玉市', 31, 659009, 0, 0);
INSERT INTO `area_code` VALUES (7039, '平桂区', 352, 451103, 0, 0);
INSERT INTO `area_code` VALUES (7040, '巴什区', 152, 150603, 0, 0);
INSERT INTO `area_code` VALUES (7041, '叶集区', 231, NULL, 0, 0);
INSERT INTO `area_code` VALUES (7042, '光明区', 323, 440311, 0, 0);
INSERT INTO `area_code` VALUES (7043, '龙港市', 210, 330383, 0, 0);
INSERT INTO `area_code` VALUES (7044, '胡杨河市', 31, 659010, 0, 0);
INSERT INTO `area_code` VALUES (7045, '西沙区', 358, 460300, 0, 0);
INSERT INTO `area_code` VALUES (7046, '南沙区', 358, 460300, 0, 0);
INSERT INTO `area_code` VALUES (7047, '北京市', 1, 110100, 0, 0);
INSERT INTO `area_code` VALUES (7048, '天津市', 2, 120100, 0, 0);
INSERT INTO `area_code` VALUES (7049, '上海市', 3, 310100, 0, 0);
INSERT INTO `area_code` VALUES (7050, '重庆市', 4, 500100, 0, 0);

SET FOREIGN_KEY_CHECKS = 1;

-- ----------------------------
-- Table structure for chat_msg
-- ----------------------------
DROP TABLE IF EXISTS `chat_msg`;
CREATE TABLE `chat_msg`  (
                             `msg_id` bigint NOT NULL AUTO_INCREMENT COMMENT '消息ID',
                             `content` varchar(255) CHARACTER SET utf8 COLLATE utf8_general_ci NOT NULL COMMENT '消息内容',
                             `send_id` varchar(20) CHARACTER SET utf8 COLLATE utf8_general_ci NULL DEFAULT NULL COMMENT '发送者ID',
                             `receive_id` varchar(20) CHARACTER SET utf8 COLLATE utf8_general_ci NULL DEFAULT NULL COMMENT '接收者ID',
                             `creat_time` datetime NULL DEFAULT NULL COMMENT '发送时间',
                             `readState` char(1) CHARACTER SET utf8 COLLATE utf8_general_ci NULL DEFAULT NULL COMMENT '查看状态 0未看 1已看',
                             PRIMARY KEY (`msg_id`) USING BTREE
) ENGINE = InnoDB AUTO_INCREMENT = 23 CHARACTER SET = utf8 COLLATE = utf8_general_ci ROW_FORMAT = Dynamic;

-- ----------------------------
-- Records of chat_msg
-- ----------------------------
INSERT INTO `chat_msg` VALUES (1, '啊啊', '9', '10', '2022-10-08 15:26:23', '1');
INSERT INTO `chat_msg` VALUES (2, 'ee', '10', '9', '2022-10-08 17:51:35', '1');
INSERT INTO `chat_msg` VALUES (3, 'xx', '9', '10', '2022-10-08 19:20:08', '0');
INSERT INTO `chat_msg` VALUES (4, '顶点的', '8', '10', '2022-10-26 19:34:36', '1');
INSERT INTO `chat_msg` VALUES (5, '在', '9', '10', '2022-10-08 19:44:43', '1');
INSERT INTO `chat_msg` VALUES (6, '？', '9', '10', '2022-10-08 19:44:57', '1');
INSERT INTO `chat_msg` VALUES (7, '？', '9', '10', '2022-10-08 19:45:39', '1');
INSERT INTO `chat_msg` VALUES (8, '？', '9', '10', '2022-10-08 19:47:00', '0');
INSERT INTO `chat_msg` VALUES (9, '？', '10', '9', '2022-10-08 19:47:37', '1');
INSERT INTO `chat_msg` VALUES (10, '搜索', '10', '9', '2022-10-08 19:47:46', '1');
INSERT INTO `chat_msg` VALUES (11, '我是', '10', '9', '2022-10-08 19:48:55', '1');
INSERT INTO `chat_msg` VALUES (12, '我是', '8', '9', '2022-10-08 19:49:04', '1');
INSERT INTO `chat_msg` VALUES (13, '师生', '8', '9', '2022-10-08 19:50:23', '1');
INSERT INTO `chat_msg` VALUES (14, '师生', '9', '8', '2022-10-08 20:03:21', '1');
INSERT INTO `chat_msg` VALUES (15, '啊啊', '9', '8', '2022-10-08 20:03:28', '1');
INSERT INTO `chat_msg` VALUES (23, '你是', '9', '10', '2022-10-09 16:12:17', '0');
INSERT INTO `chat_msg` VALUES (24, '不知道', '9', '10', '2022-10-09 17:01:06', '0');
INSERT INTO `chat_msg` VALUES (25, '》', '9', '10', '2022-10-09 19:14:23', '1');
INSERT INTO `chat_msg` VALUES (26, '你是二娃？', '10', '9', '2022-10-09 19:27:05', '1');
INSERT INTO `chat_msg` VALUES (27, '我是二娃，你是托尼', '9', '10', '2022-10-09 19:27:29', '1');
INSERT INTO `chat_msg` VALUES (28, '', '9', '10', '2022-10-09 19:27:29', '1');
INSERT INTO `chat_msg` VALUES (29, '测试', '10', '9', '2022-10-09 20:02:23', '1');

SET FOREIGN_KEY_CHECKS = 1;

-- ----------------------------
-- Table structure for reconciliation
-- ----------------------------
DROP TABLE IF EXISTS `reconciliation`;
CREATE TABLE `reconciliation`  (
                                   `record_id` varchar(255) CHARACTER SET utf8 COLLATE utf8_general_ci NOT NULL COMMENT '交易id',
                                   `user_id` varchar(255) CHARACTER SET utf8 COLLATE utf8_general_ci NULL DEFAULT NULL COMMENT '用户id',
                                   `order_id` varchar(255) CHARACTER SET utf8 COLLATE utf8_general_ci NOT NULL COMMENT '用于对账的订单id 或者合同id',
                                   `order_content` varchar(255) CHARACTER SET utf8 COLLATE utf8_general_ci NULL DEFAULT NULL COMMENT '订单或合同内容',
                                   `amounts_payable` decimal(10, 0) NOT NULL COMMENT '订单或合同应付金额',
                                   `amount_paid` decimal(10, 0) NOT NULL COMMENT '已付金额',
                                   `create_time` datetime NULL DEFAULT NULL COMMENT '订单或合同生成时间',
                                   `final_payment` datetime NULL DEFAULT NULL COMMENT '最后支付时间',
                                   `is_finished` char(1) CHARACTER SET utf8 COLLATE utf8_general_ci NULL DEFAULT NULL COMMENT '款项是否结清',
                                   `due_time` date NULL DEFAULT NULL COMMENT '交割时间',
                                   PRIMARY KEY (`record_id`) USING BTREE
) ENGINE = InnoDB CHARACTER SET = utf8 COLLATE = utf8_general_ci ROW_FORMAT = Dynamic;

-- ----------------------------
-- Records of reconciliation
-- ----------------------------
INSERT INTO `reconciliation` VALUES ('0d4eedaae0cb46c0b9cf8ec23886b3ee', '9', '0d4eedaae0cb46c0b9cf8ec23886b3ee', '海天酱油,', 8, 0, '2022-09-19 18:39:47', NULL, '0', '2022-09-20');
INSERT INTO `reconciliation` VALUES ('154e132f42924b30aeedcf30deb347fc', '9', '154e132f42924b30aeedcf30deb347fc', '', 2, 0, '2022-09-26 20:02:38', NULL, '0', '2022-10-10');
INSERT INTO `reconciliation` VALUES ('4721b791076e4d2496026556008acd59', '9', '4721b791076e4d2496026556008acd59', '', 2, 0, '2022-09-26 20:02:24', NULL, '0', '2022-10-10');
INSERT INTO `reconciliation` VALUES ('4e3aea3a1d1744eda79a2714b55b559b', '9', '4e3aea3a1d1744eda79a2714b55b559b', '', 2, 0, '2022-09-26 20:02:23', NULL, '0', '2022-10-10');
INSERT INTO `reconciliation` VALUES ('500dd12e035547169ddd6b7c957c65ad', '9', '500dd12e035547169ddd6b7c957c65ad', '', 2, 0, '2022-09-26 20:00:48', NULL, '0', '2022-10-10');
INSERT INTO `reconciliation` VALUES ('5b897141677d4d4ebdff0c2e092e933f', '9', '5b897141677d4d4ebdff0c2e092e933f', '', 2, 0, '2022-09-26 20:00:46', NULL, '0', '2022-10-10');
INSERT INTO `reconciliation` VALUES ('7753cc830cf441648092817d8195a4dd', '9', '7753cc830cf441648092817d8195a4dd', '', 2, 0, '2022-09-26 20:02:21', NULL, '0', '2022-10-10');
INSERT INTO `reconciliation` VALUES ('82c7a77229a24e53a17367d6d49ea0a2', '9', '82c7a77229a24e53a17367d6d49ea0a2', '', 2, 0, '2022-09-26 20:02:40', NULL, '0', '2022-10-10');
INSERT INTO `reconciliation` VALUES ('91a2c63ce81a428f83893152f65bc98a', '9', '91a2c63ce81a428f83893152f65bc98a', '农夫山泉,', 2, 0, '2022-09-19 17:34:16', NULL, '0', '2022-09-20');
INSERT INTO `reconciliation` VALUES ('bc5422c5ee1047ba842f4fb1ddf24cb0', '9', 'bc5422c5ee1047ba842f4fb1ddf24cb0', '农夫山泉,', 2, 2, '2022-09-19 08:07:31', '2022-09-19 17:35:14', '1', '2022-09-20');
INSERT INTO `reconciliation` VALUES ('ec90ffe9e91d4c179b4cae989211892f', '9', 'ec90ffe9e91d4c179b4cae989211892f', '康师傅红烧牛肉面,', 3, 0, '2022-09-19 15:45:54', NULL, '0', '2022-09-20');

SET FOREIGN_KEY_CHECKS = 1;


-- ----------------------------
-- Table structure for return_goods
-- ----------------------------
DROP TABLE IF EXISTS `return_goods`;
CREATE TABLE `return_goods`  (
                                 `return_id` varchar(255) CHARACTER SET utf8 COLLATE utf8_general_ci NOT NULL COMMENT '退换货Id',
                                 `company` varchar(255) CHARACTER SET utf8 COLLATE utf8_general_ci NOT NULL COMMENT '物流公司',
                                 `shipment_id` varchar(255) CHARACTER SET utf8 COLLATE utf8_general_ci NOT NULL COMMENT '物流单号',
                                 `order_id` varchar(255) CHARACTER SET utf8 COLLATE utf8_general_ci NOT NULL COMMENT '订单id',
                                 `contact` varchar(255) CHARACTER SET utf8 COLLATE utf8_general_ci NULL DEFAULT NULL COMMENT '联系人',
                                 `phone` varchar(255) CHARACTER SET utf8 COLLATE utf8_general_ci NULL DEFAULT NULL COMMENT '联系电话',
                                 `content` varchar(255) CHARACTER SET utf8 COLLATE utf8_general_ci NULL DEFAULT NULL COMMENT '退换货说明',
                                 PRIMARY KEY (`return_id`) USING BTREE
) ENGINE = InnoDB CHARACTER SET = utf8 COLLATE = utf8_general_ci ROW_FORMAT = Dynamic;

-- ----------------------------
-- Records of return_goods
-- ----------------------------
INSERT INTO `return_goods` VALUES ('ffc225c477d74421b0670f7c4ed4d760', '韵达', 'bc5422c5ee10', 'bc5422c5ee1047ba842f4fb1ddf24cb0', '王二麻', '18790683753', '卖不完');

SET FOREIGN_KEY_CHECKS = 1;